"uuid","nickname","country","points","overall","CRYSTAL_tier","CRYSTAL_peak","CRYSTAL_worst","CRYSTAL_value","CRYSTAL_retired","CRYSTAL_restricted","SWORD_tier","SWORD_peak","SWORD_worst","SWORD_value","SWORD_retired","SWORD_restricted","SMP_tier","SMP_peak","SMP_worst","SMP_value","SMP_retired","SMP_restricted","MACE_tier","MACE_peak","MACE_worst","MACE_value","MACE_retired","MACE_restricted","NETHERITE_POT_tier","NETHERITE_POT_peak","NETHERITE_POT_worst","NETHERITE_POT_value","NETHERITE_POT_retired","NETHERITE_POT_restricted","AXE_tier","AXE_peak","AXE_worst","AXE_value","AXE_retired","AXE_restricted"
"d10649d3-b323-4b6a-9aad-38bf66cf81e8","meteorinto","BR","59","1","","","","","","","5","6","5","6","false","false","5","7","5","6","false","false","3","3","3","3","false","false","5","5","5","6","false","false","7","7","7","20","false","false"
"aec0c315-ca03-4193-beaf-68d377d8f353","olfd","AR","56","2","","","","","","","6","6","6","10","false","false","7","7","5","20","false","false","5","5","5","6","false","false","6","6","5","10","false","false","6","6","6","10","false","false"
"68c99c91-b4a3-474d-8116-81d4bbbd886f","MilanesaMacro","AR","52","3","2","2","2","2","false","false","6","6","0","10","false","false","7","7","0","20","false","false","4","4","2","4","false","false","5","5","0","6","false","false","6","6","0","10","false","false"
"117fdb81-fc2d-4f9c-ad15-edd3d97af111","Kniess","BR","46","4","5","6","5","6","false","false","6","6","6","10","false","false","5","5","5","6","false","false","4","4","4","4","false","false","6","6","6","10","false","false","5","5","5","6","false","false"
"3ce0d045-ce57-42aa-b3fc-785212b487ed","Delicaty","BR","44","5","3","4","2","3","false","false","6","6","4","10","false","false","5","6","5","6","false","false","5","5","5","6","false","false","6","6","5","10","false","false","4","4","1","4","false","false"
"0e6ba1a2-e051-4b72-bc2d-5810211236e9","hipnose","BR","42","6","4","4","4","4","false","false","6","6","6","10","false","false","6","6","6","10","false","false","5","5","5","6","false","false","5","5","5","6","false","false","5","5","5","6","false","false"
"c52245a6-ea4e-4b1c-93a4-f0900f7f58b5","Mubraa","BR","42","7","3","3","2","3","false","false","4","6","4","4","false","false","5","6","5","6","false","false","3","3","2","3","false","false","5","5","5","6","false","false","6","6","6","10","false","false"
"053f1d53-51ad-4bb7-bb48-63dcf83e3c99","hrdt","BR","39","8","2","4","2","2","false","false","5","6","4","6","false","false","6","6","6","10","false","false","3","3","2","3","false","false","5","5","5","6","false","false","5","5","4","6","false","false"
"deee4035-3a59-45b4-9bad-b33a7f3ea8d2","Sicklezin","BR","38","9","","","","","","","3","5","3","3","false","false","6","6","5","10","false","false","5","5","3","6","false","false","5","5","4","6","false","false","6","6","5","10","false","false"
"5ed3d08f-0dea-4676-99b3-a2d1e38cfa88","Pepalux","BR","37","10","2","2","2","2","false","false","5","6","5","6","false","false","5","6","0","6","false","false","2","3","1","2","false","false","4","5","4","4","false","false","5","5","4","6","false","false"
"1b8b71f5-88b1-4b3a-b18c-ce86e8b755f0","Vivantis","BR","37","11","5","6","5","6","false","false","3","3","0","3","false","false","5","5","4","6","false","false","5","5","5","6","false","false","5","5","5","6","false","false","5","5","3","6","false","false"
"1a12ca4e-488a-475c-a07c-55e209f3e088","BrasilFailed","BR","36","12","3","3","2","3","false","false","5","6","3","6","false","false","5","6","1","6","false","false","3","3","3","3","false","false","3","4","2","3","false","false","5","5","4","6","false","false"
"2e7a436d-a926-41ba-8e26-9e883cfebf36","YoBlitzo","BR","34","13","2","2","2","2","false","false","4","5","3","4","false","false","5","6","4","6","false","false","4","4","1","4","false","false","5","5","3","6","false","false","5","5","4","6","false","false"
"fd59643b-1f76-4f7f-bd13-15efba56d9cd","Nubx_","BR","34","14","5","5","3","6","false","false","6","6","4","10","false","false","4","5","3","4","false","false","4","4","3","4","false","false","4","4","1","4","false","false","2","4","2","2","false","false"
"9583242b-a39b-405c-a8b2-08c516c3378d","Wee_gay","BR","33","15","5","5","3","6","false","false","4","5","4","4","false","false","4","5","4","4","false","false","5","5","5","6","false","false","3","3","3","3","false","false","5","5","5","6","false","false"
"9334cf4b-8fa9-4d7a-95d4-4086ac845661","Lotusz__","BR","33","16","5","7","5","6","false","false","4","5","1","4","false","false","2","2","2","2","false","false","","","","","","","3","3","3","3","false","false","2","2","2","2","false","false"
"4265e038-ff23-41d9-bb12-ff59eff469a7","Banaza","BR","32","17","3","3","2","3","false","false","3","5","3","3","false","false","6","6","5","10","false","false","3","3","3","3","false","false","4","4","3","4","false","false","5","5","3","6","false","false"
"f8cf1ee6-1590-4f6b-a378-d0b98cfff04e","Alximo","BR","32","18","5","5","4","6","false","false","5","6","5","6","false","false","6","6","3","10","false","false","","","","","","","5","5","4","6","false","false","","","","","",""
"e404ba7b-4acd-4e7f-b7f9-5d7cb4fc201a","FFranchu","AR","32","19","","","","","","","7","7","6","20","false","false","3","5","3","3","false","false","","","","","","","","","","","","","5","5","4","6","false","false"
"cc7a54cb-ad31-475e-82e6-1be834bf9474","SkibidiSIgma76","PE","32","20","3","3","1","3","false","false","6","6","5","10","false","false","5","5","3","6","false","false","3","4","3","3","false","false","5","5","5","6","false","false","3","3","2","3","false","false"
"148c66f2-ef13-4f8e-b198-53104ee2e4b5","bargsupporter","BR","32","21","2","2","2","2","false","false","4","5","3","4","false","false","6","6","2","10","false","false","5","5","3","6","false","false","4","4","4","4","false","false","4","4","4","4","false","false"
"3490a0f4-f6fb-402f-8043-361062d3c398","Acroscythh","UY","30","22","","","","","","","0","8","0","0","false","false","","","","","","","","","","","","","","","","","","","","","","","",""
"e35a9e9d-dd8a-412e-88e3-aedb07e70147","refinado","BR","29","23","5","5","4","6","false","false","6","6","5","10","false","false","4","4","4","4","false","false","1","1","1","1","false","false","4","4","4","4","false","false","4","4","4","4","false","false"
"7432b5e4-8ffb-4858-acb5-bb796b86bc53","nequg","BR","29","24","3","3","1","3","false","false","5","6","2","6","false","false","4","4","1","4","false","false","3","3","3","3","false","false","3","3","2","3","false","false","5","5","1","6","false","false"
"3f044927-65b2-4740-a0cc-ec94e0fb490b","TungTungMoon","BR","28","25","3","3","2","3","false","false","5","5","3","6","false","false","5","5","2","6","false","false","4","4","2","4","false","false","2","3","2","2","false","false","5","5","3","6","false","false"
"14c3d15b-0eef-4b9e-8eb0-1d0edd45cf30","LenelFA","PE","28","26","","","","","","","3","5","3","3","false","false","6","6","5","10","false","false","4","4","4","4","false","false","4","4","4","4","false","false","4","4","3","4","false","false"
"b7b15bc3-772f-4be4-b79b-3a69c7fe24b4","Shoyorty","BR","28","27","","","","","","","5","5","5","6","false","false","5","6","5","6","false","false","","","","","","","5","5","5","6","false","false","5","5","5","6","false","false"
"21254a6b-5f76-4e91-b7b2-8a1391015bf8","andrewlarp","BR","28","28","3","3","3","3","false","false","3","5","3","3","false","false","5","6","4","6","false","false","","","","","","","5","5","4","6","false","false","3","3","2","3","false","false"
"6b28e5b5-3f7a-446b-9e96-db12a85c0a59","Chro0nos","BR","28","29","","","","","","","3","5","3","3","false","false","5","5","4","6","false","false","5","5","2","6","false","false","4","4","3","4","false","false","5","5","3","6","false","false"
"ccdb0039-b790-4187-80de-a0b9a8dacbee","TungTungCurious","BR","27","30","2","2","2","2","false","false","4","5","3","4","false","false","5","5","3","6","false","false","5","5","2","6","false","false","3","3","3","3","false","false","4","4","3","4","false","false"
"e56e5838-8f11-4c93-b60b-3b87b3d6d485","ILoveMilanesa","AR","27","31","","","","","","","6","6","6","10","false","false","5","5","4","6","false","false","1","1","1","1","false","false","4","4","4","4","false","false","5","5","4","6","false","false"
"b8d60c20-1b33-4a3d-9f1b-ebdc7e7ee326","cooklol","BR","26","32","","","","","","","7","7","7","20","false","false","4","5","4","4","false","false","","","","","","","","","","","","","","","","","",""
"c195939b-f1d2-414b-957b-94b17208305c","kykywoah","BR","26","33","7","7","6","20","false","false","4","5","4","4","false","false","","","","","","","","","","","","","","","","","","","","","","","",""
"3b068203-3e6d-43fa-8daa-53a4aaa55317","xd3vortex","BR","26","34","3","5","3","3","false","false","4","4","3","4","false","false","4","4","4","4","false","false","3","3","3","3","false","false","5","5","5","6","false","false","3","3","3","3","false","false"
"b8b21387-0ac7-4b12-b571-f5cd4ad7e09d","tortapro","BR","26","35","5","5","5","6","false","false","4","5","4","4","false","false","3","3","3","3","false","false","4","4","3","4","false","false","3","3","3","3","false","false","4","4","3","4","false","false"
"18b57fb1-eca7-457c-803c-a0cded387fa5","MestreJapm","BR","26","36","6","6","5","10","false","false","3","4","3","3","false","false","3","3","2","3","false","false","2","2","2","2","false","false","2","4","2","2","false","false","3","3","2","3","false","false"
"a1c2367e-1397-41f1-9f40-6e7c804255d6","Vendouzz","BR","26","37","4","4","3","4","false","false","4","5","4","4","false","false","4","5","4","4","false","false","5","5","5","6","false","false","","","","","","","3","4","3","3","false","false"
"bb7883c8-1204-45a2-96e1-fd956a96396f","M1dzz","BR","26","38","3","3","3","3","false","false","4","5","2","4","false","false","5","5","3","6","false","false","3","3","2","3","false","false","4","4","2","4","false","false","4","4","3","4","false","false"
"4429304e-3add-429b-a75c-940c2478796d","djdjjd46","BR","26","39","5","5","4","6","false","false","3","3","1","3","false","false","4","5","4","4","false","false","4","4","4","4","false","false","4","4","4","4","false","false","3","3","3","3","false","false"
"9fac89ba-9ff9-4d5e-9b99-4ee4296efc8e","Heroibesta","BR","26","40","","","","","","","4","6","4","4","false","false","5","5","5","6","false","false","","","","","","","4","4","4","4","false","false","5","5","4","6","false","false"
"6de12fba-6aa6-4575-bbeb-a3001bf0ab34","Lourival_","BR","26","41","5","5","3","6","false","false","4","5","4","4","false","false","4","4","4","4","false","false","1","1","1","1","false","false","5","5","5","6","false","false","3","3","3","3","false","false"
"f7746eed-4505-45aa-99e2-5610e71f10b6","MiraMama","AR","25","42","","","","","","","6","6","3","10","false","false","4","5","3","4","false","false","","","","","","","5","5","5","6","false","false","3","3","3","3","false","false"
"177922f6-9c10-473f-8ab4-a758c709eb99","GowaTungTung","BR","25","43","5","5","2","6","false","false","0","5","0","0","false","false","3","3","3","3","false","false","4","4","2","4","false","false","3","3","2","3","false","false","3","3","3","3","false","false"
"ae82cae2-a380-4c42-9d0c-d4961cd78f2a","3Proyectados","PE","25","44","","","","","","","","","","","","","5","5","4","6","false","false","5","5","4","6","false","false","6","6","5","10","false","false","3","3","3","3","false","false"
"d83505e6-a047-4397-879e-a6fabb05d294","Santtzxx","BR","25","45","5","6","4","6","false","false","2","3","1","2","false","false","3","3","3","3","false","false","3","3","2","3","false","false","2","3","2","2","false","false","3","3","3","3","false","false"
"2309a5f3-dfe6-4c1a-8122-4a94162d253a","qwcw","BR","25","46","5","5","5","6","false","false","4","5","3","4","false","false","2","2","2","2","false","false","3","3","3","3","false","false","5","5","5","6","false","false","2","2","2","2","false","false"
"46247291-0143-4a0a-8eda-5d8382786187","jggwt","BR","25","47","","","","","","","4","4","3","4","false","false","3","3","3","3","false","false","2","2","2","2","false","false","5","5","2","6","false","false","5","6","4","6","false","false"
"5d77f8c4-814b-44a4-a6d8-ad02e65c3760","Rycaco","BR","24","48","2","3","2","2","false","false","0","4","0","0","false","false","0","4","0","0","false","false","1","5","1","1","false","false","0","3","0","0","false","false","0","4","0","0","false","false"
"a8495166-da70-40fc-83e4-4f06f462aef0","pelaah","AR","24","49","2","2","2","2","false","false","4","4","1","4","false","false","4","5","1","4","false","false","3","3","3","3","false","false","3","3","3","3","false","false","5","5","3","6","false","false"
"a3fd1b01-f4ce-4b1f-9f58-74f667277172","desumanidade","BR","24","50","","","","","","","4","5","1","4","false","false","5","6","5","6","false","false","","","","","","","4","4","4","4","false","false","4","4","4","4","false","false"
"eb9914c9-a7de-4093-86f7-87e4e41671cb","SantaDoom","BR","24","51","","","","","","","4","6","3","4","false","false","4","5","3","4","false","false","1","1","1","1","false","false","4","4","2","4","false","false","2","3","2","2","false","false"
"5ccc79c9-52c5-44b6-9832-d3133c26b478","imBlaze","BR","24","52","3","3","3","3","false","false","5","5","4","6","false","false","5","5","4","6","false","false","3","3","3","3","false","false","3","3","3","3","false","false","3","3","3","3","false","false"
"44e20b31-7985-431a-940f-e6b4bca7a296","mszx23","BR","23","53","5","5","2","6","false","false","2","3","2","2","false","false","3","3","2","3","false","false","4","4","1","4","false","false","2","3","2","2","false","false","2","4","2","2","false","false"
"a4087f0e-0ee6-4163-933e-efe75d8b0c84","drottoni","BR","23","54","3","4","3","3","false","false","3","4","3","3","false","false","4","5","3","4","false","false","3","3","3","3","false","false","3","3","1","3","false","false","3","3","2","3","false","false"
"fc413479-a8fc-40c1-929e-2efa6ceb7ce1","TungTungShingyxs","BR","23","55","","","","","","","2","4","2","2","false","false","5","5","4","6","false","false","5","5","2","6","false","false","2","3","2","2","false","false","4","4","4","4","false","false"
"978e9149-0e5b-4270-b16d-aaa8b26284ed","Theodoroo","BR","22","56","3","3","3","3","false","false","6","6","5","10","false","false","3","3","1","3","false","false","","","","","","","3","3","3","3","false","false","2","3","2","2","false","false"
"0fcce85e-2023-4377-a2ab-cb864b450cb3","guxtinhoxd","BR","22","57","6","6","5","10","false","false","4","5","4","4","false","false","3","5","3","3","false","false","","","","","","","","","","","","","","","","","",""
"fac3d524-5e9f-4b32-8024-247602a3800b","Valentin3s","BR","22","58","2","2","2","2","false","false","3","5","3","3","false","false","4","4","2","4","false","false","4","4","2","4","false","false","3","3","1","3","false","false","3","3","3","3","false","false"
"437a376e-d210-4d7b-808b-798372133a13","NearInformer","BR","22","59","2","2","2","2","false","false","4","5","2","4","false","false","4","4","4","4","false","false","2","2","2","2","false","false","3","4","3","3","false","false","4","4","4","4","false","false"
"98108c05-822f-429c-829b-de67b7ff204a","Pottaatto","BR","22","60","","","","","","","2","5","2","2","false","false","3","3","3","3","false","false","","","","","","","3","3","3","3","false","false","6","6","6","10","false","false"
"9b43c15c-c6cf-48a3-b8dd-00873ee3f5a5","gki_","BR","22","61","","","","","","","4","5","4","4","false","false","4","5","4","4","false","false","2","2","2","2","false","false","4","4","4","4","false","false","4","4","4","4","false","false"
"958076b6-cfa7-496c-a125-6a32b15e43ea","LamineYamal6742","BR","22","62","","","","","","","6","6","5","10","false","false","4","5","4","4","false","false","","","","","","","5","5","5","6","false","false","","","","","",""
"67d65914-a618-4da0-ac9e-7c05dfb5f0a9","evxngelich","BR","21","63","","","","","","","4","5","3","4","false","false","5","5","4","6","false","false","","","","","","","5","5","4","6","false","false","3","3","2","3","false","false"
"bf0af41b-200d-4688-b02e-bf57d5bd6cd6","hhent","BR","21","64","3","3","2","3","false","false","3","3","3","3","false","false","3","4","3","3","false","false","4","4","1","4","false","false","3","3","2","3","false","false","4","4","4","4","false","false"
"82b11b4f-4bee-4f78-815e-6955dbbcb465","fake2323","BR","21","65","1","1","1","1","false","false","4","5","4","4","false","false","5","5","3","6","false","false","2","2","2","2","false","false","3","3","3","3","false","false","3","3","3","3","false","false"
"19a10a5d-a44c-4479-85e6-40648fb810fc","quackkpato","BR","21","66","4","4","3","4","false","false","3","3","2","3","false","false","4","4","4","4","false","false","3","3","3","3","false","false","4","4","4","4","false","false","3","3","2","3","false","false"
"1a6a6a19-c4de-450c-8880-8692402ff2de","rafawalli","BR","21","67","2","2","2","2","false","false","2","3","2","2","false","false","5","5","4","6","false","false","2","3","1","2","false","false","4","4","2","4","false","false","3","3","3","3","false","false"
"15a31f42-8639-4542-90b2-e7b486861ca2","FinxxS2Espanha","BR","20","68","3","3","3","3","false","false","2","3","2","2","false","false","3","4","1","3","false","false","4","4","2","4","false","false","2","2","1","2","false","false","2","4","2","2","false","false"
"3c3cc46e-6127-4fd6-b1bc-f118ea8a901c","oiLuca","BR","20","69","","","","","","","4","5","2","4","false","false","5","5","3","6","false","false","4","4","4","4","false","false","","","","","","","4","4","4","4","false","false"
"0130939d-c51c-4fe6-8a33-63f9ae5bdfa5","Acrofat52","AR","20","70","","","","","","","7","7","6","20","false","false","","","","","","","","","","","","","","","","","","","","","","","",""
"696cbf91-3d75-4269-abb9-10fdbb2a1163","MiGueL_Faded","EC","20","71","","","","","","","6","7","6","10","false","false","","","","","","","","","","","","","","","","","","","","","","","",""
"9256d52a-4722-451b-a77a-6871e497b1cc","recalze","BR","20","72","","","","","","","0","5","0","0","false","false","5","5","3","6","false","false","1","1","1","1","false","false","3","4","3","3","false","false","3","3","3","3","false","false"
"85461373-0193-44ce-83ae-4f4b120fd90e","doorblebote","CL","20","73","","","","","","","","","","","","","","","","","","","7","7","5","20","false","false","","","","","","","","","","","",""
"604fedc7-810f-42b0-8a4d-780a971d6521","FemboiFlory","BR","20","74","5","5","4","6","false","false","3","3","3","3","false","false","4","4","3","4","false","false","2","2","2","2","false","false","3","3","3","3","false","false","2","2","2","2","false","false"
"78e53332-2317-4cce-934f-92945c8db23b","xrrs_","BR","20","75","5","6","1","6","false","false","2","2","1","2","false","false","1","1","1","1","false","false","2","2","1","2","false","false","4","4","4","4","false","false","1","1","1","1","false","false"
"77dad1a0-387a-4819-816e-7fb161033025","yStrykzz","BR","20","76","2","2","2","2","false","false","2","3","2","2","false","false","5","5","3","6","false","false","3","3","1","3","false","false","4","4","3","4","false","false","1","2","1","1","false","false"
"cf1408e4-ef36-4122-95bd-2c219aad202d","HellSinKy","CL","20","77","","","","","","","","","","","","","6","6","5","10","false","false","","","","","","","","","","","","","5","6","5","6","false","false"
"33ec7315-8d2e-47f2-bf07-46b0742308bb","OTF_bolsotr0n","BR","20","78","","","","","","","6","6","5","10","false","false","","","","","","","","","","","","","4","4","3","4","false","false","5","5","5","6","false","false"
"35fa6842-5f66-4b22-bcad-8e1d5b99d128","1hit_","BR","20","79","","","","","","","6","6","5","10","false","false","4","5","4","4","false","false","","","","","","","","","","","","","4","4","4","4","false","false"
"c495639f-a05d-4640-b46c-ac4a93d85eaf","pykceew","BR","20","80","","","","","","","3","5","2","3","false","false","5","5","3","6","false","false","","","","","","","5","5","3","6","false","false","2","2","2","2","false","false"
"ca0a4c4e-de4d-4347-a0f7-5da6868f0847","Dramatizer","BR","20","81","1","1","1","1","false","false","2","5","2","2","false","false","5","5","2","6","false","false","","","","","","","2","3","2","2","false","false","3","4","1","3","false","false"
"1f503f9f-8101-4a3c-b5f7-2e6be6dbbda8","OverKatheinated","CL","20","82","7","7","5","20","false","false","","","","","","","","","","","","","","","","","","","","","","","","","","","","","",""
"e8cea597-b06b-4ada-b841-1724601f8dac","ErAgg","CL","20","83","","","","","","","7","7","6","20","false","false","","","","","","","","","","","","","","","","","","","","","","","",""
"ccda08a3-c437-4f36-b436-99e3686da3c8","LyssO_O","BR","20","84","5","5","5","6","false","false","4","4","3","4","false","false","3","3","3","3","false","false","","","","","","","4","4","4","4","false","false","3","3","3","3","false","false"
"056bba81-f0bf-487f-aed9-e753621649de","ngrEli","AR","20","85","","","","","","","0","7","0","0","false","false","","","","","","","","","","","","","","","","","","","","","","","",""
"7407025c-1291-4004-8600-5125b8c40eea","iskybiel","BR","19","86","","","","","","","4","5","4","4","false","false","4","5","4","4","false","false","","","","","","","3","3","2","3","false","false","4","4","4","4","false","false"
"2a418f7e-a8af-4600-902d-5cf8d3183e15","NoHagoTrap","AR","19","87","","","","","","","3","5","3","3","false","false","5","5","3","6","false","false","3","3","3","3","false","false","","","","","","","4","4","3","4","false","false"
"288fbc84-eb07-411f-b358-9a675df91997","yAspect","BR","19","88","3","3","3","3","false","false","3","4","2","3","false","false","3","3","1","3","false","false","2","2","1","2","false","false","3","4","3","3","false","false","3","3","2","3","false","false"
"bbd6e598-16a1-4559-a274-1ed40591bd98","boomby_","UY","19","89","1","1","1","1","false","false","3","4","1","3","false","false","5","5","4","6","false","false","3","3","3","3","false","false","3","3","2","3","false","false","2","2","2","2","false","false"
"ae3d26e5-3f3f-4575-80c1-cb73cbd28d84","Mxzgz","BR","19","90","4","4","3","4","false","false","0","5","0","0","false","false","1","3","1","1","false","false","1","1","1","1","false","false","3","3","3","3","false","false","2","2","2","2","false","false"
"7aa092be-1b50-4cad-9967-d93d404a65a6","LuiEHC1","BR","19","91","3","3","2","3","false","false","4","5","1","4","false","false","4","4","3","4","false","false","","","","","","","2","4","2","2","false","false","2","2","2","2","false","false"
"c3162f74-8816-4ad9-ac9a-6e060bb73dff","ModelD","BR","19","92","2","2","2","2","false","false","2","4","2","2","false","false","4","4","2","4","false","false","3","3","1","3","false","false","3","3","3","3","false","false","3","3","1","3","false","false"
"f71ed424-4160-4f2e-8403-0305a0f2ee6f","Jaozinx__","BR","18","93","5","5","5","6","false","false","3","3","3","3","false","false","3","3","3","3","false","false","1","1","1","1","false","false","3","3","3","3","false","false","2","2","2","2","false","false"
"58c9e12f-ebb2-4c86-ac8f-e2957534b1f4","GSAutoClicker","BR","18","94","","","","","","","4","6","4","4","false","false","4","4","4","4","false","false","","","","","","","","","","","","","4","4","4","4","false","false"
"1f046c3e-97d3-4703-9203-d900926b8dc0","PelotasWarrior","BR","18","95","2","2","2","2","false","false","3","3","3","3","false","false","4","4","2","4","false","false","3","3","2","3","false","false","3","3","3","3","false","false","3","3","3","3","false","false"
"97a8e56e-6e7c-40c8-8093-a959ffa0e3b4","MilanesaDeidad","CL","18","96","","","","","","","4","5","4","4","false","false","4","5","4","4","false","false","","","","","","","5","5","5","6","false","false","","","","","",""
"f2756c4a-64cb-4113-92ef-3e9b9870d8d6","oThoel","BR","18","97","3","3","3","3","false","false","3","3","2","3","false","false","4","4","3","4","false","false","1","2","1","1","false","false","3","3","3","3","false","false","3","3","2","3","false","false"
"abd8f00f-a775-4b59-ab37-89da776d4f1f","FullWMechanics","BR","18","98","5","5","4","6","false","false","2","2","2","2","false","false","2","2","2","2","false","false","3","3","2","3","false","false","2","3","2","2","false","false","2","2","2","2","false","false"
"92475ae7-9be5-4114-91b8-48adb8b2beec","TORORO_VEM_FORTE","BR","18","99","1","2","1","1","false","false","4","4","2","4","false","false","3","3","2","3","false","false","3","3","2","3","false","false","2","3","2","2","false","false","2","3","2","2","false","false"
"3281e37b-56a5-4cc5-a30b-99b54528dd66","AurablackegoLabu","BR","18","100","","","","","","","2","2","2","2","false","false","4","4","3","4","false","false","5","5","2","6","false","false","3","3","2","3","false","false","3","3","3","3","false","false"
"a87f53c3-e71a-492a-a7c0-22d5b7cb94fd","Ligeirinn","BR","18","101","3","3","3","3","false","false","4","4","3","4","false","false","3","3","3","3","false","false","3","3","3","3","false","false","2","2","2","2","false","false","3","3","3","3","false","false"
"b3b7e197-0553-48dc-b336-4bb968295334","qcgp","BR","18","102","3","3","2","3","false","false","2","3","2","2","false","false","3","3","2","3","false","false","3","4","3","3","false","false","2","2","2","2","false","false","3","3","1","3","false","false"
"2f9a49c2-dc25-4ef9-baf5-9c0a6ce4c317","2feg","BR","18","103","","","","","","","3","5","3","3","false","false","5","5","3","6","false","false","3","3","3","3","false","false","","","","","","","3","3","2","3","false","false"
"e53f9799-6ba4-4fcf-bf31-aac927e3e219","julhaum1","BR","18","104","3","3","3","3","false","false","2","2","2","2","false","false","4","4","4","4","false","false","3","3","3","3","false","false","3","3","3","3","false","false","3","3","2","3","false","false"
"132f04d5-0ddc-493c-9a48-365f427a769b","Vwyk","BR","17","105","3","3","3","3","false","false","3","5","3","3","false","false","2","2","2","2","false","false","3","3","2","3","false","false","1","1","1","1","false","false","2","2","2","2","false","false"
"d5f8e083-6a10-4c38-ad3f-e1373da89b06","MilanesaCabra","CL","17","106","","","","","","","2","3","2","2","false","false","4","5","4","4","false","false","3","3","3","3","false","false","3","3","3","3","false","false","2","2","2","2","false","false"
"6910c130-2238-4ad7-8f00-bb9e7bf37706","geferson69","BR","17","107","","","","","","","1","4","1","1","false","false","4","4","1","4","false","false","2","3","2","2","false","false","3","3","3","3","false","false","3","3","3","3","false","false"
"f61b14cd-8180-4fbf-b0bb-86f8dbec8e0f","masterdopvpheh","BR","17","108","3","3","3","3","false","false","3","3","3","3","false","false","3","3","3","3","false","false","3","3","3","3","false","false","2","2","2","2","false","false","3","3","1","3","false","false"
"2348d4bc-4742-4ebf-8340-b434d2a5d653","MysticTungTung","BR","17","109","3","3","2","3","false","false","2","3","1","2","false","false","3","3","2","3","false","false","4","4","2","4","false","false","2","2","1","2","false","false","1","2","1","1","false","false"
"1368d8d0-4ad3-4f46-baed-63fab3ca3f12","yuriludmillo","BR","17","110","4","4","3","4","false","false","1","2","1","1","false","false","3","3","1","3","false","false","3","3","2","3","false","false","2","2","1","2","false","false","3","3","2","3","false","false"
"aa2faf93-2e5c-4cee-9804-85caba418ac2","Brugento","BR","17","111","1","1","1","1","false","false","4","4","1","4","false","false","4","4","2","4","false","false","1","2","1","1","false","false","3","3","1","3","false","false","3","3","2","3","false","false"
"1d82442a-0f8f-45d0-acd5-dc5b6ec6d75a","Fekete_","BR","17","112","3","4","2","3","false","false","2","2","1","2","false","false","3","3","1","3","false","false","2","2","1","2","false","false","3","3","1","3","false","false","3","3","1","3","false","false"
"73c4af8f-3dd0-4f62-8034-8190d8169cb5","Ho0ppeer","BR","17","113","4","4","4","4","false","false","","","","","","","4","5","4","4","false","false","","","","","","","4","4","4","4","false","false","3","3","3","3","false","false"
"f3e6ce76-7a8b-488a-b62d-85b431f930ff","Melowzky","BR","17","114","5","5","1","6","false","false","3","3","1","3","false","false","2","2","2","2","false","false","2","2","1","2","false","false","2","2","1","2","false","false","2","2","1","2","false","false"
"33a57277-ca45-47d2-be9a-a095a621b2ce","Teyx10","BR","17","115","1","1","1","1","false","false","4","5","1","4","false","false","1","4","1","1","false","false","1","1","1","1","false","false","3","3","3","3","false","false","2","2","1","2","false","false"
"f8a0611e-2311-45b4-ab41-0d9a521d2d7b","Dudzsx","BR","17","116","4","4","2","4","false","false","3","3","2","3","false","false","3","3","3","3","false","false","2","2","2","2","false","false","2","2","1","2","false","false","3","3","3","3","false","false"
"fcca450f-a4be-46aa-acaa-999baeb1d4c7","Arrasto","BR","17","117","3","3","2","3","false","false","2","2","1","2","false","false","4","4","3","4","false","false","2","2","2","2","false","false","3","3","3","3","false","false","3","3","1","3","false","false"
"ad2eb85e-852a-4f50-a29f-df7e017682d6","lostanger","BR","17","118","","","","","","","4","5","3","4","false","false","3","4","3","3","false","false","2","2","2","2","false","false","2","2","2","2","false","false","3","3","3","3","false","false"
"238e319d-5b14-4b79-9758-bb2f65443779","33Miau","BR","17","119","2","2","1","2","false","false","2","2","2","2","false","false","4","4","3","4","false","false","2","2","2","2","false","false","3","3","3","3","false","false","2","4","2","2","false","false"
"2c337d22-7e6c-4227-9d58-2b703cf77ac2","Itz_Zeynn","BR","17","120","","","","","","","3","4","3","3","false","false","5","5","3","6","false","false","2","2","2","2","false","false","1","1","1","1","false","false","4","4","2","4","false","false"
"1e59fd9a-56c4-402e-a3ab-5e093127c22c","Ennoxxx","BR","17","121","3","3","3","3","false","false","3","3","3","3","false","false","3","3","3","3","false","false","3","3","3","3","false","false","2","2","2","2","false","false","3","3","3","3","false","false"
"4f26026d-e5ef-46c3-8b3b-92492f64e7e6","MarinTrs","BR","16","122","3","3","2","3","false","false","2","3","1","2","false","false","2","2","1","2","false","false","3","3","1","3","false","false","3","3","3","3","false","false","2","2","2","2","false","false"
"7e59a358-7088-4dcc-8b8c-d55d26587654","mosaikou","CL","16","123","","","","","","","4","6","4","4","false","false","3","3","3","3","false","false","","","","","","","","","","","","","3","3","3","3","false","false"
"e7f4791e-649a-4e78-886a-5ff5de5507a5","MuckiniPizzanini","BR","16","124","4","4","3","4","false","false","3","3","3","3","false","false","3","3","3","3","false","false","3","3","2","3","false","false","2","2","2","2","false","false","1","1","1","1","false","false"
"ae1ef6df-3f00-4657-8c78-96eff2c7aa00","nnikz","BR","16","125","3","3","1","3","false","false","2","3","1","2","false","false","2","3","1","2","false","false","2","2","1","2","false","false","2","2","1","2","false","false","2","3","1","2","false","false"
"62f29235-1d5f-405f-88ed-c58accb880f6","zNuvem7","BR","16","126","4","4","2","4","false","false","2","2","2","2","false","false","3","3","3","3","false","false","3","3","3","3","false","false","2","2","2","2","false","false","2","2","2","2","false","false"
"9ddca70a-348f-4b78-9d3e-29c34d0eefcd","densitylmao","BR","16","127","3","3","2","3","false","false","2","2","1","2","false","false","3","4","2","3","false","false","3","3","1","3","false","false","4","4","2","4","false","false","","","","","",""
"0245863e-8b2f-442c-841f-d44c58b98cc7","Akemistico","BR","16","128","3","3","2","3","false","false","3","3","1","3","false","false","3","3","2","3","false","false","2","2","1","2","false","false","3","3","2","3","false","false","2","2","2","2","false","false"
"d9348049-0b63-4c7f-8ff8-1409febbd371","Piedadee","BR","16","129","","","","","","","3","3","3","3","false","false","4","5","4","4","false","false","","","","","","","3","3","2","3","false","false","4","4","2","4","false","false"
"9677e53c-36ba-413e-a34e-8b51618ccee4","solidhtly","BR","16","130","","","","","","","4","5","3","4","false","false","4","4","4","4","false","false","","","","","","","5","5","5","6","false","false","","","","","",""
"d6197868-3245-4cb7-bf0d-4e082cfe8369","AugustoAGC","BR","16","131","3","3","1","3","false","false","3","3","2","3","false","false","3","3","1","3","false","false","3","3","1","3","false","false","2","2","2","2","false","false","2","2","2","2","false","false"
"c6c5e184-6735-4546-add3-6c7199b46655","peanuts_L","BR","16","132","2","2","2","2","false","false","3","3","1","3","false","false","3","3","1","3","false","false","3","3","1","3","false","false","2","2","1","2","false","false","3","3","1","3","false","false"
"21ce4e8d-75aa-46f0-b93f-f869ba87f3e1","DouctVendouzzJR","BR","16","133","","","","","","","4","4","4","4","false","false","2","3","2","2","false","false","3","4","1","3","false","false","2","2","2","2","false","false","3","3","1","3","false","false"
"836028c5-44ee-4975-a197-a64c224424fa","sznj","BR","16","134","1","1","1","1","false","false","2","4","1","2","false","false","4","4","1","4","false","false","","","","","","","3","3","2","3","false","false","2","4","1","2","false","false"
"f1f01850-dec8-4326-a8ff-b8a63417113f","PoisedonDoomsday","BR","16","135","3","3","3","3","false","false","3","3","2","3","false","false","0","3","0","0","false","false","2","2","0","2","false","false","3","3","3","3","false","false","2","2","2","2","false","false"
"0bd73dc4-3c29-4bfb-b313-4160ffc8c6c3","NBAprision7625","BR","16","136","5","5","3","6","false","false","2","2","2","2","false","false","1","2","1","1","false","false","3","3","3","3","false","false","1","1","1","1","false","false","2","2","2","2","false","false"
"24818686-6181-49c4-b434-66011a6a27c7","Sir_Itte","BR","16","137","","","","","","","4","5","2","4","false","false","3","3","2","3","false","false","","","","","","","3","3","3","3","false","false","4","4","3","4","false","false"
"f5619d14-6fa2-424a-b11c-d777bc4d2276","CookieCF","BR","16","138","","","","","","","4","4","4","4","false","false","3","3","3","3","false","false","2","2","2","2","false","false","4","4","4","4","false","false","3","3","3","3","false","false"
"e5dfce26-3d9f-4d00-8078-9138850d9979","hhollowed","BR","16","139","3","3","3","3","false","false","2","3","2","2","false","false","2","2","2","2","false","false","2","2","1","2","false","false","3","3","2","3","false","false","3","3","3","3","false","false"
"4c2f777c-08c5-4072-a8cd-7f6d8d0c6e11","XantaresPK","BR","16","140","3","3","3","3","false","false","4","4","2","4","false","false","2","2","2","2","false","false","2","2","2","2","false","false","3","3","3","3","false","false","2","2","2","2","false","false"
"b1ca953e-bbff-43d6-8c35-c94fb2965de8","AleRossi","BR","16","141","","","","","","","4","5","4","4","false","false","","","","","","","6","6","5","10","false","false","","","","","","","","","","","",""
"0d54d22c-6c4b-4c8a-ac70-a09304648af1","lessbye","BR","16","142","3","3","1","3","false","false","2","3","2","2","false","false","2","3","2","2","false","false","3","3","2","3","false","false","1","2","1","1","false","false","1","2","1","1","false","false"
"3dbb3a70-ffc6-4313-a55f-8effd3b9d68c","NerdZeraa","BR","16","143","2","2","2","2","false","false","4","4","1","4","false","false","2","2","1","2","false","false","3","3","2","3","false","false","2","2","2","2","false","false","1","3","1","1","false","false"
"dc43b9c8-0a5c-486f-a437-4cfe629a5ed0","Axzcl","AR","16","144","","","","","","","5","5","5","6","false","false","6","6","6","10","false","false","","","","","","","","","","","","","","","","","",""
"2e7bc0fa-5a00-4a60-a926-8f9736383087","elite_unknown","BR","15","145","3","4","3","3","false","false","2","2","2","2","false","false","3","3","2","3","false","false","2","2","1","2","false","false","1","2","1","1","false","false","2","2","2","2","false","false"
"b372e17a-0f62-446c-bcbd-8ddac62b2645","By_Luckz","BR","15","146","5","6","5","6","false","false","3","3","3","3","false","false","","","","","","","","","","","","","2","2","2","2","false","false","","","","","",""
"af87fa0d-fd5f-4e57-9e13-18808d7a69ac","astrocarvrumvrum","BR","15","147","3","3","3","3","false","false","2","2","2","2","false","false","3","3","2","3","false","false","3","3","3","3","false","false","2","2","2","2","false","false","2","2","2","2","false","false"
"ec2aae4e-4637-4f0b-86b4-009b151400e0","IdkHowUseBow","BR","15","148","3","3","2","3","false","false","3","5","2","3","false","false","2","3","2","2","false","false","","","","","","","2","3","2","2","false","false","","","","","",""
"7d6174bd-cc78-4051-9d8d-74ee2fecdb67","haimetro","BR","15","149","3","3","3","3","false","false","2","2","2","2","false","false","3","3","3","3","false","false","4","4","3","4","false","false","2","2","2","2","false","false","1","1","1","1","false","false"
"8d396a96-f3a7-401a-90f6-8941e25f3dcd","mthzx7","BR","15","150","","","","","","","4","4","2","4","false","false","4","5","1","4","false","false","3","3","1","3","false","false","","","","","","","2","2","2","2","false","false"
"3c3028d5-58bc-41fb-9814-050703918612","BlackHunter2101","BR","15","151","2","2","1","2","false","false","2","3","1","2","false","false","3","3","1","3","false","false","3","3","1","3","false","false","1","1","1","1","false","false","3","3","3","3","false","false"
"0f281ad4-9e8f-411c-8a1a-d97fa6be23e9","Ludsx","BR","15","152","","","","","","","3","3","3","3","false","false","4","4","2","4","false","false","2","2","2","2","false","false","3","3","3","3","false","false","3","3","3","3","false","false"
"b6842704-7ca0-44c5-a45a-79a2202afa5c","BR4GGA","BR","15","153","2","2","2","2","false","false","3","3","2","3","false","false","3","3","3","3","false","false","3","3","3","3","false","false","2","2","2","2","false","false","2","2","1","2","false","false"
"4371df50-7f42-4932-b600-cb7e9d1764fd","Davi95","BR","15","154","2","3","2","2","false","false","2","3","2","2","false","false","3","3","2","3","false","false","2","3","2","2","false","false","","","","","","","3","3","3","3","false","false"
"90e182b6-0b50-41e9-942e-1aa7faf52d8f","crazyRar","BR","15","155","2","2","2","2","false","false","4","4","3","4","false","false","4","4","2","4","false","false","","","","","","","1","1","1","1","false","false","4","4","3","4","false","false"
"b1d19ff5-bda1-4d03-a8da-c3047421fc9f","xqge","BR","15","156","","","","","","","0","5","0","0","false","false","2","2","2","2","false","false","1","1","1","1","false","false","2","2","2","2","false","false","4","4","4","4","false","false"
"94ea8ccf-f0ed-45ba-96d0-943b6700bee3","SimpleLoss","BR","15","157","3","4","3","3","false","false","3","4","3","3","false","false","3","3","2","3","false","false","1","1","1","1","false","false","3","3","3","3","false","false","","","","","",""
"db7077a7-a0c4-410c-98eb-2cc404379056","justmaniax","BR","15","158","","","","","","","3","3","1","3","false","false","5","5","4","6","false","false","","","","","","","3","3","2","3","false","false","3","3","3","3","false","false"
"3a1f65c9-667f-4603-8030-3174e5ae9d5d","Reescrever10","BR","15","159","3","3","2","3","false","false","3","3","3","3","false","false","","","","","","","0","4","0","0","false","false","2","2","2","2","false","false","3","3","3","3","false","false"
"8b24fb16-d5fc-48ab-9ffb-6df6b260a515","R4phxx","BR","15","160","2","2","2","2","false","false","3","3","3","3","false","false","2","2","1","2","false","false","2","3","2","2","false","false","2","2","1","2","false","false","3","3","2","3","false","false"
"6c3db5d2-fa0c-463d-b0cc-f2580689e1b4","NaturalTungTung","BR","15","161","2","2","2","2","false","false","2","2","2","2","false","false","3","3","1","3","false","false","3","3","2","3","false","false","2","2","1","2","false","false","3","3","1","3","false","false"
"99d62bb9-0aa7-4b01-8885-974319db9eaf","egoismolol","BR","15","162","4","4","4","4","false","false","0","4","0","0","false","false","2","2","2","2","false","false","3","3","3","3","false","false","","","","","","","2","2","2","2","false","false"
"18b9245d-e733-435f-81e4-c6532101181a","Yiakg","BR","15","163","1","1","1","1","false","false","2","2","2","2","false","false","4","4","4","4","false","false","2","2","2","2","false","false","3","3","3","3","false","false","3","3","3","3","false","false"
"cf1df011-71fd-49cd-9782-b29e82689683","FelonyXD","BR","14","164","","","","","","","3","5","3","3","false","false","5","5","4","6","false","false","2","2","2","2","false","false","","","","","","","","","","","",""
"22a055f1-3d13-49dd-ae70-f1ee093b1fa3","SiegHartz","BR","14","165","","","","","","","4","4","4","4","false","false","5","5","3","6","false","false","","","","","","","4","4","4","4","false","false","","","","","",""
"c3fe8289-b047-4581-bf32-3c3515264be7","Chosen__","BR","14","166","4","4","2","4","false","false","2","3","2","2","false","false","3","3","3","3","false","false","","","","","","","1","2","1","1","false","false","2","2","1","2","false","false"
"3890aaf4-57d1-48b5-bb43-24d35d5f0543","Vort3xxxYT","BR","14","167","1","1","1","1","false","false","2","2","2","2","false","false","4","4","4","4","false","false","3","3","3","3","false","false","2","2","1","2","false","false","2","2","1","2","false","false"
"8ddb7467-77f8-46c4-9767-a372d4dc8b01","demonarts","BR","14","168","1","2","1","1","false","false","4","5","2","4","false","false","2","3","2","2","false","false","","","","","","","","","","","","","3","3","3","3","false","false"
"b71c51cb-5c2e-4129-be8a-a2ba29e9364a","Frogfield","BR","14","169","1","1","1","1","false","false","2","3","2","2","false","false","2","2","1","2","false","false","2","2","2","2","false","false","2","3","2","2","false","false","3","3","2","3","false","false"
"bcc1ef53-e010-499e-b59f-dea9a4ac3435","SrKoenigsegg","BR","14","170","5","5","2","6","false","false","3","3","2","3","false","false","3","3","2","3","false","false","","","","","","","","","","","","","2","2","2","2","false","false"
"ec4be5e1-26d5-41be-8252-9429433aa79a","yz_ArthurX","BR","14","171","","","","","","","3","3","2","3","false","false","4","4","3","4","false","false","2","2","2","2","false","false","3","3","1","3","false","false","2","2","2","2","false","false"
"615dcf97-2d9c-4d60-9e4d-ce24caacd3d1","yellowbunnie","BR","14","172","2","2","1","2","false","false","3","3","2","3","false","false","2","2","2","2","false","false","3","3","2","3","false","false","1","1","1","1","false","false","3","3","3","3","false","false"
"40e57397-825e-42e9-8501-7c0cc36280d6","nicizzi","BR","14","173","3","3","3","3","false","false","2","3","2","2","false","false","1","3","1","1","false","false","2","2","1","2","false","false","1","1","1","1","false","false","2","2","2","2","false","false"
"ca841602-e443-4b1f-9dc3-b6caec18a505","keirolo","BR","14","174","2","3","2","2","false","false","2","4","2","2","false","false","1","1","1","1","false","false","2","2","1","2","false","false","1","1","1","1","false","false","3","3","2","3","false","false"
"eea0275c-a068-4ff7-9924-ee4b5ded4e28","IamKxiser","BR","14","175","2","2","1","2","false","false","2","2","1","2","false","false","2","3","1","2","false","false","3","3","1","3","false","false","2","2","1","2","false","false","2","2","1","2","false","false"
"b92db484-1b15-4c5c-a205-4a4e3ae9df7b","p4sokaa","BR","14","176","1","1","1","1","false","false","3","4","2","3","false","false","2","2","1","2","false","false","3","3","3","3","false","false","2","2","2","2","false","false","2","2","2","2","false","false"
"d3e35709-7f32-4eb8-8012-96f15ed13ea9","alterando","BR","14","177","1","2","1","1","false","false","2","2","2","2","false","false","2","3","2","2","false","false","3","3","3","3","false","false","1","2","1","1","false","false","2","2","1","2","false","false"
"307b4203-3839-4c88-8ef3-ed007524cf6a","DreamRuso","CL","14","178","","","","","","","6","6","6","10","false","false","4","4","4","4","false","false","","","","","","","","","","","","","","","","","",""
"e50c92ca-6596-4cad-9141-852d44b371a2","Plexoss","BR","14","179","","","","","","","2","2","2","2","false","false","3","3","3","3","false","false","4","4","4","4","false","false","2","2","2","2","false","false","3","3","3","3","false","false"
"454f9b13-44b5-4c3f-985a-79c016e426e6","AlienZRD","BR","14","180","3","3","2","3","false","false","2","2","1","2","false","false","1","2","1","1","false","false","4","4","4","4","false","false","1","1","1","1","false","false","2","2","1","2","false","false"
"fcf20425-5858-48ba-90b3-5431862d27fc","OFNXGabriel","BR","14","181","3","3","1","3","false","false","2","2","1","2","false","false","3","3","1","3","false","false","3","3","3","3","false","false","1","1","1","1","false","false","2","2","1","2","false","false"
"84c68221-a19c-4368-a143-1893ec905ad7","JoaoTsun4meBR","BR","14","182","2","2","2","2","false","false","3","3","2","3","false","false","2","2","2","2","false","false","2","2","1","2","false","false","3","3","3","3","false","false","2","2","2","2","false","false"
"c25cfc14-df93-4fb3-975a-ed92bafa9f09","sorrcwfull_","BR","14","183","3","3","2","3","false","false","2","2","2","2","false","false","2","2","2","2","false","false","2","2","2","2","false","false","2","3","2","2","false","false","2","2","2","2","false","false"
"387d3990-c0ca-43c9-a544-0796cc7a258d","vampzin__","BR","14","184","2","2","2","2","false","false","2","4","2","2","false","false","3","3","3","3","false","false","1","1","1","1","false","false","2","2","2","2","false","false","2","2","2","2","false","false"
"82b279c4-6c69-4f14-892f-6d3333b0d2ad","Pesuke_Ofc","BR","14","185","1","1","1","1","false","false","2","2","2","2","false","false","5","5","2","6","false","false","1","1","1","1","false","false","2","2","2","2","false","false","2","2","2","2","false","false"
"0b6f815f-75cc-4be0-a9f6-c8ac59e1bf42","kylanss","VE","14","186","","","","","","","","","","","","","","","","","","","4","4","4","4","false","false","","","","","","","6","6","2","10","false","false"
"93db676b-b349-484d-80cf-b30442acc692","oAkirays","BR","13","187","","","","","","","4","4","3","4","false","false","4","4","2","4","false","false","2","2","2","2","false","false","","","","","","","3","3","3","3","false","false"
"0c1a8f5c-41c3-48c2-9e6c-30f5327f9f92","PrismS2Spain","BR","13","188","1","1","1","1","false","false","3","3","2","3","false","false","2","2","2","2","false","false","2","2","2","2","false","false","2","2","2","2","false","false","3","3","3","3","false","false"
"6f742e1f-356c-41d9-bbf7-ec355afa7eb4","WillieDesu","BR","13","189","2","2","2","2","false","false","2","3","2","2","false","false","3","3","3","3","false","false","2","2","1","2","false","false","1","1","1","1","false","false","2","2","1","2","false","false"
"93a73c76-8333-4c95-ab90-375801ab5f52","flint_edd","BR","13","190","5","5","2","6","false","false","","","","","","","3","3","3","3","false","false","4","4","4","4","false","false","","","","","","","","","","","",""
"f5266e5c-4a9a-4da6-a741-3f41629dbfd0","Felipzn12","BR","13","191","","","","","","","4","5","2","4","false","false","1","2","1","1","false","false","","","","","","","1","3","1","1","false","false","2","2","1","2","false","false"
"8242db56-c9bb-4215-b322-eb1594fed3ce","POKEBRISA","BR","13","192","","","","","","","3","3","0","3","false","false","4","4","1","4","false","false","2","2","2","2","false","false","2","2","2","2","false","false","2","2","2","2","false","false"
"b57da3ed-24ae-425e-bfdb-510d6cdf4fd7","SamuhRULADO","BR","13","193","1","1","1","1","false","false","3","3","2","3","false","false","2","3","2","2","false","false","1","1","1","1","false","false","2","2","2","2","false","false","3","3","3","3","false","false"
"32f774b8-8719-4e11-b3b3-aa986b035a3c","yGordaoBr","BR","13","194","1","2","1","1","false","false","2","3","1","2","false","false","3","3","1","3","false","false","1","1","1","1","false","false","1","1","1","1","false","false","3","3","1","3","false","false"
"bed508a6-caf2-49b5-a47d-f1232e591136","jocax_","BR","13","195","2","2","2","2","false","false","2","2","1","2","false","false","2","2","1","2","false","false","2","2","1","2","false","false","2","2","2","2","false","false","3","3","2","3","false","false"
"06203091-e116-4f5a-ae62-0fe05719e639","LuizTheFallen","BR","13","196","1","1","1","1","false","false","4","5","1","4","false","false","3","3","3","3","false","false","","","","","","","1","1","1","1","false","false","1","2","1","1","false","false"
"90c01ca1-9a54-4e5e-859c-f155ae6d9c4a","lipe10gamer","BR","13","197","1","2","1","1","false","false","2","2","2","2","false","false","2","2","1","2","false","false","3","3","3","3","false","false","2","2","2","2","false","false","2","2","1","2","false","false"
"330ce3d6-176e-4c06-91c0-d172c1a57173","femboysbtw","BR","13","198","","","","","","","0","5","0","0","false","false","","","","","","","","","","","","","4","4","4","4","false","false","3","3","3","3","false","false"
"64bedff6-e9c3-471b-aef2-23106ba0bafb","Daviwz7_","BR","13","199","4","4","4","4","false","false","","","","","","","3","3","3","3","false","false","","","","","","","4","4","4","4","false","false","2","2","2","2","false","false"
"3b2e220b-d1e2-4b55-9ab6-0e4abc5f3c97","yDragonXD","BR","13","200","2","2","2","2","false","false","2","3","2","2","false","false","3","3","1","3","false","false","","","","","","","3","3","2","3","false","false","2","2","2","2","false","false"
"8198953f-19b3-403e-b200-459cfa96aed1","Severidade","BR","13","201","2","2","2","2","false","false","5","5","5","6","false","false","0","0","0","0","false","false","1","1","1","1","false","false","2","2","2","2","false","false","2","2","2","2","false","false"
"d7f094ec-5cef-497b-88df-3886c73e4f14","quazxr","BR","13","202","","","","","","","3","5","1","3","false","false","3","3","2","3","false","false","1","1","1","1","false","false","3","3","2","3","false","false","","","","","",""
"fe7293f9-891e-426d-8d09-ee91fdb922ad","Fixller2","BR","13","203","2","2","2","2","false","false","1","1","1","1","false","false","2","2","2","2","false","false","3","3","2","3","false","false","2","2","1","2","false","false","3","3","3","3","false","false"
"f03767de-4753-4cd4-87b7-c1128376278c","mmpl4y","BR","13","204","2","2","1","2","false","false","2","3","1","2","false","false","2","2","1","2","false","false","3","3","2","3","false","false","1","1","1","1","false","false","2","2","2","2","false","false"
"74adf6b4-60f7-4d77-ac77-1454d8638665","Po_Torado","BR","13","205","2","2","1","2","false","false","3","3","2","3","false","false","1","2","1","1","false","false","2","2","1","2","false","false","1","1","1","1","false","false","3","3","1","3","false","false"
"5e420bb8-a8e1-4472-aa2a-df8dca7a6ed2","LarpBieber","BR","13","206","","","","","","","2","3","2","2","false","false","2","3","2","2","false","false","1","1","1","1","false","false","2","3","2","2","false","false","3","3","3","3","false","false"
"2fe00d31-a7da-4d3a-b46b-b44c4c2ec7ba","Err0r355","BR","13","207","","","","","","","2","2","2","2","false","false","4","4","4","4","false","false","2","2","2","2","false","false","3","3","3","3","false","false","2","2","2","2","false","false"
"bfb73e30-3b84-4cf1-8145-3033629ed9c6","yTapi19","BR","13","208","","","","","","","3","3","2","3","false","false","1","3","1","1","false","false","1","1","1","1","false","false","3","3","3","3","false","false","3","3","3","3","false","false"
"4ef5fb27-f918-405d-a4db-ed5d61f06a51","01_w","BR","13","209","2","2","2","2","false","false","2","2","2","2","false","false","3","3","1","3","false","false","1","1","1","1","false","false","3","3","3","3","false","false","2","2","2","2","false","false"
"76c7aa3b-c0e4-4e1c-9c4b-6c3f06857742","KillerDeTaubate","BR","13","210","3","3","3","3","false","false","2","2","2","2","false","false","3","3","2","3","false","false","1","1","1","1","false","false","2","2","2","2","false","false","2","2","2","2","false","false"
"06690efa-d558-40ce-8aee-56202f5d416b","VHX_zin","BR","13","211","2","2","2","2","false","false","","","","","","","3","3","3","3","false","false","3","3","3","3","false","false","2","2","2","2","false","false","3","3","3","3","false","false"
"c918fdda-f947-4beb-bcec-5d3f17ff628e","xisde","BR","12","212","4","5","2","4","false","false","3","3","3","3","false","false","2","2","2","2","false","false","","","","","","","1","1","1","1","false","false","","","","","",""
"e7854374-aa4f-4739-a755-414f27e0c8a3","78void","BR","12","213","3","3","1","3","false","false","2","2","1","2","false","false","3","3","1","3","false","false","2","2","1","2","false","false","","","","","","","2","2","2","2","false","false"
"fa69e59a-ee6f-408f-aa93-87e40fe948e8","KarylWillDodge","BR","12","214","3","3","2","3","false","false","2","2","2","2","false","false","","","","","","","3","3","3","3","false","false","2","2","2","2","false","false","2","2","2","2","false","false"
"f19e6b7a-408f-4402-96a3-1385227451d6","Xustsss","BR","12","215","3","3","2","3","false","false","2","2","2","2","false","false","2","2","2","2","false","false","3","3","3","3","false","false","2","2","1","2","false","false","","","","","",""
"0d460448-f2ac-441d-b77d-cb32ab9bd7b5","Gaandon","BR","12","216","","","","","","","3","3","2","3","false","false","4","4","2","4","false","false","3","3","3","3","false","false","","","","","","","2","2","2","2","false","false"
"740ec607-6fb1-42d9-8a15-0b2040fa36d3","Zkwre","AR","12","217","","","","","","","","","","","","","4","5","4","4","false","false","","","","","","","","","","","","","5","5","5","6","false","false"
"5664af12-68d1-42bb-9c4c-da76cd014a01","AlvinLarp","BR","12","218","2","2","1","2","false","false","2","2","1","2","false","false","3","3","3","3","false","false","2","2","1","2","false","false","1","2","1","1","false","false","1","1","1","1","false","false"
"5eab8c3a-dbee-4882-9042-454c017fb6bc","SiempreTriste22","AR","12","219","","","","","","","4","4","4","4","false","false","4","5","4","4","false","false","","","","","","","","","","","","","2","2","2","2","false","false"
"1be38172-cfcc-409d-a460-914e9c2fe42b","xmp3","BR","12","220","","","","","","","4","5","4","4","false","false","4","5","1","4","false","false","","","","","","","","","","","","","","","","","",""
"e4241002-f960-402d-8c78-900d005fc933","k3smp","BR","12","221","","","","","","","3","5","2","3","false","false","2","3","2","2","false","false","","","","","","","3","3","2","3","false","false","","","","","",""
"8b8e39f1-4f24-43dd-998f-5bd47cd38c8a","ShadowF11","BR","12","222","1","1","1","1","false","false","2","2","1","2","false","false","2","3","2","2","false","false","2","2","1","2","false","false","2","2","1","2","false","false","1","2","1","1","false","false"
"522b8317-ad4f-499d-8f31-bacf62176bf0","polaroidd","BR","12","223","3","3","3","3","false","false","2","3","2","2","false","false","1","2","1","1","false","false","1","1","1","1","false","false","1","1","1","1","false","false","2","2","1","2","false","false"
"cd8a381c-6d25-4418-95c6-0adc674c78c7","67Do1p67","BR","12","224","","","","","","","2","2","2","2","false","false","","","","","","","4","4","4","4","false","false","3","3","2","3","false","false","3","3","3","3","false","false"
"5124936a-60ef-48a0-a559-fb48f9b726f1","Hiocui","BR","12","225","","","","","","","4","5","4","4","false","false","","","","","","","","","","","","","5","5","5","6","false","false","","","","","",""
"f01c7273-df07-435b-b44f-b28c7e332f6e","ramonnZz","BR","12","226","5","5","2","6","false","false","2","3","2","2","false","false","1","1","1","1","false","false","","","","","","","2","2","2","2","false","false","","","","","",""
"00bbee4f-65a0-4e61-9679-2232220f2106","Peopple","BR","12","227","","","","","","","3","3","3","3","false","false","3","3","3","3","false","false","","","","","","","3","3","3","3","false","false","3","3","3","3","false","false"
"faf1f419-6392-4834-9b4b-fbdae6da5aa9","Salamanba","BR","12","228","1","2","1","1","false","false","4","4","1","4","false","false","1","1","1","1","false","false","3","3","1","3","false","false","","","","","","","1","2","1","1","false","false"
"935cdb22-a2a6-4275-a02e-e42c49f71d9d","Raiorikx","BR","12","229","1","1","1","1","false","false","3","3","2","3","false","false","0","0","0","0","false","false","2","2","2","2","false","false","3","3","3","3","false","false","1","3","1","1","false","false"
"7cbf57bc-7f8f-4bc6-926c-eeafaf3fe8b5","tipoverde","BR","12","230","3","3","3","3","false","false","3","3","3","3","false","false","","","","","","","2","2","2","2","false","false","2","3","2","2","false","false","1","1","1","1","false","false"
"de185e2c-86a5-42f5-9fa2-3aad524477b0","kzwm","BR","12","231","1","1","1","1","false","false","2","2","2","2","false","false","4","4","4","4","false","false","2","2","2","2","false","false","1","1","1","1","false","false","2","2","2","2","false","false"
"5ef82ebc-9925-40c4-a3b6-0906c7f4cadf","BurnedByHell","BR","12","232","2","3","2","2","false","false","2","2","2","2","false","false","2","2","2","2","false","false","2","2","2","2","false","false","2","2","2","2","false","false","1","1","1","1","false","false"
"f5824df4-b015-4008-8da3-52a418550444","KitaOverdose","BR","12","233","2","2","2","2","false","false","2","2","1","2","false","false","1","1","1","1","false","false","4","4","2","4","false","false","1","1","1","1","false","false","2","2","1","2","false","false"
"bafadee9-2851-463f-adde-7408a60fa6a6","pinzaak","BR","12","234","","","","","","","2","3","2","2","false","false","3","3","3","3","false","false","2","2","2","2","false","false","2","2","2","2","false","false","2","2","1","2","false","false"
"ed067301-2b27-4965-afaf-f9c9870f0fe0","fzax","BR","12","235","3","3","2","3","false","false","1","1","1","1","false","false","2","3","2","2","false","false","3","3","3","3","false","false","2","2","2","2","false","false","","","","","",""
"183713a5-f83a-483e-a580-44ef26132df5","Frepes","BR","12","236","1","1","1","1","false","false","2","2","2","2","false","false","3","3","3","3","false","false","3","3","3","3","false","false","1","1","1","1","false","false","2","2","2","2","false","false"
"0015fab3-1ccd-4dd9-942f-8b74e4a6b951","GustavoPudim","BR","12","237","2","2","2","2","false","false","2","2","2","2","false","false","2","2","2","2","false","false","1","1","1","1","false","false","3","3","2","3","false","false","2","2","1","2","false","false"
"1fe30fa2-3186-4ff5-a4f6-cfed15a4bfc1","lucmuki","BR","12","238","1","2","1","1","false","false","2","2","2","2","false","false","2","2","1","2","false","false","2","2","1","2","false","false","1","2","1","1","false","false","2","2","1","2","false","false"
"cc7e1c75-19fb-4db2-970b-62598edb0ec6","zSale","BR","12","239","3","3","2","3","false","false","2","3","2","2","false","false","1","1","1","1","false","false","1","1","1","1","false","false","1","1","1","1","false","false","3","3","3","3","false","false"
"78baac0d-81b0-41b3-a896-5c0e77ae0f18","TutuHartz","BR","12","240","","","","","","","2","3","2","2","false","false","4","4","3","4","false","false","","","","","","","2","2","2","2","false","false","3","3","3","3","false","false"
"2d841832-66a9-48f6-988b-665e0f6f73dd","yarake_bw","BR","12","241","1","1","1","1","false","false","2","2","2","2","false","false","2","3","2","2","false","false","2","2","2","2","false","false","1","1","1","1","false","false","2","3","2","2","false","false"
"22b19194-ccc9-4ed7-a607-e2dd4c828636","LittleMat0987","BR","12","242","2","2","2","2","false","false","1","2","1","1","false","false","2","2","1","2","false","false","2","2","2","2","false","false","2","2","2","2","false","false","2","2","2","2","false","false"
"3bbc0171-895c-401e-85d9-891bff5642bb","kbzxzz","BR","12","243","","","","","","","3","3","3","3","false","false","3","3","2","3","false","false","2","2","2","2","false","false","2","2","2","2","false","false","2","2","2","2","false","false"
"136ac875-e142-4e38-bfb5-ce56d22c9bd8","fogojvca","BR","12","244","4","4","3","4","false","false","2","2","2","2","false","false","2","2","2","2","false","false","","","","","","","2","2","2","2","false","false","2","2","2","2","false","false"
"223f4014-18ff-4c97-9694-0c81d4008b17","KaxLy_","PE","12","245","","","","","","","4","5","4","4","false","false","","","","","","","","","","","","","5","5","5","6","false","false","","","","","",""
"6ea0d8d3-89ee-4767-908c-e1a94258a096","Zolidox","BR","12","246","","","","","","","","","","","","","","","","","","","5","5","5","6","false","false","","","","","","","5","5","5","6","false","false"
"91b7f250-0a21-4809-ac23-cbd3d44bcfcf","iNunes_","BR","12","247","","","","","","","5","5","5","6","false","false","5","5","5","6","false","false","","","","","","","","","","","","","","","","","",""
"6f1a8db3-afce-44b2-88b4-3f8c40bd33e8","CazeraHigh","BR","11","248","4","5","4","4","false","false","3","3","3","3","false","false","","","","","","","2","2","2","2","false","false","","","","","","","","","","","",""
"7f1c1fc4-1b0d-4f9c-9a7d-0517da14a59d","MIGUEL030","BR","11","249","3","3","1","3","false","false","1","2","1","1","false","false","1","2","1","1","false","false","1","1","1","1","false","false","1","1","1","1","false","false","2","2","1","2","false","false"
"f709e865-5fde-494f-b8ea-3504a08853af","__Kmz__","BR","11","250","3","3","2","3","false","false","1","4","1","1","false","false","2","2","1","2","false","false","","","","","","","2","2","2","2","false","false","","","","","",""
"654a164d-dde2-43b7-8e4a-662529135f7c","67Drilla","BR","11","251","","","","","","","2","3","2","2","false","false","2","2","1","2","false","false","","","","","","","3","3","2","3","false","false","3","3","3","3","false","false"
"6a01be72-bab9-4181-8f1e-d92555c4dcc2","Demonlishing","BR","11","252","","","","","","","4","5","2","4","false","false","2","2","2","2","false","false","","","","","","","3","3","3","3","false","false","","","","","",""
"f2b7cc50-8e9d-4e16-bce2-a3df0d82ec05","oPinguin","BR","11","253","","","","","","","4","4","4","4","false","false","","","","","","","","","","","","","3","3","3","3","false","false","4","4","4","4","false","false"
"e2937f4e-9f36-4df7-a010-49a7af3c4770","G4bs7","BR","11","254","2","2","2","2","false","false","2","2","2","2","false","false","1","1","1","1","false","false","2","2","2","2","false","false","2","2","2","2","false","false","2","2","2","2","false","false"
"db1bc830-ce26-49e7-9171-f7cc398e0a51","Sw1tch__","BR","11","255","","","","","","","3","3","1","3","false","false","3","3","1","3","false","false","3","3","3","3","false","false","2","2","2","2","false","false","","","","","",""
"6d5cb566-acf9-42a4-b010-d5a57ebd7580","iwqqo","BR","11","256","4","4","3","4","false","false","1","1","1","1","false","false","","","","","","","2","2","2","2","false","false","2","2","2","2","false","false","2","2","2","2","false","false"
"c3bc17fa-8878-4c5d-94b3-2dab38d79fad","vGelo","BR","11","257","","","","","","","4","4","4","4","false","false","3","3","3","3","false","false","","","","","","","4","4","4","4","false","false","","","","","",""
"f3aec6cb-6d10-43eb-ac03-7cb7ca1816fd","Japonexxwwwwwwww","BR","11","258","1","1","1","1","false","false","2","2","1","2","false","false","2","2","1","2","false","false","3","3","1","3","false","false","1","1","1","1","false","false","1","2","1","1","false","false"
"d237abe3-592a-4f0e-8921-ba8938d8f57b","takeyroXD","BR","11","259","1","1","1","1","false","false","2","2","2","2","false","false","3","3","2","3","false","false","","","","","","","3","3","3","3","false","false","2","2","2","2","false","false"
"5e1e2b89-8ebe-47e3-907c-f1f0822276b8","Sonecazx","BR","11","260","2","2","2","2","false","false","3","3","3","3","false","false","2","2","2","2","false","false","","","","","","","1","1","1","1","false","false","3","3","2","3","false","false"
"e9263331-6106-436c-a49c-be1e3ee50662","rnsinistro","BR","11","261","2","3","2","2","false","false","2","2","2","2","false","false","1","1","1","1","false","false","2","2","2","2","false","false","2","2","2","2","false","false","1","1","1","1","false","false"
"6eb1bde7-0b63-48ca-86b4-f7140bce3cb7","Piripaque","BR","11","262","1","1","1","1","false","false","2","2","2","2","false","false","4","4","4","4","false","false","3","3","2","3","false","false","","","","","","","1","1","1","1","false","false"
"8757b546-1b31-4233-ad3b-0aa4ff20d46c","VazioEcoante","BR","11","263","","","","","","","4","5","2","4","false","false","3","3","2","3","false","false","","","","","","","","","","","","","2","2","2","2","false","false"
"4367d167-a55d-4288-9d6b-e3a943c2c75e","Legites","BR","11","264","","","","","","","4","4","2","4","false","false","2","3","2","2","false","false","3","3","3","3","false","false","","","","","","","1","1","1","1","false","false"
"ad0b8e47-4cfa-426a-aa74-7e015c512112","mundo_crefit","BR","11","265","3","3","3","3","false","false","3","3","3","3","false","false","2","2","2","2","false","false","","","","","","","3","3","2","3","false","false","","","","","",""
"5d18f501-5d16-4f9d-86ab-d37cc84aa679","denhicbye","BR","11","266","2","3","2","2","false","false","2","2","2","2","false","false","2","2","2","2","false","false","3","3","3","3","false","false","1","1","1","1","false","false","","","","","",""
"0a8268c9-0e65-42c4-8fb1-0e846cf48967","_Sloownees","BR","11","267","1","1","1","1","false","false","2","3","2","2","false","false","1","2","1","1","false","false","1","1","1","1","false","false","1","1","1","1","false","false","3","3","1","3","false","false"
"10a9bf3b-0cb6-4044-817e-dfac8cd578b4","Uga_300","BR","11","268","","","","","","","3","3","3","3","false","false","3","3","3","3","false","false","3","3","3","3","false","false","","","","","","","1","2","1","1","false","false"
"63e4ea77-52a9-426e-84a9-c5be9efdf114","konatoqz7","BR","11","269","1","1","1","1","false","false","3","3","2","3","false","false","3","3","3","3","false","false","1","1","1","1","false","false","","","","","","","3","3","2","3","false","false"
"35909e16-5a3a-4ce1-bc5c-4ce389bff0ae","ThalesSavage","BR","11","270","","","","","","","1","3","1","1","false","false","2","2","1","2","false","false","2","3","2","2","false","false","","","","","","","3","3","3","3","false","false"
"c6a8ca4a-05a3-4afa-978b-452b7d59e091","escayy","BR","11","271","","","","","","","3","3","2","3","false","false","5","5","3","6","false","false","","","","","","","","","","","","","2","2","2","2","false","false"
"f526a1e1-92ba-40e8-9a13-5c40433bd015","TungTungMonter","BR","11","272","","","","","","","3","3","2","3","false","false","2","2","2","2","false","false","3","3","3","3","false","false","","","","","","","3","3","3","3","false","false"
"5da30928-8498-4c73-b643-6af1e281584e","Carinhoso_","BR","11","273","1","1","1","1","false","false","2","2","1","2","false","false","3","3","2","3","false","false","1","2","1","1","false","false","1","1","1","1","false","false","2","2","1","2","false","false"
"91615f26-5305-40f0-8068-2ee35aea607b","reisupremo","BR","11","274","1","1","1","1","false","false","4","4","4","4","false","false","1","2","1","1","false","false","2","2","2","2","false","false","1","1","1","1","false","false","1","1","1","1","false","false"
"d080f682-dce3-4bf7-a05a-9bf20b7688c3","santiagoogg","BR","11","275","","","","","","","3","3","2","3","false","false","2","2","2","2","false","false","3","3","1","3","false","false","","","","","","","1","3","1","1","false","false"
"de315108-90e5-4cda-bb62-b3abe6e76771","PedroSlayer","BR","11","276","1","1","1","1","false","false","2","2","2","2","false","false","2","2","2","2","false","false","3","3","2","3","false","false","","","","","","","3","3","3","3","false","false"
"eb52d983-1b32-476b-b26e-689aaa0dada5","1Lvrd","BR","11","277","","","","","","","2","2","2","2","false","false","2","2","2","2","false","false","2","2","2","2","false","false","1","2","1","1","false","false","1","3","1","1","false","false"
"4b9ca291-5d3c-46be-b9bb-e3bfe6a40855","ianzaoo","BR","11","278","4","4","1","4","false","false","3","3","2","3","false","false","1","1","1","1","false","false","2","2","1","2","false","false","","","","","","","1","1","1","1","false","false"
"ea14040c-1a84-4533-8d0b-ff572b20d963","TinySUEPA","BR","11","279","","","","","","","3","3","3","3","false","false","3","3","3","3","false","false","3","3","3","3","false","false","","","","","","","2","2","2","2","false","false"
"db5011df-dcce-4c3f-8d47-6a4fba5e8eee","ArashiDK","BR","11","280","2","2","2","2","false","false","2","2","2","2","false","false","2","2","2","2","false","false","3","3","3","3","false","false","","","","","","","2","2","2","2","false","false"
"2307578b-1a4f-4c47-954f-248103cbe646","conqwill","BR","11","281","","","","","","","2","2","1","2","false","false","4","4","4","4","false","false","2","2","2","2","false","false","","","","","","","3","3","3","3","false","false"
"a882a0c7-88f6-4c03-8185-e1d8753d07e0","Pulverizado","BR","11","282","2","2","2","2","false","false","1","2","1","1","false","false","1","1","1","1","false","false","2","3","1","2","false","false","1","1","1","1","false","false","2","2","1","2","false","false"
"93a41ece-3b83-48f5-8be4-b154a5a4bc48","NightFallS2","BR","11","283","2","2","2","2","false","false","2","2","1","2","false","false","3","3","2","3","false","false","1","1","1","1","false","false","1","1","1","1","false","false","2","2","2","2","false","false"
"c84212ce-2a4e-40fd-b446-bcbbfa369186","WemmbuReverso","BR","11","284","","","","","","","2","2","2","2","false","false","4","4","4","4","false","false","2","2","2","2","false","false","","","","","","","2","3","2","2","false","false"
"dc76c6d4-208a-464b-8666-3dbbc166d58e","HealerAngel3","BR","11","285","","","","","","","","","","","","","3","4","3","3","false","false","2","2","2","2","false","false","3","3","3","3","false","false","2","2","2","2","false","false"
"35046a29-1efb-4672-ab2f-d7b04fdcbc6d","Brnxzzr","BR","11","286","1","2","1","1","false","false","2","2","2","2","false","false","2","2","2","2","false","false","2","2","2","2","false","false","2","2","2","2","false","false","1","1","1","1","false","false"
"b061d5cd-43fc-4277-bb27-21dd2518dcbc","R4toAmasado","BR","11","287","1","1","1","1","false","false","2","2","1","2","false","false","1","1","1","1","false","false","3","3","2","3","false","false","2","2","2","2","false","false","2","2","1","2","false","false"
"d295517a-bd47-4a4a-be44-4d3591675f4e","ovorecheado","BR","11","288","3","3","3","3","false","false","2","2","2","2","false","false","3","3","1","3","false","false","","","","","","","3","3","3","3","false","false","","","","","",""
"4d47975c-a2a1-4735-b33d-c881acc72f2d","k1romi","BR","11","289","2","3","2","2","false","false","2","2","2","2","false","false","1","1","1","1","false","false","1","1","1","1","false","false","1","1","1","1","false","false","3","3","1","3","false","false"
"9127abe5-105d-47ca-a343-20155386fc02","bacwz","BR","11","290","","","","","","","3","3","2","3","false","false","3","3","3","3","false","false","","","","","","","3","3","3","3","false","false","2","2","2","2","false","false"
"a8192ebe-4399-4d7b-aa73-10629aced47e","Ozyrl","BR","11","291","1","1","1","1","false","false","2","2","2","2","false","false","2","2","1","2","false","false","1","1","1","1","false","false","3","3","2","3","false","false","2","2","2","2","false","false"
"0592d879-86de-487f-aa32-bb9414bcc061","Zenaxxzh","BR","11","292","2","2","1","2","false","false","2","2","2","2","false","false","2","2","1","2","false","false","1","1","1","1","false","false","2","2","2","2","false","false","2","2","2","2","false","false"
"cd14d4ed-bba4-4b43-99e9-caceb9138194","lightzwhuzz","BR","11","293","1","1","1","1","false","false","2","2","2","2","false","false","2","2","2","2","false","false","3","3","3","3","false","false","1","1","1","1","false","false","2","2","2","2","false","false"
"fbd78e89-6b61-4897-add9-5a18019223e9","tomatebom","BR","11","294","3","3","3","3","false","false","2","2","2","2","false","false","2","2","2","2","false","false","3","3","3","3","false","false","","","","","","","1","1","1","1","false","false"
"35d8c6ad-4088-4459-9bd5-98791de1f69a","Sekuss","BR","11","295","2","2","2","2","false","false","1","1","1","1","false","false","1","1","1","1","false","false","2","2","2","2","false","false","2","2","2","2","false","false","3","3","3","3","false","false"
"4897a15e-408a-4fdd-8bf6-7ec7fe8ea51c","Lrzynn","BR","11","296","2","2","2","2","false","false","2","2","2","2","false","false","2","2","2","2","false","false","3","3","3","3","false","false","2","2","2","2","false","false","","","","","",""
"332fc138-a6b4-4fc5-a106-a52d7052511d","darkdis0809","BR","10","297","3","3","3","3","false","false","1","1","1","1","false","false","2","2","2","2","false","false","1","1","1","1","false","false","3","3","3","3","false","false","","","","","",""
"3b74faae-ebf8-4a4e-bd57-99a03d8caf91","GtaLibertyCity","BR","10","298","4","4","4","4","false","false","2","3","1","2","false","false","","","","","","","","","","","","","3","3","3","3","false","false","","","","","",""
"5a4122ff-233f-4bd5-a531-caac64498b45","HAZHIRA","CL","10","299","","","","","","","5","6","5","6","false","false","","","","","","","","","","","","","","","","","","","","","","","",""
"82cc7212-f92d-4f97-a6c7-bbb85f3c2c7f","MironVT","CL","10","300","","","","","","","6","6","5","10","false","false","","","","","","","","","","","","","","","","","","","","","","","",""
"74140a37-a8a0-4188-b121-196c6e20bfd7","gui_tchola","BR","10","301","","","","","","","4","5","2","4","false","false","4","4","4","4","false","false","","","","","","","","","","","","","","","","","",""
"6d079abd-ffd0-41bf-bca5-b5603d85a913","SeSupone","AR","10","302","","","","","","","6","6","5","10","false","false","","","","","","","","","","","","","","","","","","","","","","","",""
"9ff83893-2a24-4155-9eb5-6acdfcf9d516","sheetys","BR","10","303","","","","","","","4","4","2","4","false","false","0","5","0","0","false","false","","","","","","","","","","","","","","","","","",""
"b2267565-246d-4795-828b-cff0a6a1e58d","nuraa","EC","10","304","","","","","","","5","6","5","6","false","false","","","","","","","","","","","","","","","","","","","","","","","",""
"a86d46f8-34fc-4348-9280-575519b04b28","Teyun","BR","10","305","","","","","","","4","4","2","4","false","false","2","2","2","2","false","false","","","","","","","2","2","2","2","false","false","2","2","2","2","false","false"
"afda4a0a-358c-40b7-b1fa-858ecc8300f1","trueflow","PE","10","306","","","","","","","0","6","0","0","false","false","","","","","","","","","","","","","","","","","","","","","","","",""
"99000bd8-e2e4-4437-9733-dcd128279bb4","LaMorteDoPato","BR","10","307","","","","","","","3","4","3","3","false","false","3","3","3","3","false","false","","","","","","","3","3","3","3","false","false","","","","","",""
"5b68350c-cf94-49ef-99e1-9ab93c8003ce","Bilizwx7","BR","10","308","","","","","","","3","3","3","3","false","false","2","2","2","2","false","false","2","2","2","2","false","false","2","2","2","2","false","false","1","1","1","1","false","false"
"ea7d683a-1bb7-49ce-80f4-b726820e5d1c","Bastuss047","BR","10","309","1","1","1","1","false","false","4","4","1","4","false","false","1","1","1","1","false","false","2","2","1","2","false","false","1","1","1","1","false","false","1","1","1","1","false","false"
"1b07523f-93d4-4576-9361-f0adb03ce683","Sadwkkj","BR","10","310","2","2","2","2","false","false","2","2","1","2","false","false","1","1","1","1","false","false","2","2","2","2","false","false","2","2","2","2","false","false","1","1","1","1","false","false"
"02c8460a-f991-4a0a-8513-0b15b4788673","Esteebaan","CL","10","311","","","","","","","5","6","5","6","false","false","","","","","","","","","","","","","","","","","","","","","","","",""
"1e46f405-2b50-46e0-95e3-bd75e97a9363","fdnu157","BR","10","312","1","1","1","1","false","false","2","5","2","2","false","false","1","2","1","1","false","false","1","1","1","1","false","false","","","","","","","","","","","",""
"e62d04a9-ab52-4183-9e58-a37aa2718b86","KzexisLegal1533","BR","10","313","3","3","3","3","false","false","2","2","2","2","false","false","2","2","2","2","false","false","1","1","1","1","false","false","1","1","1","1","false","false","1","1","1","1","false","false"
"6917f184-8f78-4b2d-8c7f-15aba2c8554e","198fael","BR","10","314","3","3","3","3","false","false","3","3","3","3","false","false","","","","","","","","","","","","","2","2","2","2","false","false","2","2","2","2","false","false"
"ad32eac6-74a2-48db-ba17-30ed90d7c113","SML787","BR","10","315","3","3","3","3","false","false","","","","","","","0","0","0","0","false","false","4","4","2","4","false","false","","","","","","","3","3","2","3","false","false"
"c10827b5-5c2a-4c44-b512-4062a4c85461","1didizin","BR","10","316","","","","","","","2","2","2","2","false","false","3","3","1","3","false","false","2","2","2","2","false","false","1","1","1","1","false","false","2","2","2","2","false","false"
"649d4c08-30f0-4ff5-9e4b-d155cc1f9745","Ugomes01","BR","10","317","","","","","","","2","3","1","2","false","false","2","2","1","2","false","false","1","1","1","1","false","false","1","1","1","1","false","false","3","3","2","3","false","false"
"c44689e7-3671-4b96-974f-cc52c7ed55de","theprague","BR","10","318","1","1","1","1","false","false","2","2","1","2","false","false","1","1","1","1","false","false","3","3","3","3","false","false","2","2","2","2","false","false","1","1","1","1","false","false"
"ee703636-0b26-4e81-8eb4-a30f0902d587","Sophlol_","BR","10","319","4","4","1","4","false","false","2","2","2","2","false","false","2","2","2","2","false","false","","","","","","","1","1","1","1","false","false","1","1","1","1","false","false"
"b9ec68dd-1b19-420f-bbef-9584ace24660","eduzinkk","BR","10","320","","","","","","","3","3","1","3","false","false","3","3","2","3","false","false","","","","","","","2","2","2","2","false","false","2","2","2","2","false","false"
"53ba8886-01a4-4613-92e9-a647d3ea91cb","guizinducuscuz","BR","10","321","2","2","2","2","false","false","1","2","1","1","false","false","2","2","2","2","false","false","3","3","3","3","false","false","","","","","","","1","1","1","1","false","false"
"7224ba1a-fdd2-467c-8411-ca0a6aa32255","xEdu_YT","BR","10","322","","","","","","","4","4","4","4","false","false","4","5","4","4","false","false","","","","","","","","","","","","","","","","","",""
"3978a90f-6784-4983-b837-904ed9f1bf3a","R10y","BR","10","323","","","","","","","3","3","3","3","false","false","3","3","3","3","false","false","","","","","","","","","","","","","4","4","4","4","false","false"
"19015244-ec22-497c-9c26-0c57be2adcb1","Sancionw","AR","10","324","","","","","","","6","6","6","10","false","false","","","","","","","","","","","","","","","","","","","","","","","",""
"c565eb7e-ff38-48bb-b2f0-3124c76baa76","PietroZ3MO","BR","10","325","3","3","1","3","false","false","2","2","2","2","false","false","","","","","","","2","2","2","2","false","false","1","1","1","1","false","false","2","2","2","2","false","false"
"a5f33682-ec4e-434c-b8fe-af03d41f0e01","OiRainRain","BR","10","326","","","","","","","3","4","3","3","false","false","2","2","2","2","false","false","","","","","","","","","","","","","4","4","4","4","false","false"
"22eca2de-61b2-48aa-8150-10321c4c39e4","larpfieeld","BR","10","327","","","","","","","3","3","3","3","false","false","","","","","","","3","3","3","3","false","false","4","4","4","4","false","false","","","","","",""
"e343da6a-65b0-42b7-bcad-4228ebfc6105","Storm_Stryker_","BR","10","328","","","","","","","","","","","","","","","","","","","5","5","5","6","false","false","4","4","4","4","false","false","","","","","",""
"b7751e76-5869-4401-9849-b6d036abce8b","SilvioTungTung","BR","10","329","2","2","1","2","false","false","1","1","1","1","false","false","0","2","0","0","false","false","2","2","2","2","false","false","1","1","1","1","false","false","2","2","1","2","false","false"
"2a3ec37b-6e82-46e4-89e3-d7bd85859e19","ArtzxTheZac","BR","10","330","","","","","","","3","3","2","3","false","false","","","","","","","","","","","","","4","4","4","4","false","false","3","3","3","3","false","false"
"0fb31679-ffcb-4aa3-b942-7c8a0945b945","ViniciusRanger","BR","10","331","","","","","","","2","3","2","2","false","false","3","3","3","3","false","false","","","","","","","1","1","1","1","false","false","3","3","2","3","false","false"
"273b3092-33f0-469b-af31-dd01d85fbb1b","K1ngmichi","AR","10","332","","","","","","","","","","","","","","","","","","","","","","","","","6","6","6","10","false","false","","","","","",""
"a32ee827-c918-42cf-b532-a1e11fe8c8fc","Vampxr8_","BR","10","333","2","2","1","2","false","false","2","2","2","2","false","false","1","1","1","1","false","false","2","2","1","2","false","false","2","2","2","2","false","false","1","1","1","1","false","false"
"dc566025-4426-4e5d-9f1a-9cab9e30d315","Maratonar","BR","10","334","","","","","","","0","3","0","0","false","false","0","4","0","0","false","false","","","","","","","","","","","","","0","3","0","0","false","false"
"d0b70f19-6df0-44af-8861-246920955042","pedropicapedra","BR","10","335","","","","","","","3","3","2","3","false","false","4","4","3","4","false","false","","","","","","","1","1","1","1","false","false","2","2","2","2","false","false"
"fbadffbe-de9e-477e-aebb-80a301277f18","walmart_x","AR","10","336","1","1","1","1","false","false","2","2","1","2","false","false","3","3","2","3","false","false","2","2","2","2","false","false","","","","","","","2","2","2","2","false","false"
"d00bd44f-5098-47c5-8690-955673df384b","jitzuy","BR","10","337","3","3","3","3","false","false","3","3","1","3","false","false","","","","","","","2","2","2","2","false","false","1","1","1","1","false","false","1","1","1","1","false","false"
"76145bfb-77c3-4990-870b-6c5ed126a3f0","batatatristeS2","BR","10","338","2","2","2","2","false","false","4","4","2","4","false","false","2","2","2","2","false","false","","","","","","","","","","","","","2","2","2","2","false","false"
"9d973271-2077-4d31-8d32-11132ba44eb9","NoWayYwoz","BR","10","339","3","3","3","3","false","false","","","","","","","4","4","4","4","false","false","","","","","","","2","2","2","2","false","false","1","1","1","1","false","false"
"f04a9caa-f613-4a03-b90f-a2f610d1dc52","ThvZZ","BR","10","340","","","","","","","3","3","1","3","false","false","2","2","2","2","false","false","3","3","1","3","false","false","1","1","1","1","false","false","1","1","1","1","false","false"
"9952d659-eaac-4adb-bd60-5188e8a611b6","Dudys","BR","10","341","","","","","","","","","","","","","6","6","6","10","false","false","","","","","","","","","","","","","","","","","",""
"9ebdf9ac-22c0-4409-bee3-6797dfd5b0b7","nclima","BR","10","342","","","","","","","3","3","3","3","false","false","2","2","1","2","false","false","2","2","1","2","false","false","1","1","1","1","false","false","2","2","1","2","false","false"
"0345bd2f-c95a-4f04-b749-776e7cfb12f4","EnricoVA2014","BR","10","343","","","","","","","2","2","2","2","false","false","3","3","3","3","false","false","2","2","1","2","false","false","1","1","1","1","false","false","2","2","2","2","false","false"
"020a614a-6867-466d-84a1-437f726475cd","CaraDeSapao","BR","10","344","2","2","2","2","false","false","2","2","2","2","false","false","2","2","2","2","false","false","1","1","1","1","false","false","","","","","","","3","3","3","3","false","false"
"f550a80b-9747-4e68-a6ce-511fc774d7e5","AfterDarknz","BR","10","345","1","1","1","1","false","false","2","3","2","2","false","false","3","3","3","3","false","false","","","","","","","2","2","2","2","false","false","1","1","1","1","false","false"
"982abd2e-1b6b-487c-995b-460613e95fd7","yasumyzx","BR","10","346","","","","","","","3","4","3","3","false","false","5","5","4","6","false","false","","","","","","","","","","","","","","","","","",""
"25f3bff1-2889-4a5a-b9d3-06713b3f9ab4","ElGato9","BR","10","347","2","2","2","2","false","false","2","2","2","2","false","false","2","2","2","2","false","false","2","2","2","2","false","false","","","","","","","2","2","2","2","false","false"
"61c1f44f-6aed-4a31-be6c-d0763e75a4b9","bontzx","BR","10","348","1","1","1","1","false","false","1","1","1","1","false","false","1","1","1","1","false","false","3","3","1","3","false","false","1","1","1","1","false","false","3","3","3","3","false","false"
"2ced809e-6da2-4a57-844d-205a97f6606e","by_like","BR","10","349","1","1","1","1","false","false","3","3","2","3","false","false","4","4","2","4","false","false","2","2","2","2","false","false","","","","","","","","","","","",""
"413850a1-58f0-4de9-bad7-b6ff9067c237","envyMuda","BR","10","350","","","","","","","2","2","2","2","false","false","2","2","2","2","false","false","2","2","2","2","false","false","2","2","2","2","false","false","2","2","2","2","false","false"
"6c744ff8-3b17-48cf-b3d8-0a529ae24ef1","HatredV","BR","10","351","","","","","","","3","3","2","3","false","false","1","1","1","1","false","false","2","2","2","2","false","false","2","2","2","2","false","false","2","2","2","2","false","false"
"4eda09cb-3056-44cf-a455-7d55f16f70be","Zackszx16","BR","10","352","2","2","2","2","false","false","2","2","2","2","false","false","2","2","2","2","false","false","1","1","1","1","false","false","1","1","1","1","false","false","2","2","2","2","false","false"
"d3a5a262-1f6d-48bb-9f1e-59786bc4635f","blessedraik","AR","10","353","","","","","","","6","6","5","10","false","false","","","","","","","","","","","","","","","","","","","","","","","",""
"845c5065-3ccf-4023-b4f0-c58d7ae48027","FerbSupra","BR","10","354","5","5","3","6","false","false","2","2","2","2","false","false","1","1","1","1","false","false","","","","","","","1","1","1","1","false","false","","","","","",""
"0ba3d767-5078-49cf-80a0-52d93973c80e","iorch123","BR","10","355","","","","","","","2","2","1","2","false","false","1","1","1","1","false","false","4","4","4","4","false","false","1","1","1","1","false","false","2","2","2","2","false","false"
"9ce57d36-81c1-4d05-9dfb-6d3ab7fdbe92","Montheduck","BR","10","356","","","","","","","3","3","3","3","false","false","1","1","1","1","false","false","3","3","3","3","false","false","","","","","","","3","3","3","3","false","false"
"76d59e9f-933a-45cc-8b2b-87dfc44f8431","rem2rem","AR","10","357","","","","","","","5","6","5","6","false","false","","","","","","","","","","","","","","","","","","","","","","","",""
"e893ca2b-cb95-42c0-bb89-faf136695f47","FlayzzBB","BR","10","358","","","","","","","2","2","2","2","false","false","2","2","2","2","false","false","3","3","3","3","false","false","1","1","1","1","false","false","2","2","2","2","false","false"
"7deb4b5e-7bb2-4bd1-a681-63961601690a","Subestimei","BR","10","359","","","","","","","3","3","3","3","false","false","3","3","3","3","false","false","","","","","","","2","2","2","2","false","false","2","2","2","2","false","false"
"e82be54b-668e-4ccd-9814-6045a4a7b469","Bone636","BR","10","360","2","2","2","2","false","false","1","1","1","1","false","false","2","3","2","2","false","false","1","1","1","1","false","false","1","1","1","1","false","false","2","2","2","2","false","false"
"7c63f06e-c5a5-4ebb-9ff2-b586e4c67af6","zynx05","BR","10","361","1","1","1","1","false","false","2","2","2","2","false","false","2","2","2","2","false","false","2","2","1","2","false","false","1","1","1","1","false","false","2","2","2","2","false","false"
"69bd031f-fe8c-4123-99b6-5e0c9e849490","Dead_Creeper_47","BR","10","362","2","2","2","2","false","false","2","2","2","2","false","false","","","","","","","2","2","2","2","false","false","2","2","2","2","false","false","2","2","2","2","false","false"
"4f18510a-dab8-46ca-91fb-7c090cd122eb","DJWillem51","BR","10","363","","","","","","","","","","","","","5","5","5","6","false","false","4","4","4","4","false","false","","","","","","","","","","","",""
"a8e16021-4598-4eb9-97ff-4e5e5536d81e","alfonso12342y","CL","10","364","6","6","6","10","false","false","","","","","","","","","","","","","","","","","","","","","","","","","","","","","",""
"5435aa19-cf98-4f01-a1e1-addc8a5393d4","kanove","BR","10","365","","","","","","","3","3","3","3","false","false","3","3","3","3","false","false","","","","","","","2","2","2","2","false","false","2","2","2","2","false","false"
"6b0d7ad4-820b-4823-8ab7-c285b8b39873","khlaude","BR","9","366","3","3","3","3","false","false","4","4","4","4","false","false","2","2","2","2","false","false","","","","","","","","","","","","","","","","","",""
"567445ef-3740-4aa0-8233-9dbcc40c8beb","Cukizgoat","BR","9","367","5","5","4","6","false","false","","","","","","","","","","","","","","","","","","","","","","","","","3","3","3","3","false","false"
"24c77ae8-f5e3-43ef-a72f-b49ed29fa264","Maxevilard10","BR","9","368","5","5","2","6","false","false","3","3","3","3","false","false","","","","","","","","","","","","","","","","","","","","","","","",""
"b27f42e1-5688-4ddc-bb10-6c72546c4213","Drp_y","BR","9","369","","","","","","","5","5","5","6","false","false","","","","","","","","","","","","","3","3","3","3","false","false","","","","","",""
"73dbb8a9-adc7-4b30-952e-08c109ec75ca","TungTungMath","BR","9","370","4","4","3","4","false","false","3","3","2","3","false","false","","","","","","","","","","","","","","","","","","","2","2","2","2","false","false"
"42f65b7c-e53b-4b9a-b99a-df857f13de78","uksp","BR","9","371","2","2","2","2","false","false","2","3","2","2","false","false","","","","","","","","","","","","","2","2","1","2","false","false","2","2","1","2","false","false"
"ed58471d-3629-4d4c-ba7f-07f9adff5649","Ricoraio","BR","9","372","","","","","","","4","5","4","4","false","false","","","","","","","","","","","","","3","3","3","3","false","false","","","","","",""
"bc817832-b7fa-45ec-857b-c18b467f9e2b","Artyon_Smoker","BR","9","373","3","3","2","3","false","false","3","3","3","3","false","false","","","","","","","","","","","","","3","3","3","3","false","false","","","","","",""
"c9c7d2de-3052-49a6-ac8a-47c10409eec1","Daguizxt","BR","9","374","2","2","2","2","false","false","","","","","","","3","3","3","3","false","false","2","2","2","2","false","false","","","","","","","2","2","2","2","false","false"
"9a38d752-5fdd-4149-aeef-05af00d2caef","XzKittyKau","BR","9","375","3","3","3","3","false","false","3","3","3","3","false","false","2","2","2","2","false","false","","","","","","","","","","","","","1","1","1","1","false","false"
"64164207-4a3f-486d-a8f4-7491e5501436","V0idZadas","BR","9","376","1","2","1","1","false","false","1","1","1","1","false","false","2","2","2","2","false","false","1","2","1","1","false","false","","","","","","","2","2","2","2","false","false"
"ec476f72-7e7d-41fe-ac19-a0121610b358","Expansivo","BR","9","377","4","4","2","4","false","false","2","3","1","2","false","false","","","","","","","","","","","","","","","","","","","2","2","1","2","false","false"
"5a4356f1-25e5-4e01-8d9a-eb01e92a2271","MyPLzinn","BR","9","378","1","2","1","1","false","false","2","2","2","2","false","false","1","1","1","1","false","false","1","1","1","1","false","false","1","1","1","1","false","false","2","2","2","2","false","false"
"0f4637a5-735d-46fa-809a-f25bd38afc63","Jesterxyz_","BR","9","379","","","","","","","4","5","1","4","false","false","3","3","3","3","false","false","","","","","","","","","","","","","","","","","",""
"37d76523-139b-427a-af31-f71303f30d96","27r4in","BR","9","380","2","2","2","2","false","false","2","3","1","2","false","false","2","2","1","2","false","false","","","","","","","1","1","1","1","false","false","1","1","1","1","false","false"
"6910ac3f-5786-4fff-b08d-21cda646059a","Raridade_","BR","9","381","","","","","","","3","3","3","3","false","false","1","1","1","1","false","false","1","1","1","1","false","false","2","2","2","2","false","false","2","2","2","2","false","false"
"1a39d95d-c3bf-49a8-8c92-90f26934e02e","Azyu_","BR","9","382","2","2","2","2","false","false","2","2","2","2","false","false","3","3","3","3","false","false","","","","","","","","","","","","","2","2","2","2","false","false"
"07958303-ffdb-4a68-936c-8b384ea988bf","Rafinha_gelo","BR","9","383","1","2","1","1","false","false","1","1","1","1","false","false","1","2","1","1","false","false","2","2","1","2","false","false","","","","","","","1","2","1","1","false","false"
"b5d2cb20-ce27-46b2-a6a9-f02d908c7f5d","queirozkkk","BR","9","384","1","2","1","1","false","false","2","2","2","2","false","false","2","2","2","2","false","false","1","1","1","1","false","false","","","","","","","2","2","2","2","false","false"
"4af0b6d4-6862-4144-acc5-bce9c15fee54","ZeroEcko","BR","9","385","","","","","","","3","3","3","3","false","false","2","3","2","2","false","false","","","","","","","","","","","","","3","3","3","3","false","false"
"f1dccee1-ae6a-43d5-9b28-d05b175077d3","belsonz","BR","9","386","","","","","","","2","2","2","2","false","false","2","2","2","2","false","false","3","3","3","3","false","false","","","","","","","2","2","1","2","false","false"
"b35a533d-7308-449d-bd61-cad093253dad","gloriador","BR","9","387","","","","","","","0","5","0","0","false","false","3","3","3","3","false","false","","","","","","","","","","","","","","","","","",""
"89059243-5314-451d-8e1c-0703b0aa77ac","x2bt","BR","9","388","3","3","2","3","false","false","2","2","1","2","false","false","","","","","","","1","1","1","1","false","false","2","2","1","2","false","false","1","1","1","1","false","false"
"479644ad-edf6-43cf-8c39-cf0b4e876f44","um_perdedor","BR","9","389","","","","","","","2","2","2","2","false","false","3","3","3","3","false","false","2","2","2","2","false","false","","","","","","","1","2","1","1","false","false"
"7cac5215-ba51-46e5-a397-26342824c5b6","TiltaNaoLerdo","BR","9","390","","","","","","","1","3","1","1","false","false","2","2","2","2","false","false","2","2","1","2","false","false","","","","","","","2","2","2","2","false","false"
"c899ef23-3113-4cbf-a95d-932fcbaa335d","178O","BR","9","391","","","","","","","1","1","1","1","false","false","","","","","","","3","3","3","3","false","false","2","2","2","2","false","false","3","3","3","3","false","false"
"9e5b10ad-5e6d-4e65-878e-07023b327921","Mogell","BR","9","392","2","2","2","2","false","false","3","3","3","3","false","false","2","2","2","2","false","false","","","","","","","","","","","","","2","2","2","2","false","false"
"e6d177f1-5b7f-43b6-b19c-48ade5d31658","leopro1h","BR","9","393","","","","","","","1","1","1","1","false","false","2","2","1","2","false","false","3","3","3","3","false","false","1","1","1","1","false","false","2","2","1","2","false","false"
"53985543-12c1-456d-a94d-072bba22b1be","Chap0lix","BR","9","394","4","4","2","4","false","false","2","2","2","2","false","false","","","","","","","2","2","2","2","false","false","1","1","1","1","false","false","","","","","",""
"49c1fd4a-47c2-45b5-bf1f-cf72e083c13f","NyphlicX","BR","9","395","1","1","1","1","false","false","4","4","3","4","false","false","","","","","","","","","","","","","2","2","2","2","false","false","2","2","2","2","false","false"
"1d71997f-0b65-4a6c-8e8e-eba545b0f5c1","wMaluh","BR","9","396","2","2","1","2","false","false","1","1","1","1","false","false","2","2","2","2","false","false","1","1","1","1","false","false","","","","","","","3","3","1","3","false","false"
"95bc0dd6-d112-485b-91fd-e18a5b65de7a","pl5w","BR","9","397","1","1","1","1","false","false","2","2","1","2","false","false","1","1","1","1","false","false","2","2","2","2","false","false","1","2","1","1","false","false","1","1","1","1","false","false"
"68a5f5ef-281d-4c93-ab5f-d04c6fd9e603","realFlick","BR","9","398","","","","","","","4","4","3","4","false","false","","","","","","","","","","","","","2","2","1","2","false","false","3","3","3","3","false","false"
"87d3c669-8b78-4d93-a17e-78fd3c300afd","xumpe","BR","9","399","1","1","1","1","false","false","1","2","1","1","false","false","3","3","1","3","false","false","","","","","","","1","1","1","1","false","false","1","2","1","1","false","false"
"0c7c8d08-177a-492a-8f17-948dcff39db0","KovanhtNyyz","BR","9","400","5","5","3","6","false","false","1","1","1","1","false","false","","","","","","","1","1","1","1","false","false","1","1","1","1","false","false","","","","","",""
"d68f0bce-1d89-415e-8754-62fb197d75e6","Japa_zhX","BR","9","401","1","1","1","1","false","false","1","1","1","1","false","false","1","2","1","1","false","false","2","2","1","2","false","false","1","1","1","1","false","false","2","2","1","2","false","false"
"61232b04-47e9-4588-b165-c4b7bfb34549","marquei","BR","9","402","","","","","","","3","3","3","3","false","false","4","4","3","4","false","false","2","2","2","2","false","false","","","","","","","","","","","",""
"6878a647-35d1-4fcf-9f1a-5f57437eec32","Wellinton_","BR","9","403","","","","","","","2","2","1","2","false","false","2","2","2","2","false","false","3","3","3","3","false","false","","","","","","","2","2","2","2","false","false"
"87e3c995-1dd7-42c3-937b-e5f4beeb32e6","uDant","BR","9","404","2","2","2","2","false","false","1","2","1","1","false","false","1","1","1","1","false","false","1","1","1","1","false","false","1","1","1","1","false","false","2","2","2","2","false","false"
"a3b679ba-75f4-4375-8e67-5a9b1b450b2b","SaniGoat","BR","9","405","","","","","","","2","2","1","2","false","false","3","3","3","3","false","false","2","2","2","2","false","false","","","","","","","2","2","2","2","false","false"
"197d46b0-f3f5-4f4c-af01-64e795ee763a","Spyzx_","BR","9","406","","","","","","","2","2","2","2","false","false","2","2","1","2","false","false","2","2","2","2","false","false","1","1","1","1","false","false","2","2","2","2","false","false"
"59ff9c63-a4d7-4a92-8265-de3033be4d1d","Perv3rse","BR","9","407","","","","","","","4","5","4","4","false","false","","","","","","","","","","","","","","","","","","","3","3","3","3","false","false"
"3631596e-5180-4197-88e5-fb11bb67adbe","Dioguito126","BR","9","408","","","","","","","","","","","","","4","4","4","4","false","false","2","2","2","2","false","false","","","","","","","3","3","3","3","false","false"
"e24a0a71-bef7-419a-9a00-405b999a82c9","hizku","BR","9","409","","","","","","","0","5","0","0","false","false","","","","","","","","","","","","","3","3","3","3","false","false","","","","","",""
"3d5221cb-6c3a-40c5-a35b-9f481ef77e4e","kenk_","BR","9","410","1","1","1","1","false","false","1","2","1","1","false","false","2","2","1","2","false","false","2","2","2","2","false","false","1","1","1","1","false","false","1","1","1","1","false","false"
"3ca5af9d-dd74-42b3-9f12-c839cd959bd4","Godzsx","BR","9","411","1","1","1","1","false","false","1","2","1","1","false","false","2","2","2","2","false","false","3","3","3","3","false","false","","","","","","","1","1","1","1","false","false"
"6f89ef0a-a285-4ccc-bff6-68340d624351","kerialink","BR","9","412","","","","","","","3","3","2","3","false","false","5","5","5","6","false","false","","","","","","","","","","","","","","","","","",""
"eafd6238-d41d-4439-bdb8-d3ef13a58ac1","IamLitty","BR","9","413","","","","","","","2","2","2","2","false","false","3","3","3","3","false","false","2","2","2","2","false","false","","","","","","","2","2","2","2","false","false"
"a11e8d7a-f7ab-4d2a-b314-1acd5aee4cd7","DudaJureii","BR","9","414","","","","","","","2","2","2","2","false","false","2","2","1","2","false","false","2","2","1","2","false","false","1","1","1","1","false","false","2","2","2","2","false","false"
"7c6eec7e-f2a6-4c03-86dd-3acd0034907e","MERCURIO2111","BR","9","415","1","2","1","1","false","false","1","2","1","1","false","false","1","2","1","1","false","false","1","2","1","1","false","false","1","1","1","1","false","false","","","","","",""
"3855a675-d486-4a39-9f96-9094ae76d30e","fracasando","AR","9","416","5","5","5","6","false","false","","","","","","","","","","","","","","","","","","","","","","","","","3","3","3","3","false","false"
"6556793c-9b56-4a13-b986-f2dc1b315c6e","Myyel","BR","9","417","","","","","","","3","3","3","3","false","false","2","3","2","2","false","false","","","","","","","","","","","","","3","3","3","3","false","false"
"7690205f-6a7b-4cb5-9474-3ec1acac7032","P3terbot_","BR","9","418","2","2","2","2","false","false","2","2","2","2","false","false","1","1","1","1","false","false","2","2","2","2","false","false","","","","","","","2","2","2","2","false","false"
"a2db242d-5768-489d-a0ba-69bfe42bfed6","Tutupons","BR","9","419","","","","","","","2","2","2","2","false","false","2","2","2","2","false","false","3","3","2","3","false","false","","","","","","","2","2","2","2","false","false"
"3097d8ff-9823-4b60-b11d-82ef1709de39","yFalleen","BR","9","420","","","","","","","4","4","3","4","false","false","3","3","3","3","false","false","","","","","","","2","2","2","2","false","false","","","","","",""
"e53ad8a4-3799-4c71-a33a-0476d8559c1e","lowsalty","BR","9","421","","","","","","","3","5","3","3","false","false","","","","","","","3","3","3","3","false","false","","","","","","","","","","","",""
"381f730c-7e7e-4077-a2ce-d7dda83d7599","yoKittyKrow","BR","9","422","2","2","2","2","false","false","2","2","2","2","false","false","1","1","1","1","false","false","1","1","1","1","false","false","1","1","1","1","false","false","1","2","1","1","false","false"
"0fb75dc7-579f-4b89-a7d4-917b13071eb9","PiorQueBot","BR","9","423","2","2","2","2","false","false","1","1","1","1","false","false","2","2","2","2","false","false","2","2","2","2","false","false","","","","","","","2","2","2","2","false","false"
"8d3d9082-8593-4489-9653-f094d9756fe2","Pebel_","BR","9","424","","","","","","","2","2","2","2","false","false","2","2","1","2","false","false","3","3","3","3","false","false","","","","","","","2","2","2","2","false","false"
"978c01ea-ef5d-4cef-a42a-c3d75ace6acb","GabzinW_","BR","9","425","","","","","","","2","2","1","2","false","false","1","1","1","1","false","false","2","2","2","2","false","false","1","1","1","1","false","false","1","3","1","1","false","false"
"846566d8-2094-4b7b-8e6d-12a82a7afb29","Flooqey","BR","9","426","","","","","","","4","4","4","4","false","false","","","","","","","2","2","2","2","false","false","","","","","","","3","3","3","3","false","false"
"c447a026-68c6-4007-9775-ea608f38bd72","JustSeekenn","BR","9","427","","","","","","","2","2","2","2","false","false","3","3","2","3","false","false","2","2","2","2","false","false","","","","","","","2","2","2","2","false","false"
"7026551f-ef25-4bd0-89d0-10987388ccce","0_wIn","BR","9","428","3","3","3","3","false","false","","","","","","","2","2","2","2","false","false","","","","","","","2","2","2","2","false","false","2","2","2","2","false","false"
"ff67da4c-4795-46b5-bfca-d5fb104f5e38","Akkuroneline","BR","9","429","","","","","","","2","2","2","2","false","false","4","4","4","4","false","false","2","2","2","2","false","false","1","1","1","1","false","false","","","","","",""
"20b2f63f-00ef-4685-8ed4-c2d564a6d796","josuejo1","BR","9","430","1","1","1","1","false","false","2","2","2","2","false","false","3","3","3","3","false","false","1","1","1","1","false","false","","","","","","","2","2","2","2","false","false"
"e15d9c27-faed-4382-ad46-420654c37b4c","temoroo","BR","9","431","","","","","","","0","5","0","0","false","false","3","3","3","3","false","false","","","","","","","","","","","","","","","","","",""
"f4f679c2-b147-4877-a791-c41fcd5d46eb","Jandrawn","BR","9","432","1","1","1","1","false","false","2","2","1","2","false","false","1","1","1","1","false","false","3","3","2","3","false","false","1","1","1","1","false","false","1","1","1","1","false","false"
"a4e63b6b-2e58-4f88-b378-6bb30fa6b56f","zAstraXD","BR","9","433","","","","","","","3","3","3","3","false","false","2","2","2","2","false","false","","","","","","","2","2","2","2","false","false","2","2","2","2","false","false"
"dd885dda-2ecc-4b40-aa60-70c9b9e18e06","SrMigu26","BR","9","434","1","1","1","1","false","false","2","2","1","2","false","false","2","2","1","2","false","false","2","2","2","2","false","false","1","1","1","1","false","false","1","1","1","1","false","false"
"22134496-4867-4b81-8a09-db9e1ad57433","tokiita","BR","9","435","","","","","","","","","","","","","4","4","3","4","false","false","","","","","","","2","2","2","2","false","false","3","3","3","3","false","false"
"f920df2f-a230-4a4f-89c5-8db202e1140e","_sleezer","BR","9","436","","","","","","","4","5","4","4","false","false","","","","","","","","","","","","","","","","","","","3","3","3","3","false","false"
"a11e7c9b-bdb1-4611-ab48-8be7dc4ef0b3","JayzPrime_","BR","9","437","2","2","2","2","false","false","2","2","2","2","false","false","1","1","1","1","false","false","2","2","2","2","false","false","1","1","1","1","false","false","1","1","1","1","false","false"
"33d4ed14-e97c-4ff6-ab67-b4c606b70fbf","3984532454","BR","9","438","","","","","","","2","2","2","2","false","false","2","2","2","2","false","false","2","2","2","2","false","false","","","","","","","3","3","3","3","false","false"
"081d9d61-1d7a-4b28-8da5-a03688389fdd","lucasj201","BR","9","439","1","1","1","1","false","false","2","2","2","2","false","false","2","2","2","2","false","false","2","2","2","2","false","false","2","2","2","2","false","false","","","","","",""
"ea15373c-6850-4358-9c2b-406bc509133f","xCarlosBR","BR","9","440","1","1","1","1","false","false","2","2","2","2","false","false","2","2","2","2","false","false","","","","","","","2","2","2","2","false","false","2","2","2","2","false","false"
"f93b2728-bb12-4d43-ab51-304124137073","_Vynxz_","BR","9","441","4","4","4","4","false","false","2","2","2","2","false","false","","","","","","","","","","","","","2","2","2","2","false","false","1","1","1","1","false","false"
"6fbe875c-3cbe-4e9f-8682-39361a91d3f2","cloujo4","BR","9","442","1","1","1","1","false","false","2","2","2","2","false","false","2","2","2","2","false","false","2","2","1","2","false","false","1","1","1","1","false","false","1","1","1","1","false","false"
"8525e4f1-d67f-4e27-b83e-cf75fee15ab4","BR1_Tulachika","CL","9","443","5","5","5","6","false","false","3","3","3","3","false","false","","","","","","","","","","","","","","","","","","","","","","","",""
"c028e160-5ce1-4775-a218-779d5acff7bb","IsJonnFake","BR","9","444","","","","","","","3","3","3","3","false","false","","","","","","","","","","","","","3","3","3","3","false","false","3","3","3","3","false","false"
"4b79d726-61b6-47d1-9e06-f8e4bcd86e64","miggyznx","BR","9","445","1","1","1","1","false","false","1","1","1","1","false","false","2","2","2","2","false","false","2","2","2","2","false","false","1","1","1","1","false","false","2","2","2","2","false","false"
"4e96f921-d454-4467-b5e0-92cee9a553b8","NoXy_XxX","BR","9","446","1","1","1","1","false","false","3","3","3","3","false","false","2","2","2","2","false","false","1","1","1","1","false","false","","","","","","","2","2","2","2","false","false"
"aa9757ff-9054-465b-8a13-9c39236146c7","lucac3te","BR","9","447","2","2","2","2","false","false","3","3","3","3","false","false","1","1","1","1","false","false","2","2","2","2","false","false","","","","","","","1","1","1","1","false","false"
"9313b3e0-cad5-4853-bd5e-fe00a7578164","ZeroSalts","BR","9","448","","","","","","","3","3","3","3","false","false","4","4","4","4","false","false","","","","","","","","","","","","","2","2","2","2","false","false"
"be81a69c-ee4d-4494-9e69-0b862d0ea32e","kropsk","BR","8","449","3","5","2","3","false","false","1","2","0","1","false","false","","","","","","","","","","","","","","","","","","","","","","","",""
"8e193cc5-fb04-41c4-8f3d-11d6d909682b","GsEmpty","BR","8","450","","","","","","","4","4","2","4","false","false","1","1","1","1","false","false","1","1","1","1","false","false","2","2","2","2","false","false","","","","","",""
"58eb94e6-7d17-42d1-acda-6e9157fb2c60","Flxmys","BR","8","451","","","","","","","4","5","4","4","false","false","","","","","","","","","","","","","","","","","","","2","2","2","2","false","false"
"8ed43925-9735-45f5-a1c3-104d8412ef3e","IFrogX","BR","8","452","","","","","","","1","2","1","1","false","false","3","3","3","3","false","false","1","1","1","1","false","false","","","","","","","2","2","2","2","false","false"
"395162a1-5e87-4997-a7fd-45544fa5e5d7","ykkxzzs","BR","8","453","4","4","3","4","false","false","","","","","","","3","3","3","3","false","false","1","1","1","1","false","false","","","","","","","","","","","",""
"24456c08-10e1-4797-96df-f01de86545c9","Shadompex","CL","8","454","","","","","","","","","","","","","4","4","4","4","false","false","","","","","","","4","4","4","4","false","false","","","","","",""
"b589255a-356e-41d0-9db5-8341626a13fe","bozinholol","BR","8","455","4","4","3","4","false","false","2","2","2","2","false","false","","","","","","","2","2","2","2","false","false","","","","","","","","","","","",""
"8036b6c6-b39f-4ec6-94d3-67898cd1c43d","tukasApenas","BR","8","456","","","","","","","4","4","4","4","false","false","2","2","1","2","false","false","","","","","","","","","","","","","2","2","2","2","false","false"
"f7ba07b5-a222-41c7-9ee4-e8844b036f7e","risokxzzzzzz","BR","8","457","3","3","3","3","false","false","2","2","2","2","false","false","3","3","3","3","false","false","","","","","","","","","","","","","","","","","",""
"0b213737-c0e6-4eb2-81bc-d6604b591e9e","Dormindo021","BR","8","458","2","2","2","2","false","false","1","1","1","1","false","false","1","1","1","1","false","false","1","1","1","1","false","false","2","2","2","2","false","false","1","1","1","1","false","false"
"58dd834f-abcc-43d8-b82c-ab7b1b1413e9","Dpm_0_0_","BR","8","459","1","1","1","1","false","false","2","2","1","2","false","false","1","1","1","1","false","false","2","2","2","2","false","false","","","","","","","2","2","2","2","false","false"
"a435e87a-1497-4c2c-aab0-488054d3a4da","Fainariti","BR","8","460","","","","","","","4","4","4","4","false","false","","","","","","","","","","","","","4","4","4","4","false","false","","","","","",""
"5804b946-c080-4b53-bc0a-ca9a41ad466d","kovanthMTZ","BR","8","461","5","5","2","6","false","false","2","2","2","2","false","false","","","","","","","","","","","","","","","","","","","","","","","",""
"3da191da-d1f5-4847-b980-f2873eb714bc","V10rei","BR","8","462","","","","","","","1","2","1","1","false","false","2","2","2","2","false","false","","","","","","","1","1","1","1","false","false","2","3","2","2","false","false"
"0a540ef9-a825-4acd-9853-1c1aec11f27c","ZeroFlagged","BR","8","463","3","3","2","3","false","false","4","4","2","4","false","false","","","","","","","","","","","","","","","","","","","1","1","1","1","false","false"
"c570ef7d-4ba9-49d3-b32e-0d5946c7545a","bylinguiK1ng","BR","8","464","2","2","2","2","false","false","2","2","1","2","false","false","2","2","2","2","false","false","","","","","","","","","","","","","2","2","2","2","false","false"
"d01bd963-3408-4b7c-b894-70d15efa15c5","iloveddlcplus","BR","8","465","2","2","2","2","false","false","","","","","","","","","","","","","2","2","2","2","false","false","","","","","","","4","4","4","4","false","false"
"1514e8d8-9431-43ee-8f86-7bc8c8756d24","_snwo","BR","8","466","5","5","3","6","false","false","2","2","2","2","false","false","","","","","","","","","","","","","","","","","","","","","","","",""
"4c82963b-9fe6-44a8-861d-f84b404e20a9","satisfazendo","BR","8","467","1","1","1","1","false","false","1","2","1","1","false","false","2","2","1","2","false","false","","","","","","","1","1","1","1","false","false","2","2","1","2","false","false"
"bb2f0028-2236-4d17-8d89-2f66846992a5","yukithemutee","BR","8","468","","","","","","","3","3","3","3","false","false","3","3","3","3","false","false","","","","","","","","","","","","","2","2","2","2","false","false"
"cd6f4c67-2c39-4b8c-b1b7-2bb97acbe7ae","Caduj","BR","8","469","","","","","","","3","3","2","3","false","false","","","","","","","3","3","2","3","false","false","","","","","","","2","2","2","2","false","false"
"0e5df6d1-ac5a-4dea-a04d-877712a2c7ba","ImSxmpaio","BR","8","470","1","1","1","1","false","false","3","3","3","3","false","false","","","","","","","2","2","2","2","false","false","","","","","","","2","2","2","2","false","false"
"c71cc80c-395d-41c0-9fce-79c76b52d744","Guilherme04v__","BR","8","471","","","","","","","2","3","2","2","false","false","2","2","2","2","false","false","","","","","","","","","","","","","3","3","2","3","false","false"
"b1c1ef96-e04a-47f7-9a19-594aecb6b1ab","GanleyGG_","BR","8","472","1","1","1","1","false","false","2","2","2","2","false","false","2","2","1","2","false","false","1","1","1","1","false","false","","","","","","","2","2","2","2","false","false"
"f7b97614-5ea5-428e-8467-b1a9f833ca45","Ltheus","BR","8","473","","","","","","","4","5","1","4","false","false","","","","","","","","","","","","","2","2","2","2","false","false","","","","","",""
"772b3317-0b7e-4aae-a1af-9109cef12e85","filhodopkb","BR","8","474","","","","","","","4","4","1","4","false","false","1","1","1","1","false","false","1","1","1","1","false","false","","","","","","","2","2","1","2","false","false"
"bfb36504-18e1-40c0-b56b-60e911de9b01","Qbvault","BR","8","475","2","3","2","2","false","false","1","1","1","1","false","false","1","1","1","1","false","false","1","1","1","1","false","false","1","1","1","1","false","false","1","1","1","1","false","false"
"9cf6820e-0ef4-4412-a0d6-1e86b9693661","Bestedforagopro","BR","8","476","","","","","","","","","","","","","4","4","4","4","false","false","","","","","","","","","","","","","4","4","4","4","false","false"
"cdd7576c-1e03-4ff7-9640-c83e482a17fd","SrChapeuHa","BR","8","477","2","2","2","2","false","false","2","2","2","2","false","false","","","","","","","2","2","1","2","false","false","","","","","","","2","2","2","2","false","false"
"c07bd973-dfdd-444f-bbdf-cdbff468d17e","Resenhou","BR","8","478","3","3","2","3","false","false","","","","","","","1","1","1","1","false","false","3","3","3","3","false","false","","","","","","","1","1","1","1","false","false"
"0ce5f72c-3934-4fae-bf64-117432331ba4","Blackizin","BR","8","479","1","1","1","1","false","false","2","2","1","2","false","false","1","3","1","1","false","false","","","","","","","1","1","1","1","false","false","1","1","1","1","false","false"
"12528d90-e8d0-436c-a297-70943fbeba22","wqpdXD","BR","8","480","","","","","","","3","3","3","3","false","false","1","2","1","1","false","false","","","","","","","1","1","1","1","false","false","2","2","2","2","false","false"
"7dc5cd32-cb3d-411d-9f29-cc0600ed3227","colph","BR","8","481","","","","","","","3","3","3","3","false","false","","","","","","","","","","","","","2","2","2","2","false","false","3","3","3","3","false","false"
"47b081c7-5ac6-435f-8125-b2981423b60f","Nickyzinn","BR","8","482","","","","","","","3","3","2","3","false","false","1","2","1","1","false","false","","","","","","","2","2","2","2","false","false","1","1","1","1","false","false"
"7519febf-73d5-4e10-a276-17079221bbec","maick00","BR","8","483","2","2","1","2","false","false","1","2","1","1","false","false","2","2","2","2","false","false","","","","","","","","","","","","","2","2","2","2","false","false"
"540abe01-b443-4c60-852a-842298bb7b28","Sir_Enn0xx","BR","8","484","","","","","","","2","2","1","2","false","false","","","","","","","2","3","2","2","false","false","","","","","","","3","3","2","3","false","false"
"b4d15ddd-d4f2-4b82-86a4-606654c48ff2","Netoxpz","BR","8","485","","","","","","","1","1","1","1","false","false","2","2","2","2","false","false","3","3","1","3","false","false","1","1","1","1","false","false","1","1","1","1","false","false"
"7b31197b-9e65-4c45-8490-df5ce35357ab","L7O1","BR","8","486","3","3","2","3","false","false","1","1","1","1","false","false","","","","","","","2","2","2","2","false","false","2","2","2","2","false","false","","","","","",""
"383e4c1b-a2ad-4653-87ee-bcb66b2f809c","ghosttruux","BR","8","487","","","","","","","2","2","2","2","false","false","2","2","2","2","false","false","1","1","1","1","false","false","","","","","","","3","3","3","3","false","false"
"a8d1e1e7-de59-4b3e-9f6e-de52d1257f0d","Fusc4","BR","8","488","","","","","","","2","3","2","2","false","false","","","","","","","3","3","2","3","false","false","","","","","","","2","2","2","2","false","false"
"c29ea963-a5b3-4697-afc9-cdc4f6acb763","Irrealista","BR","8","489","","","","","","","1","2","1","1","false","false","1","3","1","1","false","false","1","1","1","1","false","false","1","1","1","1","false","false","1","1","1","1","false","false"
"215fa21e-df1e-4594-bc42-a104b0e0d53d","veighass","BR","8","490","","","","","","","2","2","2","2","false","false","3","3","3","3","false","false","","","","","","","3","3","3","3","false","false","","","","","",""
"99272e8f-347a-4343-a15e-cef72fde375a","piercedwoi","BR","8","491","","","","","","","3","3","3","3","false","false","1","1","1","1","false","false","","","","","","","","","","","","","2","4","2","2","false","false"
"4eb06f7a-7970-41eb-87bd-47c9f1c4340e","SrCientist","BR","8","492","","","","","","","2","2","2","2","false","false","","","","","","","3","3","1","3","false","false","","","","","","","3","3","2","3","false","false"
"899bd993-e15b-47be-9fd9-4770ef657d32","jugab10","BR","8","493","1","1","1","1","false","false","2","2","2","2","false","false","2","2","2","2","false","false","","","","","","","1","1","1","1","false","false","2","2","2","2","false","false"
"20c43446-4f76-44f1-a574-3f5f5b48f95e","CauaGG_","BR","8","494","2","2","1","2","false","false","2","2","2","2","false","false","1","1","1","1","false","false","2","2","1","2","false","false","","","","","","","1","1","1","1","false","false"
"7466895a-33c1-4c7b-bc38-9a0eaa7a33b7","gojoeditszx__lt5","BR","8","495","1","1","1","1","false","false","1","1","1","1","false","false","1","1","1","1","false","false","2","2","1","2","false","false","1","1","1","1","false","false","1","2","1","1","false","false"
"93136e85-0290-414e-8c21-d5cadf4198fb","LowNezz","BR","8","496","","","","","","","2","2","2","2","false","false","3","3","1","3","false","false","","","","","","","1","2","1","1","false","false","1","1","1","1","false","false"
"df8e2e73-479f-4116-8470-96ded483fd04","Matheus_Knup","BR","8","497","1","2","1","1","false","false","2","2","2","2","false","false","1","1","1","1","false","false","2","2","2","2","false","false","","","","","","","1","1","1","1","false","false"
"54c9ac8f-6e18-420e-8d47-8dba877a67a2","DrEndoSirk","CL","8","498","","","","","","","4","5","4","4","false","false","","","","","","","2","2","2","2","false","false","","","","","","","","","","","",""
"ae151032-45cb-45ff-bf41-5867239eff43","offhatesarroba","BR","8","499","","","","","","","2","2","2","2","false","false","3","3","3","3","false","false","3","3","3","3","false","false","","","","","","","","","","","",""
"4ee69bfb-7421-4da5-8df7-aba95b7ef288","HenriqueLB","BR","8","500","","","","","","","","","","","","","","","","","","","2","2","2","2","false","false","","","","","","","5","5","3","6","false","false"
"43b42c11-5589-4bcc-be59-33a85af2d9c6","vyxzw","BR","8","501","","","","","","","3","3","3","3","false","false","1","1","1","1","false","false","1","1","1","1","false","false","1","1","1","1","false","false","2","2","2","2","false","false"
"e93849db-37a7-47f2-b394-9e1507a33bfd","YamalGooner","BR","8","502","3","3","3","3","false","false","3","3","3","3","false","false","","","","","","","","","","","","","2","2","2","2","false","false","","","","","",""
"0d795ca6-9fe5-4c92-8f28-19b5024d469c","maybeql","BR","8","503","5","5","3","6","false","false","","","","","","","","","","","","","2","2","2","2","false","false","","","","","","","","","","","",""
"cc5c1587-653c-4f0b-ab1b-1e310e5d02fc","JustSword_","BR","8","504","","","","","","","3","3","2","3","false","false","1","1","1","1","false","false","1","1","1","1","false","false","1","1","1","1","false","false","2","2","2","2","false","false"
"2e1a449d-fe1a-462a-aa72-83cbda50805d","Sureyaa","BR","8","505","","","","","","","2","2","2","2","false","false","3","3","2","3","false","false","","","","","","","3","3","2","3","false","false","","","","","",""
"c5674415-46d7-438e-9f3e-ed73acd63b11","Traumatizei","BR","8","506","2","2","2","2","false","false","1","1","1","1","false","false","2","2","2","2","false","false","","","","","","","1","1","1","1","false","false","2","2","2","2","false","false"
"1fe1f7d6-12e2-49cf-813d-d23abce20c8c","LumiAstral_","BR","8","507","3","3","2","3","false","false","2","2","2","2","false","false","2","2","2","2","false","false","","","","","","","1","1","1","1","false","false","","","","","",""
"ea1ea046-adc8-440e-a7df-62257af361a1","HKE_","BR","8","508","","","","","","","2","2","2","2","false","false","2","2","2","2","false","false","","","","","","","3","3","3","3","false","false","1","1","1","1","false","false"
"68e44af0-3e5e-46ed-be01-6d3cadf4caa5","nobruapelao100","BR","8","509","2","2","2","2","false","false","2","2","2","2","false","false","","","","","","","2","2","2","2","false","false","","","","","","","2","2","2","2","false","false"
"3d2b404c-3745-4832-a5a0-b3d81b9fd641","IrmaoDoBill","BR","8","510","","","","","","","1","1","1","1","false","false","","","","","","","4","4","3","4","false","false","","","","","","","3","3","3","3","false","false"
"137ea3d2-0250-489f-8b77-da82c02a1d60","capibarafan123","BR","8","511","1","1","1","1","false","false","1","1","1","1","false","false","2","2","2","2","false","false","2","2","1","2","false","false","1","1","1","1","false","false","1","1","1","1","false","false"
"1516a222-7c09-4fa1-b38c-2d75380c3572","Bracin07","BR","8","512","1","1","1","1","false","false","3","3","1","3","false","false","1","1","1","1","false","false","2","2","2","2","false","false","1","1","1","1","false","false","","","","","",""
"dc15c1ab-0038-4a50-80df-ca9e3baf79ad","mickael7z","BR","8","513","2","2","2","2","false","false","2","2","1","2","false","false","2","2","1","2","false","false","","","","","","","1","2","1","1","false","false","","","","","",""
"b7e54839-be45-4d31-855e-274d2aec5863","_PandaGG_","BR","8","514","1","1","1","1","false","false","2","2","1","2","false","false","1","1","1","1","false","false","2","2","2","2","false","false","1","1","1","1","false","false","1","1","1","1","false","false"
"904ff3d1-307f-46e3-b3c2-698463189c31","PyromaniacVV","BR","8","515","","","","","","","2","2","2","2","false","false","1","1","1","1","false","false","2","2","1","2","false","false","3","3","3","3","false","false","","","","","",""
"910dcabd-69e5-4bdb-a79e-4c45fded6ef5","NewCrowned","BR","8","516","","","","","","","2","2","2","2","false","false","2","2","2","2","false","false","1","1","1","1","false","false","1","1","1","1","false","false","2","2","2","2","false","false"
"a61f5fc2-9b48-4bea-9855-adb3f71e0790","TUTUAM18","BR","8","517","1","1","1","1","false","false","2","2","2","2","false","false","","","","","","","2","2","2","2","false","false","","","","","","","3","3","3","3","false","false"
"e11a2e8e-ec22-447d-8d5e-53ed67b59a35","marcolike","BR","8","518","","","","","","","3","3","3","3","false","false","1","1","1","1","false","false","","","","","","","2","2","2","2","false","false","2","2","2","2","false","false"
"60a458d0-f66a-4df1-9a60-f839da9c3693","notekbr","BR","8","519","3","3","2","3","false","false","3","4","3","3","false","false","","","","","","","","","","","","","","","","","","","1","1","1","1","false","false"
"c558ec22-e012-4c4a-9ccd-50f508abd184","NogonzZ","BR","8","520","1","1","1","1","false","false","2","2","2","2","false","false","1","1","1","1","false","false","2","2","2","2","false","false","1","1","1","1","false","false","1","1","1","1","false","false"
"d63f1d17-dcda-42b7-86ae-7aac1a3bc57a","ItzCarloC","BR","8","521","","","","","","","2","2","2","2","false","false","","","","","","","4","4","4","4","false","false","","","","","","","2","2","2","2","false","false"
"67d9e928-fdc5-4025-a4a0-10001eb56109","Belonex00PVP","BR","8","522","1","1","1","1","false","false","1","1","1","1","false","false","1","1","1","1","false","false","1","1","1","1","false","false","1","1","1","1","false","false","3","3","3","3","false","false"
"d2df1893-f969-4dd3-95a3-122dfc383ea7","luisdoxvdss","BR","8","523","1","1","1","1","false","false","2","2","2","2","false","false","2","2","2","2","false","false","","","","","","","3","3","3","3","false","false","","","","","",""
"df866a73-15a6-4cd9-aa44-6d79b94c5495","EvSouzx777_","BR","8","524","","","","","","","2","2","2","2","false","false","2","2","2","2","false","false","3","3","2","3","false","false","","","","","","","1","1","1","1","false","false"
"66587fb0-6fe5-4ee5-aad8-f0e3657f7912","Mortalknot","BR","7","525","3","3","2","3","false","false","1","1","1","1","false","false","","","","","","","1","1","1","1","false","false","1","1","1","1","false","false","1","1","1","1","false","false"
"e8168585-46d1-4f01-b885-941c6f9c5cfa","ashvie","BR","7","526","","","","","","","4","4","3","4","false","false","","","","","","","3","3","3","3","false","false","","","","","","","","","","","",""
"7715acad-d393-4020-8ebb-61130c4fa3c5","4yum","CL","7","527","4","4","4","4","false","false","","","","","","","","","","","","","3","3","3","3","false","false","","","","","","","","","","","",""
"408007f6-fbf2-45a0-b10b-756c960877e3","Paulista__","BR","7","528","3","3","1","3","false","false","1","3","1","1","false","false","1","1","1","1","false","false","","","","","","","","","","","","","","","","","",""
"b13bad26-5eb5-4c35-897d-5d2487919454","DemonSlayerywy","BR","7","529","4","4","1","4","false","false","1","1","1","1","false","false","","","","","","","2","2","2","2","false","false","","","","","","","","","","","",""
"f5dd49eb-867c-454b-8ab7-75dbf0f167f0","moonagiota_","BR","7","530","4","4","3","4","false","false","","","","","","","","","","","","","3","3","3","3","false","false","","","","","","","","","","","",""
"5d03f608-bb8c-47f6-bcaa-741ee84959d0","Mimicz_0","BR","7","531","4","4","3","4","false","false","3","3","2","3","false","false","","","","","","","","","","","","","","","","","","","","","","","",""
"e4eedb8b-ddda-4bd9-9a17-dfa4a234946c","Mr_LiMAN","BR","7","532","2","2","1","2","false","false","2","2","1","2","false","false","","","","","","","","","","","","","3","3","3","3","false","false","","","","","",""
"ba7ad7c7-2684-427f-9f57-8e30a0c19017","sanorar","BR","7","533","","","","","","","2","2","2","2","false","false","2","2","1","2","false","false","","","","","","","","","","","","","3","3","3","3","false","false"
"ed28653b-7152-47a7-9ecd-4a0474242d4d","PrimeQuelchi","BR","7","534","3","3","2","3","false","false","3","3","3","3","false","false","","","","","","","1","1","1","1","false","false","","","","","","","","","","","",""
"87439ff3-dda6-4081-825a-2972a3fc89c6","Groovy1v9","BR","7","535","","","","","","","4","5","2","4","false","false","1","1","1","1","false","false","","","","","","","","","","","","","","","","","",""
"5327db80-7936-4e91-8d74-eddbaf36e2b7","Or13biR","BR","7","536","1","1","1","1","false","false","2","2","1","2","false","false","1","1","1","1","false","false","2","2","1","2","false","false","","","","","","","1","1","1","1","false","false"
"cc146958-fb6f-4291-ac6b-c0f777da1bc5","K1RB2","BR","7","537","5","5","3","6","false","false","","","","","","","1","1","1","1","false","false","","","","","","","","","","","","","","","","","",""
"3c754b02-fac0-489e-ad85-da4685d42bf9","RetiredKing","BR","7","538","4","4","1","4","false","false","2","2","2","2","false","false","1","1","1","1","false","false","","","","","","","","","","","","","","","","","",""
"39badcc0-5f76-4858-ad7d-9f0adba10a38","demonislife","BR","7","539","","","","","","","4","4","4","4","false","false","3","3","3","3","false","false","","","","","","","","","","","","","","","","","",""
"e1ed46b2-1804-4cea-8f75-4990dfaccc40","GoneStar","BR","7","540","2","2","2","2","false","false","2","2","2","2","false","false","2","2","2","2","false","false","","","","","","","","","","","","","1","1","1","1","false","false"
"9fd12bd8-ac78-41e0-bda0-217e83cc7e94","ExcamDtaps3","BR","7","541","","","","","","","3","3","1","3","false","false","2","2","2","2","false","false","2","2","2","2","false","false","","","","","","","","","","","",""
"cb5e6324-455d-4277-8011-4ef4ba44c20b","fp1_","BR","7","542","","","","","","","2","3","2","2","false","false","1","2","1","1","false","false","","","","","","","","","","","","","2","2","2","2","false","false"
"059b6b95-1fd7-44fb-bd8c-34dd77a531a2","vinisans_8","BR","7","543","","","","","","","2","2","2","2","false","false","2","2","1","2","false","false","1","1","1","1","false","false","","","","","","","2","2","2","2","false","false"
"0dcc1625-d8cb-4da2-9763-110dedbb854e","luksz2k","BR","7","544","2","2","1","2","false","false","2","2","1","2","false","false","","","","","","","2","2","2","2","false","false","","","","","","","1","1","1","1","false","false"
"2182f6db-1507-4469-af4a-ef472e5ec638","samucaXdaXtijuca","BR","7","545","","","","","","","2","3","2","2","false","false","2","2","2","2","false","false","","","","","","","","","","","","","2","2","2","2","false","false"
"685f2d14-9227-4902-b94e-9dee2f368b1b","Vardih_PVP","BR","7","546","1","1","1","1","false","false","0","2","0","0","false","false","0","0","0","0","false","false","2","2","2","2","false","false","1","1","1","1","false","false","1","1","1","1","false","false"
"31171397-9974-43cb-a324-dc4b69165d29","snipergremista","BR","7","547","","","","","","","2","2","2","2","false","false","","","","","","","3","4","2","3","false","false","1","1","1","1","false","false","","","","","",""
"49e371ef-ddc3-48cc-b6f2-ad2e012fd4ea","Luzes7","BR","7","548","","","","","","","1","1","1","1","false","false","2","2","2","2","false","false","2","2","2","2","false","false","1","1","1","1","false","false","1","1","1","1","false","false"
"1c28a373-9202-449c-a55e-5f4ce9f04caa","DKABC","BR","7","549","","","","","","","3","4","3","3","false","false","1","1","1","1","false","false","","","","","","","","","","","","","2","2","2","2","false","false"
"8dc49adb-7642-4cee-98f3-fe66398ed348","rosecaixaopodi","BR","7","550","","","","","","","3","3","2","3","false","false","1","2","1","1","false","false","2","2","2","2","false","false","","","","","","","","","","","",""
"34615adf-de20-4f8b-85c3-9c02a7db3f26","kkphzin","BR","7","551","1","1","1","1","false","false","","","","","","","1","1","1","1","false","false","2","2","2","2","false","false","1","1","1","1","false","false","2","2","2","2","false","false"
"52e6b87b-bc32-4515-b98b-dd4e99818cff","conquitos","BR","7","552","1","1","1","1","false","false","2","2","2","2","false","false","2","2","2","2","false","false","","","","","","","2","2","2","2","false","false","","","","","",""
"6e6246a8-4aa4-436e-afe3-0bdfe350bfd1","ythayla","BR","7","553","3","3","3","3","false","false","3","3","3","3","false","false","","","","","","","","","","","","","","","","","","","1","1","1","1","false","false"
"6f3cfa74-7a5f-46bb-9b9f-1f55847e6616","Ditadormbappe","BR","7","554","","","","","","","","","","","","","","","","","","","3","3","3","3","false","false","2","3","2","2","false","false","1","1","1","1","false","false"
"55781c8e-2d0f-402b-ad6e-ca82e580f975","jwyi","BR","7","555","","","","","","","3","4","3","3","false","false","","","","","","","","","","","","","","","","","","","3","3","3","3","false","false"
"fdb0ae73-9c0c-4c42-b010-ac97fb8305ab","WAlFUENJOYER","BR","7","556","1","1","1","1","false","false","1","1","1","1","false","false","1","1","1","1","false","false","1","1","1","1","false","false","1","2","1","1","false","false","1","1","1","1","false","false"
"10c345e0-35fa-411b-91fc-b3a8987cc475","AutoHitter","BR","7","557","4","4","1","4","false","false","","","","","","","","","","","","","","","","","","","2","2","2","2","false","false","1","1","1","1","false","false"
"92ad8fc4-af0c-4819-b24f-0e108e166951","yN_nqBR","BR","7","558","1","1","1","1","false","false","2","2","2","2","false","false","1","1","1","1","false","false","1","1","1","1","false","false","1","1","1","1","false","false","1","1","1","1","false","false"
"3502dfd7-73c8-483a-8443-abde6806dac6","Lunaridade","BR","7","559","4","4","3","4","false","false","","","","","","","","","","","","","1","1","1","1","false","false","","","","","","","2","2","2","2","false","false"
"819873ed-85ea-4f7e-8853-0d2fbe7d05b4","neeve_e","BR","7","560","","","","","","","3","3","3","3","false","false","4","4","4","4","false","false","","","","","","","","","","","","","","","","","",""
"69fca64a-0b2d-46d5-9888-26f4aa49ef9e","tapiocapro","BR","7","561","1","1","1","1","false","false","","","","","","","2","2","2","2","false","false","1","1","1","1","false","false","","","","","","","3","3","3","3","false","false"
"1449f6ea-5daf-41e9-bb0d-ee93e9561091","pbolinaa","BR","7","562","2","2","1","2","false","false","1","1","1","1","false","false","1","1","1","1","false","false","2","2","1","2","false","false","","","","","","","1","1","1","1","false","false"
"59aabbe0-0e48-490f-9d44-6f2d2c079f6d","Normalizando","BR","7","563","2","2","2","2","false","false","3","3","2","3","false","false","1","1","1","1","false","false","1","1","1","1","false","false","","","","","","","","","","","",""
"1d16a9ca-9378-4521-83cf-d9c4ddb50fc9","3YViper_Hazzard","BR","7","564","","","","","","","1","2","1","1","false","false","1","1","1","1","false","false","1","1","1","1","false","false","1","1","1","1","false","false","2","2","2","2","false","false"
"539fad26-d239-4035-8af8-264e60e9f587","exez4","BR","7","565","1","1","1","1","false","false","1","2","1","1","false","false","1","1","1","1","false","false","1","1","1","1","false","false","1","1","1","1","false","false","1","1","1","1","false","false"
"be53ac11-15ab-4e41-9488-b843f3bda313","osleppy","BR","7","566","","","","","","","2","2","2","2","false","false","2","2","1","2","false","false","3","3","3","3","false","false","","","","","","","","","","","",""
"b36ac654-fac3-4f62-b463-4c2535ebc860","jaozincrai01","BR","7","567","1","1","1","1","false","false","1","1","1","1","false","false","2","2","2","2","false","false","","","","","","","1","1","1","1","false","false","2","2","2","2","false","false"
"6582af68-fbf9-4520-bc51-b0d761d747ab","hashtag_sl","BR","7","568","","","","","","","2","2","1","2","false","false","1","1","1","1","false","false","3","4","2","3","false","false","","","","","","","","","","","",""
"9c18d855-fd47-43b5-b13e-99d81c9005c7","S6yz","BR","7","569","","","","","","","2","3","2","2","false","false","1","1","1","1","false","false","","","","","","","1","2","1","1","false","false","1","1","1","1","false","false"
"383074a3-ab4b-44fa-80d6-12f226e07eff","Izulk","BR","7","570","","","","","","","2","2","2","2","false","false","2","2","1","2","false","false","2","2","2","2","false","false","1","1","1","1","false","false","","","","","",""
"96096b01-7a68-40cd-9314-4e68c8e095a2","muffet0","BR","7","571","","","","","","","3","3","3","3","false","false","2","2","2","2","false","false","","","","","","","","","","","","","2","2","1","2","false","false"
"c57b0200-c83f-470f-8b67-d859af7ae161","PlayNicolas","BR","7","572","","","","","","","1","1","1","1","false","false","3","3","3","3","false","false","2","2","2","2","false","false","","","","","","","1","1","1","1","false","false"
"bc96954e-c51f-4537-a6f4-9dd3be296804","Br_Eduzinnn","BR","7","573","","","","","","","2","2","2","2","false","false","3","3","3","3","false","false","","","","","","","","","","","","","2","2","2","2","false","false"
"b59de1cb-96c8-4925-8d5b-77f6210de75b","Blessed1935","BR","7","574","2","2","2","2","false","false","2","2","2","2","false","false","","","","","","","","","","","","","","","","","","","3","3","3","3","false","false"
"2956474b-c280-4f0c-aae9-b82c502a520f","Natsulking","BR","7","575","","","","","","","2","2","1","2","false","false","2","2","1","2","false","false","","","","","","","1","1","1","1","false","false","2","2","1","2","false","false"
"accfd3be-3fa2-4bea-9b33-59364d11c4b0","Extermina","BR","7","576","","","","","","","2","2","2","2","false","false","2","2","2","2","false","false","","","","","","","3","3","3","3","false","false","","","","","",""
"8dfe5e80-57d2-4164-90f8-39303d321e92","R3DST","BR","7","577","","","","","","","1","2","1","1","false","false","1","1","1","1","false","false","2","2","1","2","false","false","1","1","1","1","false","false","1","1","1","1","false","false"
"8d35ff04-3828-4db0-80bd-ac5932aede07","tugleta","BR","7","578","","","","","","","3","3","1","3","false","false","2","2","2","2","false","false","","","","","","","","","","","","","2","2","2","2","false","false"
"17b863b5-0301-4ffa-92fd-6a07acc06470","dudunios","BR","7","579","","","","","","","2","3","2","2","false","false","","","","","","","2","2","1","2","false","false","","","","","","","2","2","2","2","false","false"
"a3536127-ca1b-4a0a-ae44-e6872a9840fd","SOMBR1O_","BR","7","580","","","","","","","2","2","1","2","false","false","1","2","1","1","false","false","3","3","1","3","false","false","","","","","","","","","","","",""
"546f98b1-bf31-491a-aead-b45b42a32a7a","FosforoDoce","BR","7","581","","","","","","","3","3","2","3","false","false","","","","","","","","","","","","","1","1","1","1","false","false","3","3","3","3","false","false"
"22f85393-d6f6-4e1b-a8cf-fabbd4f6ee42","bleetos","BR","7","582","","","","","","","2","2","2","2","false","false","","","","","","","2","2","2","2","false","false","1","1","1","1","false","false","2","2","2","2","false","false"
"f6135fd6-b3ff-4297-9c53-7710053d98f5","BKrebs_366066","BR","7","583","","","","","","","","","","","","","2","2","2","2","false","false","","","","","","","3","3","3","3","false","false","2","2","2","2","false","false"
"df48062b-8435-435c-9a5a-878fd6e1a13a","davidfss","BR","7","584","","","","","","","3","3","3","3","false","false","","","","","","","","","","","","","","","","","","","4","4","4","4","false","false"
"d591e9ff-1fd1-4f07-83a6-f306ddb66e46","consertado","BR","7","585","","","","","","","2","2","2","2","false","false","","","","","","","3","3","3","3","false","false","","","","","","","2","2","2","2","false","false"
"55ba39c7-0d65-47ab-ae4a-90ef6dc4325f","mingalbr","BR","7","586","","","","","","","","","","","","","","","","","","","3","3","3","3","false","false","2","2","2","2","false","false","2","2","2","2","false","false"
"b5b6d800-b6c1-487d-971c-cdc018964702","LunnyZxzz_","BR","7","587","2","2","2","2","false","false","2","2","2","2","false","false","1","1","1","1","false","false","","","","","","","","","","","","","2","2","2","2","false","false"
"f8f6a9a8-2b5b-4de6-85d9-9466aa78d90b","ItzMeKingz_","BR","7","588","","","","","","","2","2","2","2","false","false","2","2","2","2","false","false","3","3","2","3","false","false","","","","","","","","","","","",""
"36c71648-7ae9-4cea-942c-f6805606fdde","ItzSw1ftyy","BR","7","589","3","3","2","3","false","false","2","2","2","2","false","false","","","","","","","2","2","2","2","false","false","","","","","","","","","","","",""
"c33877ac-0baa-4c08-afd6-a6326ee12a0b","tearsofwin","BR","7","590","1","1","1","1","false","false","1","1","1","1","false","false","1","1","1","1","false","false","1","1","1","1","false","false","1","1","1","1","false","false","2","2","2","2","false","false"
"a1777e71-83fd-4bf7-baf8-cf0c551566b7","Guicraft123","BR","7","591","","","","","","","","","","","","","4","4","4","4","false","false","","","","","","","","","","","","","3","3","3","3","false","false"
"3571e9a5-f421-485c-a5bb-e57698635eb7","Palavras67","BR","7","592","","","","","","","2","2","1","2","false","false","3","3","3","3","false","false","","","","","","","","","","","","","2","2","2","2","false","false"
"c2fb74d1-b000-4a8e-972c-d4e196c967da","Pedro13ajk_FR32","BR","7","593","","","","","","","2","2","2","2","false","false","2","2","2","2","false","false","3","3","3","3","false","false","","","","","","","","","","","",""
"a52b75b4-607d-47b2-86cd-db7328ac2beb","Excambaw","BR","7","594","4","4","0","4","false","false","3","3","3","3","false","false","","","","","","","","","","","","","","","","","","","","","","","",""
"4091a0ac-d06b-4e54-9fd9-9c3c21fa8154","Fhip_","BR","7","595","1","1","1","1","false","false","2","2","2","2","false","false","2","2","2","2","false","false","2","2","2","2","false","false","","","","","","","","","","","",""
"74b3e91d-dc84-40c5-b1e4-dbe51b87680d","Matrix99Z","BR","7","596","1","1","1","1","false","false","1","1","1","1","false","false","2","2","1","2","false","false","","","","","","","1","1","1","1","false","false","2","2","2","2","false","false"
"924c9b2c-4eff-4db1-b24b-28f83a11d40a","SlownessWy","BR","7","597","","","","","","","2","2","2","2","false","false","1","1","1","1","false","false","","","","","","","3","3","3","3","false","false","1","1","1","1","false","false"
"a9867c55-0881-457e-94f4-932531388295","SrLordM","BR","7","598","1","1","1","1","false","false","2","2","2","2","false","false","1","1","1","1","false","false","1","1","1","1","false","false","1","1","1","1","false","false","1","1","1","1","false","false"
"e26f68f6-846b-4ea1-94d6-a88fec8728d4","Left_out_","BR","7","599","1","1","1","1","false","false","2","2","2","2","false","false","","","","","","","2","2","2","2","false","false","","","","","","","2","2","2","2","false","false"
"21957811-3220-416b-a73d-d3d173ea6b4a","Jupitturni","BR","7","600","","","","","","","2","2","2","2","false","false","1","1","1","1","false","false","2","2","2","2","false","false","","","","","","","2","2","2","2","false","false"
"174119f0-44e6-4b95-a6e7-0ecbffc01cf6","Fl_VoidKill","BR","7","601","","","","","","","2","2","2","2","false","false","","","","","","","3","3","3","3","false","false","1","1","1","1","false","false","1","1","1","1","false","false"
"7bb71917-3d2f-4022-a9e4-bf302e5637fc","Vibezito2ponto0","BR","7","602","1","1","1","1","false","false","2","2","1","2","false","false","1","1","1","1","false","false","1","1","1","1","false","false","1","1","1","1","false","false","1","1","1","1","false","false"
"2a6505ba-bc1d-4885-9845-dfd82c91d521","YeFloyd","BR","7","603","","","","","","","2","2","2","2","false","false","","","","","","","2","2","2","2","false","false","1","1","1","1","false","false","2","2","2","2","false","false"
"2190ee6e-3c80-45ce-ab10-965f917e4ba4","FatalitySET","BR","7","604","2","2","2","2","false","false","1","1","1","1","false","false","1","1","1","1","false","false","1","1","1","1","false","false","","","","","","","2","2","2","2","false","false"
"62955b38-e37b-4dc7-a323-cc92fe666f38","o_real","BR","7","605","","","","","","","2","2","2","2","false","false","3","3","3","3","false","false","","","","","","","","","","","","","2","2","2","2","false","false"
"632ccf12-0a44-4364-b9cf-44dab676ae18","neskLOL","BR","7","606","1","1","1","1","false","false","1","1","1","1","false","false","1","1","1","1","false","false","1","1","1","1","false","false","1","1","1","1","false","false","2","2","2","2","false","false"
"0f7bcaf7-5e40-42c0-bfbe-42c395a1d5f6","dudz_king","BR","7","607","","","","","","","2","2","2","2","false","false","2","2","2","2","false","false","3","3","3","3","false","false","","","","","","","","","","","",""
"e5c1cfb1-f7c5-4bf0-b310-c5b5af6c64b3","IamShawtybitiz","BR","7","608","","","","","","","2","2","2","2","false","false","2","2","2","2","false","false","3","3","3","3","false","false","","","","","","","","","","","",""
"efb79d7d-9370-4713-9aee-0103b684d432","passadosombrio","BR","7","609","","","","","","","3","3","3","3","false","false","","","","","","","3","3","3","3","false","false","1","1","1","1","false","false","","","","","",""
"3ff91762-c2a7-43ec-bc19-a10e4757cf0d","_NexxPou","AR","7","610","","","","","","","","","","","","","3","3","3","3","false","false","4","4","4","4","false","false","","","","","","","","","","","",""
"d2056d69-62e1-4716-8a0a-c932b892f081","Kayo777oi","BR","6","611","3","5","3","3","false","false","","","","","","","","","","","","","","","","","","","","","","","","","","","","","",""
"b0ba40b1-0734-401c-8d32-c1c1ac392ffc","awkwer","BR","6","612","5","5","5","6","false","false","","","","","","","","","","","","","","","","","","","","","","","","","","","","","",""
"f53e83c1-ceb3-4e38-9234-70e69eee9118","1248124","BR","6","613","5","5","4","6","false","false","","","","","","","","","","","","","","","","","","","","","","","","","","","","","",""
"000a29ce-f55b-43e1-8f98-436b790e825f","easyDtaps","BR","6","614","5","5","4","6","false","false","","","","","","","","","","","","","","","","","","","","","","","","","","","","","",""
"ecc8be78-3844-4379-afa1-186eed550213","xeqm","BR","6","615","5","5","3","6","false","false","","","","","","","","","","","","","","","","","","","","","","","","","","","","","",""
"b50bf388-c3b1-4049-99c0-65be08981c11","imobilizado","BR","6","616","3","4","3","3","false","false","2","2","2","2","false","false","","","","","","","","","","","","","","","","","","","","","","","",""
"bd5cf52f-fa41-47df-9e44-295825b17951","2Hits__","BR","6","617","","","","","","","4","5","3","4","false","false","","","","","","","","","","","","","","","","","","","","","","","",""
"823038ff-911c-475a-bf0f-4e77afe88e2e","Sin_Berretines","AR","6","618","","","","","","","4","5","4","4","false","false","","","","","","","","","","","","","","","","","","","","","","","",""
"771e2e6e-f0e9-4232-9524-560d30c522cf","bushikage","BR","6","619","","","","","","","4","5","4","4","false","false","","","","","","","","","","","","","","","","","","","","","","","",""
"2969a6bd-ae89-4a6b-bd89-69e32694a736","Kewinz","AR","6","620","","","","","","","4","5","4","4","false","false","0","0","0","0","false","false","","","","","","","","","","","","","","","","","",""
"f4b6cda8-6541-4e53-a613-537ca441164b","best_lt4_oat","CL","6","621","5","5","5","6","false","false","","","","","","","","","","","","","","","","","","","","","","","","","","","","","",""
"47ed308e-8bb2-432c-9b79-10b221f7214f","FRANCEdembele","AR","6","622","","","","","","","4","5","4","4","false","false","","","","","","","","","","","","","","","","","","","","","","","",""
"ed31901d-9c39-45b8-b8b3-cbb580359f71","Eideh","CL","6","623","","","","","","","3","5","3","3","false","false","","","","","","","","","","","","","","","","","","","","","","","",""
"d4a2c29b-c7e4-49b4-8c57-a1e36eb58e97","Jjavek_","AR","6","624","","","","","","","4","5","4","4","false","false","","","","","","","","","","","","","","","","","","","","","","","",""
"ec3dc9a8-9d2c-4366-8a54-b114e14eaefb","COJIDOTAS","AR","6","625","","","","","","","4","5","4","4","false","false","","","","","","","","","","","","","","","","","","","","","","","",""
"64859670-323c-4a42-ab61-d87b60442932","Blackoxyz","CL","6","626","","","","","","","4","5","4","4","false","false","","","","","","","","","","","","","","","","","","","","","","","",""
"116eef22-cdc4-4664-96f9-b05776bc6595","qmtks","CL","6","627","5","5","3","6","false","false","","","","","","","","","","","","","","","","","","","","","","","","","","","","","",""
"3e86e0fb-bda2-4fb4-aa35-e3eb8148fdba","VinyKing","BR","6","628","2","2","2","2","false","false","3","3","3","3","false","false","","","","","","","","","","","","","","","","","","","1","1","1","1","false","false"
"de1a0947-0856-48e7-87ce-496abd081359","quwp","BR","6","629","2","3","2","2","false","false","","","","","","","","","","","","","1","1","1","1","false","false","","","","","","","2","2","2","2","false","false"
"54593748-85f3-437e-8d8f-301329d4108c","poolians","BR","6","630","","","","","","","4","5","4","4","false","false","","","","","","","","","","","","","","","","","","","","","","","",""
"3131d835-6657-4f77-8c0a-37d6b6343047","DreadTheScaryMan","AR","6","631","","","","","","","4","5","3","4","false","false","","","","","","","","","","","","","","","","","","","","","","","",""
"e022d85e-32a3-4964-9f80-888d86de485e","felinoskill","CL","6","632","","","","","","","5","5","5","6","false","false","","","","","","","","","","","","","","","","","","","","","","","",""
"5997cdaa-f9c9-46e5-b722-57aa2bda8f0e","Jvwl","BR","6","633","","","","","","","4","5","4","4","false","false","","","","","","","","","","","","","","","","","","","","","","","",""
"7715b047-5fb8-4441-a788-40479c6bef71","Kyqx","BR","6","634","","","","","","","4","5","4","4","false","false","","","","","","","","","","","","","","","","","","","","","","","",""
"ff8d4e32-a10e-479f-b260-ddc4cc83ca1d","Monkey898_","CL","6","635","5","5","5","6","false","false","","","","","","","","","","","","","","","","","","","","","","","","","","","","","",""
"bf347906-75f3-46dd-b2e4-56873a17393c","Carloss1337","BR","6","636","3","3","1","3","false","false","1","1","1","1","false","false","","","","","","","2","2","2","2","false","false","","","","","","","","","","","",""
"a757ca0a-61d3-4e29-b19d-0441d1be8703","daniel22cf","BR","6","637","3","3","3","3","false","false","3","3","3","3","false","false","","","","","","","","","","","","","","","","","","","","","","","",""
"ba4f8267-8b2d-46e7-a355-9ebfddb54670","LoveAndFever","BR","6","638","","","","","","","2","4","2","2","false","false","2","2","2","2","false","false","","","","","","","","","","","","","","","","","",""
"d6545f9d-05f3-4be7-b77a-ad4d94e40587","killerkeykey","CL","6","639","4","5","4","4","false","false","","","","","","","","","","","","","","","","","","","","","","","","","","","","","",""
"58dab3a1-c79f-4f58-8ee8-d37dc3432265","4n43","CL","6","640","","","","","","","4","5","4","4","false","false","","","","","","","","","","","","","","","","","","","","","","","",""
"6eaed462-f722-4d85-b14d-bb78018a42a5","valoa","AR","6","641","5","5","5","6","false","false","","","","","","","","","","","","","","","","","","","","","","","","","","","","","",""
"a276923c-56b3-443c-a15d-b2b4b2c415b4","sharitq","VE","6","642","","","","","","","4","5","4","4","false","false","","","","","","","","","","","","","","","","","","","","","","","",""
"9aec2940-7514-4b90-b106-6a73c2508a96","TutuzimTheXiter","BR","6","643","5","5","2","6","false","false","","","","","","","","","","","","","","","","","","","","","","","","","","","","","",""
"738f99f0-c779-4ff0-b9bc-86dbde6af116","000cttt_","CL","6","644","5","5","5","6","false","false","","","","","","","","","","","","","","","","","","","","","","","","","","","","","",""
"c322f281-3513-48b5-8693-78481ef1fa37","alyffer","BR","6","645","","","","","","","0","5","0","0","false","false","","","","","","","","","","","","","","","","","","","","","","","",""
"a25ae37f-1de9-4284-8fc0-0cdc30380ff1","1bitkj","BR","6","646","1","2","1","1","false","false","2","2","2","2","false","false","1","1","1","1","false","false","","","","","","","1","1","1","1","false","false","","","","","",""
"aaf13c55-83a9-493d-82f1-90b8307ce7f7","r3_w_","BR","6","647","3","3","1","3","false","false","","","","","","","2","2","2","2","false","false","","","","","","","1","1","1","1","false","false","","","","","",""
"5fa5b7ef-2070-4735-9557-b47718f1830f","v210","BR","6","648","","","","","","","4","5","4","4","false","false","","","","","","","","","","","","","","","","","","","","","","","",""
"c4cf25f8-7bbf-45ad-9279-ac8100e5eff6","HalalPrime","BR","6","649","3","3","1","3","false","false","3","3","3","3","false","false","","","","","","","","","","","","","","","","","","","","","","","",""
"614f9ea1-6263-4c0e-b126-2a108c86642a","Alexynzz","BR","6","650","","","","","","","2","2","2","2","false","false","2","2","2","2","false","false","","","","","","","","","","","","","2","2","2","2","false","false"
"a2a12ab9-c34f-4270-9aaf-f9f70ab92f9e","icried42times","BR","6","651","5","5","5","6","false","false","","","","","","","","","","","","","","","","","","","","","","","","","","","","","",""
"64ef0e5c-10ca-4df2-9b98-b518f3f6e2e4","TrueLxver","BR","6","652","5","5","4","6","false","false","","","","","","","","","","","","","","","","","","","","","","","","","","","","","",""
"045f910e-ee2f-4fa7-ab99-10eaa9edff8d","ItzTapi17","BR","6","653","1","1","1","1","false","false","2","2","2","2","false","false","","","","","","","2","2","2","2","false","false","","","","","","","1","1","1","1","false","false"
"635909b5-ceb3-4cb8-b0b9-ef69e260314d","yAstros","BR","6","654","","","","","","","4","5","4","4","false","false","","","","","","","","","","","","","","","","","","","","","","","",""
"f0bbf75c-4dd3-4636-82ef-60195a5abb42","LaSuffer","AR","6","655","5","5","5","6","false","false","","","","","","","","","","","","","","","","","","","","","","","","","","","","","",""
"2d839718-b4b1-4d73-8887-fc1ff3a2abf5","Myam0to","BR","6","656","","","","","","","4","5","2","4","false","false","","","","","","","","","","","","","","","","","","","","","","","",""
"1cf227cf-b430-4cd8-874b-c32daa19269b","Fidelezx","BR","6","657","","","","","","","4","5","4","4","false","false","","","","","","","","","","","","","","","","","","","","","","","",""
"13701670-8cad-4043-aa0d-b125d418ec1c","Incifa","BR","6","658","3","3","2","3","false","false","3","3","3","3","false","false","","","","","","","","","","","","","","","","","","","","","","","",""
"7eeebfe6-df22-48b0-b376-534c74b489e0","SaoriRDC","BR","6","659","","","","","","","5","5","3","6","false","false","","","","","","","","","","","","","","","","","","","","","","","",""
"ba753fb6-65af-4ddb-acb5-7ab15210bfa6","PapuDiminuit","CL","6","660","","","","","","","4","5","2","4","false","false","","","","","","","","","","","","","","","","","","","","","","","",""
"bf86a00a-d321-4ab0-9df6-b1e1ad614910","binho_SCCP","BR","6","661","","","","","","","4","5","4","4","false","false","","","","","","","","","","","","","","","","","","","","","","","",""
"b6b119f2-2d96-4994-9e16-9d780e3e3c8c","_sopitas","BR","6","662","","","","","","","0","5","0","0","false","false","","","","","","","","","","","","","","","","","","","","","","","",""
"7302260a-d0e6-47e5-a651-54b2d1fdcb0d","zPedro64","BR","6","663","","","","","","","3","3","3","3","false","false","3","3","3","3","false","false","","","","","","","","","","","","","","","","","",""
"7bc9a446-415f-4418-97a5-d50b53c979f8","Leasss","BR","6","664","","","","","","","3","5","2","3","false","false","","","","","","","","","","","","","","","","","","","","","","","",""
"55b0fd37-76af-40b0-960d-06c65d80557a","rizharth","BR","6","665","","","","","","","4","5","4","4","false","false","","","","","","","","","","","","","","","","","","","","","","","",""
"be65fcc0-497b-4b1c-abb0-a09f905adad4","BGRZIN","BR","6","666","4","4","2","4","false","false","1","1","1","1","false","false","","","","","","","","","","","","","","","","","","","1","1","1","1","false","false"
"e6db9d9b-6a70-483e-ba85-371e5dd67c08","quanto1000","BR","6","667","","","","","","","0","5","0","0","false","false","","","","","","","","","","","","","","","","","","","","","","","",""
"d02ee85d-87ae-4bdf-954e-b066648836b1","Niedwieski","BR","6","668","5","5","3","6","false","false","","","","","","","","","","","","","","","","","","","","","","","","","","","","","",""
"d9154735-7c28-4d69-bb50-ead4a863a1c3","Nicoitoo","BR","6","669","","","","","","","4","5","3","4","false","false","","","","","","","","","","","","","","","","","","","","","","","",""
"e632f2d3-6765-474b-b7ab-1f0268ccfa6e","Kywia","BR","6","670","","","","","","","4","5","4","4","false","false","","","","","","","","","","","","","","","","","","","","","","","",""
"42706dae-6824-460f-82a6-4efe4afc418e","sweetgah","BR","6","671","","","","","","","4","5","3","4","false","false","","","","","","","","","","","","","","","","","","","","","","","",""
"3a5b171d-c9c1-44bf-9395-3296b70982a4","Sortyp","BR","6","672","","","","","","","","","","","","","4","5","4","4","false","false","","","","","","","","","","","","","","","","","",""
"b27e5c98-b30b-4a2e-8d2d-0c9f2d1b4e60","kyojoror","BR","6","673","2","2","2","2","false","false","3","3","3","3","false","false","1","1","1","1","false","false","","","","","","","","","","","","","","","","","",""
"777aa53b-c78a-428a-89d5-660256d0f44f","ZabojczyKloc","BR","6","674","5","5","5","6","false","false","","","","","","","","","","","","","","","","","","","","","","","","","","","","","",""
"f7fa765a-daba-44cb-a563-7aebbd616a50","Nyxeel_","BR","6","675","1","1","1","1","false","false","2","2","2","2","false","false","","","","","","","1","1","1","1","false","false","1","1","1","1","false","false","1","1","1","1","false","false"
"a986f286-110b-4bb1-8281-5099ac9d3412","Brunn0XD","BR","6","676","5","5","5","6","false","false","","","","","","","","","","","","","","","","","","","","","","","","","","","","","",""
"745a3077-98d3-43ce-875b-b25aa1bfcf51","casualmente","BR","6","677","5","5","5","6","false","false","","","","","","","","","","","","","","","","","","","","","","","","","","","","","",""
"9efd6877-bc99-482c-828c-faec114603da","FrostyNull","BR","6","678","","","","","","","","","","","","","","","","","","","5","5","4","6","false","false","","","","","","","","","","","",""
"a1618cf2-76a9-4c44-be0b-ebd22cb255cb","tutuzin7k","BR","6","679","","","","","","","2","2","1","2","false","false","1","2","1","1","false","false","","","","","","","1","1","1","1","false","false","1","1","1","1","false","false"
"ebda62c3-4984-450e-b1e6-90f25a462e0e","trollll5709","PE","6","680","","","","","","","","","","","","","4","5","4","4","false","false","","","","","","","","","","","","","","","","","",""
"3c8ac1d1-d0b8-4233-a3b2-f920a8610d31","OneFer","BR","6","681","","","","","","","2","3","2","2","false","false","","","","","","","","","","","","","","","","","","","3","3","3","3","false","false"
"8bb33725-c7a8-4559-846d-34ba7282d7d5","theuzbw_","BR","6","682","","","","","","","2","2","2","2","false","false","2","2","2","2","false","false","","","","","","","","","","","","","2","2","2","2","false","false"
"8d2977b6-367f-4eaf-8d3b-92fa41ea7dda","Thigaskjkk","BR","6","683","1","1","1","1","false","false","1","1","1","1","false","false","","","","","","","1","1","1","1","false","false","2","2","2","2","false","false","1","1","1","1","false","false"
"ed784eba-77be-4b66-b560-5ef2411deadb","bydb2","BR","6","684","2","2","2","2","false","false","1","1","1","1","false","false","1","1","1","1","false","false","","","","","","","1","1","1","1","false","false","1","1","1","1","false","false"
"191ff76d-6347-4eb6-bfc1-0cca5b7510ca","Madkael","BR","6","685","","","","","","","4","5","4","4","false","false","","","","","","","","","","","","","","","","","","","","","","","",""
"d47d5c7d-2996-496b-be80-e4e12e79ef82","cesari567","AR","6","686","","","","","","","","","","","","","","","","","","","5","5","5","6","false","false","","","","","","","","","","","",""
"5bc2ca8b-a8eb-4afd-bc74-d62720cc2efb","Caapitao","BR","6","687","","","","","","","","","","","","","","","","","","","","","","","","","5","5","5","6","false","false","","","","","",""
"7db0a6e8-00c6-4fa4-819c-ded74a05efb1","laravdll","BR","6","688","","","","","","","4","5","4","4","false","false","","","","","","","","","","","","","","","","","","","","","","","",""
"694ef0ad-0514-4d51-af71-4e4c3fb4002e","af_e_o_freezy","BR","6","689","5","5","5","6","false","false","","","","","","","","","","","","","","","","","","","","","","","","","","","","","",""
"581a6247-e574-42f0-bb87-592c2cad7069","__soneca","BR","6","690","1","2","1","1","false","false","1","1","1","1","false","false","1","1","1","1","false","false","1","2","1","1","false","false","","","","","","","","","","","",""
"4604f933-b28d-4736-a938-a8993d6e89dc","cr0zz","BR","6","691","","","","","","","4","5","4","4","false","false","","","","","","","","","","","","","","","","","","","","","","","",""
"0c86e8da-0a56-41fc-833d-6d0f04aa2b85","JustWanteds","BR","6","692","1","1","1","1","false","false","1","2","1","1","false","false","3","3","2","3","false","false","","","","","","","","","","","","","","","","","",""
"bae2f8e1-9431-4bf9-b490-dc85207415ff","MeowAFK","BR","6","693","2","2","1","2","false","false","1","1","1","1","false","false","1","1","1","1","false","false","","","","","","","2","2","2","2","false","false","","","","","",""
"62181620-fe5d-4050-aa1b-4a280bbff60b","zdkj","BR","6","694","","","","","","","4","5","4","4","false","false","","","","","","","","","","","","","","","","","","","","","","","",""
"67f974b3-2040-45f4-9a7a-558d7242643c","HenriqueNC_","BR","6","695","","","","","","","4","5","2","4","false","false","","","","","","","","","","","","","","","","","","","","","","","",""
"e3edc99e-5ec5-4a0e-b584-e37581fbe64d","Gotinh4_","BR","6","696","","","","","","","4","5","4","4","false","false","","","","","","","","","","","","","","","","","","","","","","","",""
"084e4d4b-afbe-4e09-aed3-538794b08e1d","chuvoso","BR","6","697","","","","","","","4","5","4","4","false","false","","","","","","","","","","","","","","","","","","","","","","","",""
"686bfb17-d932-47e7-9511-3de87d4d17a8","oliveiiraah","BR","6","698","1","1","1","1","false","false","1","1","1","1","false","false","1","1","1","1","false","false","1","1","1","1","false","false","1","1","1","1","false","false","1","1","1","1","false","false"
"f3ab567e-7720-48bd-9fc3-4418995056e1","vi9i","BR","6","699","","","","","","","3","3","1","3","false","false","","","","","","","","","","","","","","","","","","","3","3","3","3","false","false"
"121037db-7aad-4796-881d-740c81871c11","SemMira","BR","6","700","1","1","1","1","false","false","3","3","3","3","false","false","","","","","","","","","","","","","","","","","","","2","2","2","2","false","false"
"10c89cea-a933-4c4a-a1bb-c9a09bd321b7","yum3zz","BR","6","701","","","","","","","2","3","2","2","false","false","","","","","","","","","","","","","3","3","3","3","false","false","","","","","",""
"1806d6c2-0542-42ad-a45f-9cd5f1d66dcb","gabsxau","BR","6","702","","","","","","","","","","","","","","","","","","","","","","","","","","","","","","","5","5","5","6","false","false"
"5721ff29-ff32-456a-84e6-cf32b81c5edc","CraazyBR01","BR","6","703","","","","","","","2","2","2","2","false","false","2","2","2","2","false","false","","","","","","","","","","","","","2","2","2","2","false","false"
"da1afb52-149e-473f-a28e-f185f42f47a3","MrPigzrw","BR","6","704","","","","","","","2","2","2","2","false","false","2","2","2","2","false","false","","","","","","","","","","","","","2","2","2","2","false","false"
"7ea4a188-f6a8-4158-be09-134fc6e58a0a","Cozinhei","BR","6","705","","","","","","","1","2","1","1","false","false","","","","","","","1","2","1","1","false","false","","","","","","","2","2","2","2","false","false"
"91dd34d1-6da3-40a7-905f-23fb8dbb96eb","Arthue_zica","BR","6","706","","","","","","","3","3","3","3","false","false","","","","","","","","","","","","","","","","","","","3","3","3","3","false","false"
"5ae7e863-7b48-425e-b89a-a0b0ce247da3","Joacoc0","AR","6","707","5","5","5","6","false","false","","","","","","","","","","","","","","","","","","","","","","","","","","","","","",""
"609099ff-783c-40a0-a789-ea15ea782a0f","zKoreMC_","BR","6","708","","","","","","","","","","","","","","","","","","","5","5","2","6","false","false","","","","","","","","","","","",""
"f2eb39f3-1207-445f-8e8c-b96a1041dff0","veigaBW_77","BR","6","709","","","","","","","4","5","4","4","false","false","","","","","","","","","","","","","","","","","","","","","","","",""
"1cd26a5b-78f2-428c-acd6-74aa05b16161","SncwFlakes","BR","6","710","","","","","","","0","5","0","0","false","false","","","","","","","","","","","","","","","","","","","","","","","",""
"7e73df1d-933a-4b12-8a83-e0a780d65d67","refinadoloser","BR","6","711","","","","","","","4","5","4","4","false","false","","","","","","","","","","","","","","","","","","","","","","","",""
"94f7ff3c-6a31-4c75-a2f5-77679a83b68f","onaite","BR","6","712","","","","","","","","","","","","","","","","","","","5","5","4","6","false","false","","","","","","","","","","","",""
"67d95c2b-02e3-4b0a-b4cc-7196a4bda980","saulyn","BR","6","713","4","4","3","4","false","false","2","2","2","2","false","false","","","","","","","","","","","","","","","","","","","","","","","",""
"b4c48d82-5d77-41a9-9da4-a7fa76c7cd8b","nwts","BR","6","714","","","","","","","4","5","4","4","false","false","","","","","","","","","","","","","","","","","","","","","","","",""
"3ee45799-d23c-40ed-afc6-2e74f1072bb1","Bebelem_YT","BR","6","715","","","","","","","2","2","2","2","false","false","1","1","1","1","false","false","3","3","1","3","false","false","","","","","","","","","","","",""
"1a917f7f-3550-4586-ae46-76d757a2ceea","MalvinD3fault","BR","6","716","","","","","","","2","2","2","2","false","false","","","","","","","2","2","1","2","false","false","","","","","","","2","2","2","2","false","false"
"191f14cd-fc80-492f-a982-f3eca7012613","evesiin","BR","6","717","","","","","","","4","5","4","4","false","false","","","","","","","","","","","","","","","","","","","","","","","",""
"2a0ad4e8-aecb-4d75-b001-024e161ac8c0","zkxd","BR","6","718","","","","","","","4","5","4","4","false","false","","","","","","","","","","","","","","","","","","","","","","","",""
"610887ba-1f0e-4120-a84d-45c5a9a180c3","1scr","BR","6","719","","","","","","","4","5","4","4","false","false","","","","","","","","","","","","","","","","","","","","","","","",""
"9b59210e-6f76-4b01-9602-dd9f179aaad6","DogukanBey01","BR","6","720","3","3","1","3","false","false","2","2","2","2","false","false","","","","","","","1","1","1","1","false","false","","","","","","","","","","","",""
"02270529-cd51-47ff-afb7-446ec92312f8","___VL___","BR","6","721","","","","","","","4","5","4","4","false","false","","","","","","","","","","","","","","","","","","","","","","","",""
"b5bb1bcc-7d03-4ceb-a629-dc875825cb82","Frostlk","BR","6","722","4","4","3","4","false","false","2","2","1","2","false","false","","","","","","","","","","","","","","","","","","","","","","","",""
"262c467a-56e6-41c7-85da-0f10d7fda2a7","PropiedadDeMaxi","AR","6","723","","","","","","","4","5","3","4","false","false","","","","","","","","","","","","","","","","","","","","","","","",""
"b308188c-5dbc-436f-9f66-62da2f0c07ed","kyuzirj","BR","6","724","","","","","","","4","5","4","4","false","false","","","","","","","","","","","","","","","","","","","","","","","",""
"d8a707ae-f234-496f-b9df-897344d95342","Tomyyyy_","BR","6","725","","","","","","","2","2","2","2","false","false","2","2","2","2","false","false","2","2","2","2","false","false","","","","","","","","","","","",""
"0a1169b1-61e7-4f9b-8a6a-776c26b84b88","joaopriquitu","BR","6","726","","","","","","","2","2","2","2","false","false","3","3","2","3","false","false","","","","","","","","","","","","","1","1","1","1","false","false"
"cb78eacc-8534-48a9-96a7-74f0df133070","oDourado","BR","6","727","2","2","2","2","false","false","2","2","2","2","false","false","1","1","1","1","false","false","1","1","1","1","false","false","","","","","","","","","","","",""
"a08cd3fa-57a5-4e2d-8f1e-26f701754749","IDKDarkxau","BR","6","728","1","1","1","1","false","false","2","2","2","2","false","false","1","1","1","1","false","false","2","2","2","2","false","false","","","","","","","","","","","",""
"f0bff8fb-82de-4d25-ae28-802852d0c2dd","ySomeone","BR","6","729","","","","","","","4","5","4","4","false","false","","","","","","","","","","","","","","","","","","","","","","","",""
"da321712-8629-4443-a358-ef6639c65515","NatannaelX","BR","6","730","2","2","2","2","false","false","1","1","1","1","false","false","1","1","1","1","false","false","1","1","1","1","false","false","","","","","","","1","1","1","1","false","false"
"57939208-214e-4da1-94bc-cb43a34e2e2d","ItzAntunes","BR","6","731","","","","","","","5","5","3","6","false","false","","","","","","","","","","","","","","","","","","","","","","","",""
"007e8373-1f39-48cb-87f3-7843938b6230","all_pdr","BR","6","732","","","","","","","2","2","1","2","false","false","","","","","","","2","2","2","2","false","false","","","","","","","2","2","2","2","false","false"
"0727d0fd-f70a-404a-8fe5-270fd957fdee","Coxinhazx","BR","6","733","","","","","","","2","3","2","2","false","false","3","3","1","3","false","false","","","","","","","","","","","","","","","","","",""
"488215e6-82c6-4701-b182-4839e371f25b","peripatoh8","BR","6","734","","","","","","","","","","","","","2","2","1","2","false","false","2","2","2","2","false","false","1","1","1","1","false","false","1","1","1","1","false","false"
"e9fef872-c6d8-48c2-ac0f-474620cf7f49","Devpedra","BR","6","735","","","","","","","3","3","1","3","false","false","1","1","1","1","false","false","1","1","1","1","false","false","1","1","1","1","false","false","","","","","",""
"9fb738aa-25ad-46c4-a8b3-f425fb1e0021","DogWas","BR","6","736","","","","","","","4","5","3","4","false","false","","","","","","","","","","","","","","","","","","","","","","","",""
"f3835b7a-8ca5-48cb-bfe7-5d43b9c79d18","Flakic4h","BR","6","737","","","","","","","2","2","2","2","false","false","2","2","2","2","false","false","1","1","1","1","false","false","","","","","","","1","1","1","1","false","false"
"d33f43e5-fd07-4c60-8d79-ab9f6cb9dc53","JohnWalkerBR","BR","6","738","","","","","","","4","4","3","4","false","false","","","","","","","2","2","2","2","false","false","","","","","","","","","","","",""
"c33823eb-5cad-47dd-835e-26d086375074","Hgrzx__","BR","6","739","","","","","","","2","2","1","2","false","false","2","2","1","2","false","false","","","","","","","","","","","","","2","2","2","2","false","false"
"dd6e0951-70b2-46e7-aa16-37bba50a4c54","Zagryn_Ofc","BR","6","740","","","","","","","2","2","2","2","false","false","2","2","1","2","false","false","1","1","1","1","false","false","","","","","","","1","1","1","1","false","false"
"f2d37a9f-280c-4011-a101-e0a64900259e","yuzzy67","BR","6","741","2","2","2","2","false","false","1","1","1","1","false","false","1","1","1","1","false","false","1","1","1","1","false","false","","","","","","","1","1","1","1","false","false"
"5bb84b79-7a37-490e-861f-8f7ec71f6ca5","Luisszxz17","BR","6","742","1","2","1","1","false","false","2","2","2","2","false","false","","","","","","","","","","","","","1","1","1","1","false","false","1","1","1","1","false","false"
"66d8cc92-2b4c-495f-ad6a-d36d9177f444","ObscureRaze","BR","6","743","","","","","","","1","1","1","1","false","false","2","2","1","2","false","false","1","1","1","1","false","false","","","","","","","2","2","2","2","false","false"
"581e60c9-d184-41d6-94f6-7383bff0cb31","Mewook","BR","6","744","2","2","2","2","false","false","1","2","1","1","false","false","","","","","","","2","2","1","2","false","false","","","","","","","","","","","",""
"7130d07d-4181-4374-9fd6-b0d93745dee9","iskurinho","BR","6","745","1","1","1","1","false","false","2","2","2","2","false","false","","","","","","","2","2","1","2","false","false","1","1","1","1","false","false","","","","","",""
"009fbb1e-7640-4ec2-b72b-ce5b485655c6","Obyx__","BR","6","746","2","2","2","2","false","false","2","2","1","2","false","false","","","","","","","1","1","1","1","false","false","","","","","","","1","1","1","1","false","false"
"a9c21836-0bbe-407d-8d39-af923f8dcd1f","Brasilzzz","BR","6","747","","","","","","","3","3","2","3","false","false","","","","","","","1","1","1","1","false","false","","","","","","","2","2","2","2","false","false"
"64d41c74-e8b5-4ad3-8077-4dddc0f4544d","ybrwno","BR","6","748","","","","","","","2","2","1","2","false","false","","","","","","","2","2","2","2","false","false","","","","","","","2","2","2","2","false","false"
"09de3fe1-4ec0-40c4-bb2b-c1c338e46c3f","SarcophagusBound","BR","6","749","3","3","3","3","false","false","1","1","1","1","false","false","","","","","","","2","2","2","2","false","false","","","","","","","","","","","",""
"4ded57f2-1b78-4900-be56-ecbb8452a7f7","JustWizzard","BR","6","750","2","2","2","2","false","false","2","2","2","2","false","false","2","2","1","2","false","false","","","","","","","","","","","","","","","","","",""
"8f25695f-bc78-4e93-8eb5-7c39b8427d5b","Pedrinmalado","BR","6","751","","","","","","","3","3","1","3","false","false","","","","","","","1","1","1","1","false","false","","","","","","","2","2","2","2","false","false"
"415880bd-88e4-476c-a190-9979f0c95bac","QueroCafeDisGraC","BR","6","752","","","","","","","2","2","2","2","false","false","1","1","1","1","false","false","3","3","3","3","false","false","","","","","","","","","","","",""
"32a5b1ef-7991-46bd-b12f-fdcba84522db","Kart4K_","BR","6","753","","","","","","","2","2","1","2","false","false","3","3","1","3","false","false","","","","","","","1","1","1","1","false","false","","","","","",""
"1e1cfa6d-4bce-4650-997a-f04f0b78297a","beyjgd_","BR","6","754","","","","","","","3","3","3","3","false","false","","","","","","","3","3","3","3","false","false","","","","","","","","","","","",""
"c4d9ea7a-2cc0-4b8e-99c6-82c0a8e9cbf0","pacopex","PY","6","755","","","","","","","0","5","0","0","false","false","","","","","","","","","","","","","","","","","","","","","","","",""
"fd097151-50ef-4c98-80fa-c3abf4a22d31","Subodetonatrans","PY","6","756","","","","","","","3","3","3","3","false","false","","","","","","","","","","","","","","","","","","","3","3","3","3","false","false"
"ffe9914f-0b55-4ae3-8223-1b60fe779f9b","White_Deathh","BR","6","757","3","3","2","3","false","false","1","1","1","1","false","false","","","","","","","","","","","","","1","1","1","1","false","false","1","1","1","1","false","false"
"8bceccb3-75b0-43ff-a1db-0d20c2e03657","zKowa","BR","6","758","","","","","","","2","2","2","2","false","false","","","","","","","3","3","2","3","false","false","","","","","","","1","1","1","1","false","false"
"18e1476f-73e2-4a07-b5d5-2b24d3e476ed","7Leca","BR","6","759","1","1","1","1","false","false","2","2","2","2","false","false","1","1","1","1","false","false","1","1","1","1","false","false","","","","","","","1","1","1","1","false","false"
"ab645f45-2179-4f15-809b-e7f54253cbe3","GiraffeOF","AR","6","760","","","","","","","","","","","","","5","5","5","6","false","false","","","","","","","","","","","","","","","","","",""
"3873e5ee-95e4-4b55-8a95-47859e4a3d5c","NyakoTheFemboy","AR","6","761","5","5","5","6","false","false","","","","","","","","","","","","","","","","","","","","","","","","","","","","","",""
"32cd0fb3-4d00-4206-b6b1-d2bdfc332fca","Lostkw","BR","6","762","3","3","2","3","false","false","1","1","1","1","false","false","","","","","","","","","","","","","1","1","1","1","false","false","1","1","1","1","false","false"
"8dfbef3a-a0b8-424f-a1cb-1c574da0055e","_maq","AR","6","763","5","5","5","6","false","false","","","","","","","","","","","","","","","","","","","","","","","","","","","","","",""
"8873ff6c-f488-44c3-99a2-0ff3d73f8d2e","LCDOLOVE_","BR","6","764","","","","","","","2","2","2","2","false","false","1","1","1","1","false","false","1","1","1","1","false","false","1","1","1","1","false","false","1","1","1","1","false","false"
"52738376-6c92-49a6-93ec-772f39f4b6ab","Kistzinho","BR","6","765","1","1","1","1","false","false","1","2","1","1","false","false","","","","","","","2","2","2","2","false","false","1","1","1","1","false","false","","","","","",""
"ae841141-2d7c-4caf-aec8-ae4ce7c470d9","UnbannedUser","MX","6","766","","","","","","","","","","","","","","","","","","","5","5","5","6","false","false","","","","","","","","","","","",""
"986a9559-09ed-4323-af1a-e7d4cd7ea7dc","Kairokxz","BR","6","767","","","","","","","","","","","","","3","3","3","3","false","false","","","","","","","","","","","","","3","3","3","3","false","false"
"70946efd-37ef-4273-bde2-faa96e9956c9","shamir17","AR","6","768","","","","","","","","","","","","","5","5","5","6","false","false","","","","","","","","","","","","","","","","","",""
"abf26ecd-4874-414e-b614-dafc6c1d7b5b","raviiii2121","BR","6","769","","","","","","","1","1","1","1","false","false","","","","","","","2","2","2","2","false","false","1","1","1","1","false","false","2","2","2","2","false","false"
"560e750b-29c1-4ac6-b2b8-35616a18d05b","NytroXen","BR","6","770","1","1","1","1","false","false","1","1","1","1","false","false","","","","","","","1","2","1","1","false","false","1","1","1","1","false","false","1","1","1","1","false","false"
"ef8176ca-932e-472c-a3df-c1fabf55a214","ellipsee","AR","6","771","","","","","","","","","","","","","","","","","","","5","5","5","6","false","false","","","","","","","","","","","",""
"d53109b7-9d26-4a99-a199-500610bc2541","machado____","BR","6","772","","","","","","","1","1","1","1","false","false","1","1","1","1","false","false","2","2","2","2","false","false","1","1","1","1","false","false","1","1","1","1","false","false"
"f518e026-5317-44bb-af1a-b18a5b716e9f","sweftrss","BR","6","773","","","","","","","1","1","1","1","false","false","2","2","2","2","false","false","1","1","1","1","false","false","1","1","1","1","false","false","1","1","1","1","false","false"
"771f23aa-69f1-48a6-955c-fb3f7e8703d9","SweetBoy11","BR","6","774","","","","","","","3","3","3","3","false","false","3","3","3","3","false","false","","","","","","","","","","","","","","","","","",""
"8c49cc05-fa58-42d8-82ec-5223afbcf5f8","NotRealSukii","BR","6","775","","","","","","","2","2","2","2","false","false","1","1","1","1","false","false","1","1","1","1","false","false","1","1","1","1","false","false","1","1","1","1","false","false"
"db756c3b-f137-4c6e-b553-3dddc41bcea0","1rv1","CL","6","776","5","5","5","6","false","false","","","","","","","","","","","","","","","","","","","","","","","","","","","","","",""
"f25109c8-a1b8-4ad8-994c-d217508124dc","JhoniStrike","BR","6","777","3","3","3","3","false","false","","","","","","","1","1","1","1","false","false","2","2","2","2","false","false","","","","","","","","","","","",""
"5075aefc-0812-4414-a240-68f6344ecdb4","davi_legal","BR","6","778","1","1","1","1","false","false","2","2","2","2","false","false","1","1","1","1","false","false","2","2","2","2","false","false","","","","","","","","","","","",""
"d85d810e-d86b-4aea-89c8-ba4f1a5802da","ITSCrazy67","BR","6","779","1","1","1","1","false","false","1","1","1","1","false","false","1","1","1","1","false","false","","","","","","","1","1","1","1","false","false","2","2","2","2","false","false"
"5c524e26-e806-4676-a26b-168b91fad10c","JustLoved","BR","6","780","","","","","","","5","5","5","6","false","false","","","","","","","","","","","","","","","","","","","","","","","",""
"538f4e4b-944a-412f-8d6b-98be097c8f31","Silavava","CL","6","781","","","","","","","","","","","","","","","","","","","5","5","5","6","false","false","","","","","","","","","","","",""
"bcbf73d4-9fc5-40b3-9b32-b16c8b428404","manuwhxt_","BR","6","782","3","3","3","3","false","false","1","1","1","1","false","false","2","2","2","2","false","false","","","","","","","","","","","","","","","","","",""
"50d3ade8-cc8f-4d7e-84c5-a35ea6e2f27e","Bjorn_is","BR","6","783","1","1","1","1","false","false","2","2","2","2","false","false","","","","","","","3","3","3","3","false","false","","","","","","","","","","","",""
"8412fad7-a79e-4ba4-865b-2ae06bd5d1e8","whifin","BR","5","784","4","4","2","4","false","false","","","","","","","","","","","","","1","1","1","1","false","false","","","","","","","","","","","",""
"69ae4126-57fd-4ba8-9ba3-1ef60e9edb5c","SanttosBLATANT","BR","5","785","2","2","2","2","false","false","2","2","2","2","false","false","1","1","1","1","false","false","","","","","","","","","","","","","","","","","",""
"d904348e-ea89-44b8-b42d-81448995673b","OnlywGod","BR","5","786","3","3","2","3","false","false","2","2","2","2","false","false","","","","","","","","","","","","","","","","","","","","","","","",""
"6333c97a-7d6c-4bbb-8d28-bc31cda9e901","Ebonyy_","BR","5","787","","","","","","","1","2","1","1","false","false","1","2","1","1","false","false","","","","","","","","","","","","","1","1","1","1","false","false"
"bf68fd3a-cee1-41fe-8141-a096400147e4","defernzy","BR","5","788","3","3","3","3","false","false","2","2","2","2","false","false","","","","","","","","","","","","","","","","","","","","","","","",""
"fc3724b9-8fee-4331-8e0c-7795d21cbc68","SpecIsBack","BR","5","789","4","4","4","4","false","false","","","","","","","1","1","1","1","false","false","","","","","","","","","","","","","","","","","",""
"612ea2a2-6748-40a3-93aa-c2290d172cb6","vrzcq","BR","5","790","3","3","2","3","false","false","2","2","2","2","false","false","","","","","","","","","","","","","","","","","","","","","","","",""
"b482b1ea-4211-4cd1-8b46-b7956b5ee85d","imAzevedo","BR","5","791","2","2","2","2","false","false","2","2","2","2","false","false","","","","","","","","","","","","","","","","","","","1","1","1","1","false","false"
"20e0e0c7-5d6e-4109-b5a6-9f559454b595","biluleka","BR","5","792","3","3","2","3","false","false","1","2","1","1","false","false","","","","","","","","","","","","","","","","","","","","","","","",""
"a5c7e8cc-adec-4f46-9799-722604de6a6e","ghoostl","BR","5","793","3","3","2","3","false","false","2","2","2","2","false","false","","","","","","","","","","","","","","","","","","","","","","","",""
"a6940fd7-5360-4c79-bd6a-82e8542b17dc","qQ2_","BR","5","794","4","4","1","4","false","false","1","1","1","1","false","false","","","","","","","","","","","","","","","","","","","","","","","",""
"be7c4b9f-67ee-48eb-b5ca-adde84ceaace","zpzx7","BR","5","795","1","2","1","1","false","false","2","2","1","2","false","false","","","","","","","1","1","1","1","false","false","","","","","","","","","","","",""
"9e12c831-7d52-424b-a995-b923dc543363","pawlifiy","BR","5","796","","","","","","","2","2","2","2","false","false","3","3","1","3","false","false","","","","","","","","","","","","","","","","","",""
"2cab6479-3a01-4eaf-af84-d1522ed71975","LkzPrime","BR","5","797","2","2","2","2","false","false","2","3","1","2","false","false","","","","","","","","","","","","","","","","","","","","","","","",""
"82a8d78e-b956-44c1-b02a-8a88756e3aed","Predestinado_","BR","5","798","2","2","2","2","false","false","3","3","3","3","false","false","","","","","","","","","","","","","","","","","","","","","","","",""
"975ec04a-f78e-445b-b813-e33998d88bf9","Thurx__","BR","5","799","1","1","1","1","false","false","1","1","1","1","false","false","1","1","1","1","false","false","2","2","2","2","false","false","","","","","","","","","","","",""
"3cc35075-ca82-4672-8d66-b42dc602db52","D321D","BR","5","800","3","3","3","3","false","false","2","2","2","2","false","false","","","","","","","","","","","","","","","","","","","","","","","",""
"e5220fa2-0c81-4a04-8c64-3cb0ec397104","r_agb","BR","5","801","3","3","1","3","false","false","1","2","1","1","false","false","","","","","","","","","","","","","","","","","","","","","","","",""
"90a27e13-387d-4de7-8528-fca355ae237c","zDiv1ne_","BR","5","802","","","","","","","3","3","3","3","false","false","","","","","","","2","2","2","2","false","false","","","","","","","","","","","",""
"b4928d20-963a-4589-ba9e-bca57b4aa60c","sidney_0516","BR","5","803","1","1","1","1","false","false","2","2","1","2","false","false","1","1","1","1","false","false","","","","","","","1","1","1","1","false","false","","","","","",""
"7b4be520-be0d-4272-ad5e-1d56b97aa0f2","Cafe67","BR","5","804","3","3","3","3","false","false","","","","","","","","","","","","","","","","","","","","","","","","","2","2","2","2","false","false"
"f506b6e4-ef86-467c-9dc4-4830e1a2906c","Lynvax","BR","5","805","","","","","","","2","2","2","2","false","false","1","1","1","1","false","false","","","","","","","","","","","","","2","2","1","2","false","false"
"d0060d80-78e4-4f18-8973-d4c5d3778093","ceuchio","BR","5","806","","","","","","","3","3","3","3","false","false","2","2","2","2","false","false","","","","","","","","","","","","","","","","","",""
"41146b71-f611-4bf9-b1af-eaa9ce077fc4","watherfall","BR","5","807","1","1","1","1","false","false","1","1","1","1","false","false","","","","","","","1","1","1","1","false","false","1","1","1","1","false","false","1","1","1","1","false","false"
"e7f28076-d33f-48b9-b67e-57910aef6589","sobrecargaLarp","BR","5","808","","","","","","","2","2","2","2","false","false","2","2","2","2","false","false","","","","","","","","","","","","","1","1","1","1","false","false"
"370c3820-8cbb-40ce-b208-4ed34d7ec415","BrrBrrShaullin67","BR","5","809","3","3","3","3","false","false","2","2","1","2","false","false","","","","","","","","","","","","","","","","","","","","","","","",""
"e13db1c2-78ce-4057-bbc6-067f836f60c4","Rafufel","BR","5","810","","","","","","","3","3","3","3","false","false","","","","","","","2","2","2","2","false","false","","","","","","","","","","","",""
"56d48740-52fa-4b77-9e13-a68a327aa992","igorpoiuuX","BR","5","811","","","","","","","2","2","1","2","false","false","","","","","","","1","1","1","1","false","false","","","","","","","2","2","2","2","false","false"
"2222fa68-54bd-4ebb-b582-d1307c3ef75c","xvk_aura","BR","5","812","1","2","1","1","false","false","2","2","2","2","false","false","","","","","","","","","","","","","","","","","","","1","1","1","1","false","false"
"12ea529a-d8a1-4919-b67c-e6b4c5efe279","WandinhaCPVP","BR","5","813","3","4","3","3","false","false","","","","","","","","","","","","","","","","","","","","","","","","","1","1","1","1","false","false"
"7d7d3d94-a57b-4e39-8653-211290bcc5f3","SansVoidBR","BR","5","814","","","","","","","3","3","3","3","false","false","1","1","1","1","false","false","","","","","","","","","","","","","1","1","1","1","false","false"
"8cfcf166-c6e1-4666-8d87-e865d9b2b578","Gordo_pedreiro","BR","5","815","","","","","","","3","3","3","3","false","false","","","","","","","","","","","","","2","2","2","2","false","false","","","","","",""
"86a5cd72-045c-4b5c-8f5f-42b175ebb48d","izzyCnx","BR","5","816","","","","","","","2","2","2","2","false","false","","","","","","","","","","","","","1","1","1","1","false","false","2","2","1","2","false","false"
"32928c24-7f6e-4c1e-b4f7-b2705346883a","BostaPremium","BR","5","817","","","","","","","3","3","2","3","false","false","1","1","1","1","false","false","","","","","","","","","","","","","1","1","1","1","false","false"
"573bf00e-9a34-4d75-b393-b5eea68411e4","Kh1ngz","BR","5","818","","","","","","","","","","","","","","","","","","","","","","","","","3","3","3","3","false","false","2","2","2","2","false","false"
"0ba01772-aead-4a6c-a97c-805550ae5934","KyleEditionX","BR","5","819","1","2","1","1","false","false","3","3","3","3","false","false","","","","","","","","","","","","","","","","","","","","","","","",""
"7c1059d1-538d-4ced-9798-a2cac2b86520","fa1th690","BR","5","820","","","","","","","2","2","2","2","false","false","2","2","2","2","false","false","","","","","","","","","","","","","1","1","1","1","false","false"
"b61a8b49-a1ba-4bab-a37b-499c66b0f1b6","DeadzAim7","BR","5","821","4","4","4","4","false","false","1","1","1","1","false","false","","","","","","","","","","","","","","","","","","","","","","","",""
"58efeb12-7221-446a-ac84-f813bd3849d0","4m1q","BR","5","822","2","2","2","2","false","false","3","3","3","3","false","false","","","","","","","","","","","","","","","","","","","","","","","",""
"afb1d0be-5820-48fb-ab87-6ae4361039aa","Kluyxz7","BR","5","823","3","3","2","3","false","false","","","","","","","","","","","","","2","2","2","2","false","false","","","","","","","","","","","",""
"560285b2-d973-42c5-b526-aae9205ea1e7","sukepng","BR","5","824","","","","","","","3","3","2","3","false","false","2","2","2","2","false","false","","","","","","","","","","","","","","","","","",""
"9c823b44-c094-425d-9a1b-c39134b8ef88","KauaOPIS_BACK","BR","5","825","","","","","","","3","3","3","3","false","false","","","","","","","","","","","","","2","2","2","2","false","false","","","","","",""
"c447ff68-b732-4de9-8cab-824a314516fa","RocaJames","BR","5","826","1","2","1","1","false","false","1","1","1","1","false","false","","","","","","","2","2","2","2","false","false","","","","","","","","","","","",""
"a319fa21-8c62-4cd8-9049-1b110253d3ed","Garc1ak","BR","5","827","","","","","","","","","","","","","2","2","2","2","false","false","3","3","3","3","false","false","","","","","","","","","","","",""
"1c4422fd-0b3e-47d2-b0c4-a450d8fb2668","_Kz0_","BR","5","828","1","1","1","1","false","false","1","1","1","1","false","false","","","","","","","2","2","2","2","false","false","1","1","1","1","false","false","","","","","",""
"aa60c36a-6112-406e-92a9-74fb8f77424b","loverofpvp","BR","5","829","","","","","","","2","3","2","2","false","false","2","2","1","2","false","false","","","","","","","","","","","","","","","","","",""
"dcc0137b-c818-4122-b6a7-b908fa708be0","RandomicoZ","BR","5","830","","","","","","","3","3","1","3","false","false","2","2","1","2","false","false","","","","","","","","","","","","","","","","","",""
"9d2de5dc-60f5-45d1-bc04-956cc23bdfa7","E5JJ_","BR","5","831","1","1","1","1","false","false","2","2","2","2","false","false","","","","","","","","","","","","","","","","","","","2","2","2","2","false","false"
"dfa79637-fc67-4297-8a9f-ec7e7b3fe59c","NaoDropa","BR","5","832","","","","","","","2","2","2","2","false","false","1","1","1","1","false","false","1","1","1","1","false","false","","","","","","","1","1","1","1","false","false"
"65c86bdc-9753-4aa1-be11-6fb3fa86b21e","err0rsyncz","BR","5","833","","","","","","","2","2","2","2","false","false","3","3","3","3","false","false","","","","","","","","","","","","","","","","","",""
"2598aedf-2fbb-42dd-970a-925f4a7ba4a6","tutuzinn6","BR","5","834","","","","","","","1","1","1","1","false","false","1","1","1","1","false","false","1","1","1","1","false","false","","","","","","","2","2","2","2","false","false"
"b7109aa9-b5c8-41f7-b01a-539d14135692","GuiSeco","BR","5","835","2","2","2","2","false","false","2","2","2","2","false","false","","","","","","","1","1","1","1","false","false","","","","","","","","","","","",""
"491550d7-4ff3-4630-9894-4c50f667f112","SenhorAura","BR","5","836","","","","","","","2","2","2","2","false","false","","","","","","","1","1","1","1","false","false","","","","","","","2","2","2","2","false","false"
"12b64e8e-52fe-461b-a1be-cec5d2c2a0c0","NowFrost","BR","5","837","","","","","","","3","3","3","3","false","false","2","2","2","2","false","false","","","","","","","","","","","","","","","","","",""
"a1641155-1afe-4bfb-a9b1-7604a2414192","Vitonto","BR","5","838","","","","","","","3","3","3","3","false","false","2","2","2","2","false","false","","","","","","","","","","","","","","","","","",""
"f5be6aa3-f966-4e2f-b189-922ffbcc2cac","coxas","BR","5","839","","","","","","","3","3","3","3","false","false","","","","","","","","","","","","","2","2","2","2","false","false","","","","","",""
"58b7a7cb-3048-4012-8f9e-1fd12cc8f7ba","ItzBocchi","BR","5","840","","","","","","","2","2","2","2","false","false","1","1","1","1","false","false","","","","","","","","","","","","","2","2","2","2","false","false"
"00deb096-47bc-42cd-b4dc-e58d2f4c1357","jhonathah_","BR","5","841","1","1","1","1","false","false","1","1","1","1","false","false","1","1","1","1","false","false","1","1","1","1","false","false","1","1","1","1","false","false","","","","","",""
"9c98a5d5-cc09-474b-8bb4-2afe77c3087d","J5g3","BR","5","842","","","","","","","3","4","3","3","false","false","","","","","","","1","1","1","1","false","false","","","","","","","","","","","",""
"6c16d0e4-d4c7-4225-a358-d94cb43778b4","lksfps","BR","5","843","1","1","1","1","false","false","2","2","2","2","false","false","1","1","1","1","false","false","1","1","1","1","false","false","","","","","","","","","","","",""
"36d86369-24a9-4ab4-93e8-6fe8f9253e50","10011101001011","AR","5","844","","","","","","","2","2","1","2","false","false","3","3","3","3","false","false","","","","","","","","","","","","","","","","","",""
"d5ee2c91-8e7b-46ea-a672-e78cbe2b0c5e","swillzz_","BR","5","845","","","","","","","3","3","3","3","false","false","","","","","","","2","2","2","2","false","false","","","","","","","","","","","",""
"3286b2eb-518c-4d3a-a9a8-6146c5f6191e","uCarlosXz_","BR","5","846","","","","","","","3","3","3","3","false","false","","","","","","","","","","","","","2","2","2","2","false","false","","","","","",""
"a70c73a0-6eeb-4f52-ac80-0efd4f5cb7ba","faelx","BR","5","847","","","","","","","1","2","1","1","false","false","2","2","1","2","false","false","1","1","1","1","false","false","","","","","","","","","","","",""
"d8fe9290-9f73-409a-a0f1-9fa13f5717c5","40xw","BR","5","848","","","","","","","2","2","2","2","false","false","","","","","","","","","","","","","2","2","2","2","false","false","1","1","1","1","false","false"
"b10d215d-197b-45a7-9e83-514d859ef19f","zMarcos_x","BR","5","849","","","","","","","3","3","3","3","false","false","2","2","2","2","false","false","","","","","","","","","","","","","","","","","",""
"d472f829-d54c-4d1b-b76d-0e533a5b64c5","FallenTwo","BR","5","850","1","1","1","1","false","false","2","2","1","2","false","false","1","1","1","1","false","false","1","1","1","1","false","false","","","","","","","","","","","",""
"ebe28013-6f87-4701-82d8-3bb93793dc76","Ghotyz","BR","5","851","1","2","1","1","false","false","2","2","2","2","false","false","","","","","","","1","1","1","1","false","false","","","","","","","","","","","",""
"713c0557-c2b0-4ee8-a054-ea5e9240f801","katsu12321","BR","5","852","","","","","","","","","","","","","2","2","2","2","false","false","1","1","1","1","false","false","1","1","1","1","false","false","1","1","1","1","false","false"
"339d95aa-7e49-4a31-a19f-7c597702ab74","ryukszxd","BR","5","853","","","","","","","1","1","1","1","false","false","3","3","3","3","false","false","1","1","1","1","false","false","","","","","","","","","","","",""
"d7fa9e9b-bee6-4d21-b526-e09b6d313e47","Pedro_xl15","BR","5","854","","","","","","","2","2","1","2","false","false","1","1","1","1","false","false","1","1","1","1","false","false","","","","","","","1","1","1","1","false","false"
"908e7c81-341f-48b6-9a69-3c94227e623f","TheNoxiousIcky","BR","5","855","3","3","3","3","false","false","1","1","1","1","false","false","","","","","","","","","","","","","","","","","","","1","1","1","1","false","false"
"0d7f8c24-5f9b-4377-8de9-93ab814fe3d2","oGaber","BR","5","856","","","","","","","2","2","2","2","false","false","3","3","2","3","false","false","","","","","","","","","","","","","","","","","",""
"58628322-16ad-49b7-accc-c9a2d6aadc96","ImMaybee","BR","5","857","1","1","1","1","false","false","2","2","2","2","false","false","1","1","1","1","false","false","1","1","1","1","false","false","","","","","","","","","","","",""
"5e993cad-17ce-4c1e-8b47-eec353540e2c","oqcz","BR","5","858","","","","","","","1","1","1","1","false","false","1","1","1","1","false","false","3","3","2","3","false","false","","","","","","","","","","","",""
"c1eb7bc4-4abf-48dc-8d8b-6d13c14a7c80","izukinhow","BR","5","859","","","","","","","4","4","4","4","false","false","1","1","1","1","false","false","","","","","","","","","","","","","","","","","",""
"d8dfa805-804f-48c1-be7f-4fb9768ebcdd","Mtzsx_plays","BR","5","860","2","2","2","2","false","false","1","1","1","1","false","false","","","","","","","2","2","2","2","false","false","","","","","","","","","","","",""
"c111613d-12d7-43af-931d-036b90ace23a","2y2z","BR","5","861","1","1","1","1","false","false","1","1","1","1","false","false","1","1","1","1","false","false","","","","","","","","","","","","","2","2","2","2","false","false"
"681037de-a73b-4582-a2bb-d7ccf077d5cd","iceberry1881","BR","5","862","3","3","3","3","false","false","1","1","1","1","false","false","","","","","","","","","","","","","","","","","","","1","1","1","1","false","false"
"2120f065-fbb8-48fc-a934-e16d2e1915cd","Lz_Vortex001","BR","5","863","1","1","1","1","false","false","1","1","1","1","false","false","","","","","","","2","2","1","2","false","false","","","","","","","1","1","1","1","false","false"
"ff70e43f-6869-44df-aded-d797b350580c","ruan21l1","BR","5","864","1","1","1","1","false","false","2","2","2","2","false","false","","","","","","","2","2","2","2","false","false","","","","","","","","","","","",""
"6409de2a-1e86-4a51-ad71-f87869638249","Larppnesss","BR","5","865","","","","","","","2","2","2","2","false","false","","","","","","","","","","","","","1","1","1","1","false","false","2","2","2","2","false","false"
"a1a952ea-2add-45b5-bb31-61ca833b6377","Cwiticals","BR","5","866","","","","","","","","","","","","","","","","","","","3","3","3","3","false","false","","","","","","","2","2","2","2","false","false"
"747e7c21-3022-4fc0-9ff9-d1ca60977b7b","Blacxzshoots","BR","5","867","","","","","","","2","2","2","2","false","false","","","","","","","","","","","","","","","","","","","3","3","3","3","false","false"
"51182476-e686-498d-b5d7-9d7c1e8d92d7","onlyLarpp","BR","5","868","2","2","2","2","false","false","2","2","2","2","false","false","","","","","","","1","1","1","1","false","false","","","","","","","","","","","",""
"64d51a59-c74f-45a8-a9a3-89e105305d22","itzReals4","BR","5","869","2","2","2","2","false","false","2","2","2","2","false","false","","","","","","","1","1","1","1","false","false","","","","","","","","","","","",""
"7afa80e3-c6d2-4a07-b258-54de6225653a","Luness24k","BR","5","870","3","3","3","3","false","false","","","","","","","","","","","","","","","","","","","","","","","","","2","2","2","2","false","false"
"7ab987df-ed18-41de-ad0f-8c0a6214a26e","SamirTheSlayer","BR","5","871","1","1","1","1","false","false","2","2","2","2","false","false","","","","","","","","","","","","","","","","","","","2","2","2","2","false","false"
"78702c6a-93e8-4de0-92b8-a8400363faf8","ItzTrueYuta","BR","5","872","","","","","","","2","2","2","2","false","false","","","","","","","","","","","","","2","2","2","2","false","false","1","1","1","1","false","false"
"00c032cd-12d3-4c52-b1bc-b3e1cf2af47d","justseee","BR","5","873","3","3","3","3","false","false","","","","","","","","","","","","","","","","","","","2","2","2","2","false","false","","","","","",""
"d24a49e4-b1a4-4e0b-ab26-e065275ad263","GigantinOrIanzao","BR","5","874","1","1","1","1","false","false","2","2","1","2","false","false","","","","","","","","","","","","","","","","","","","2","2","2","2","false","false"
"c49bb2f7-c35a-4324-a14f-5b73f67f6c56","Bitella","BR","5","875","","","","","","","2","2","2","2","false","false","","","","","","","3","3","3","3","false","false","","","","","","","","","","","",""
"7d79d9df-3368-4e91-90b5-077d286ea228","mrgelinho","BR","5","876","","","","","","","1","1","1","1","false","false","2","2","2","2","false","false","","","","","","","1","1","1","1","false","false","1","1","1","1","false","false"
"1aef0f45-a480-4ba8-a1f1-1839f6643cdc","hiorieGG_","BR","5","877","1","1","1","1","false","false","2","2","2","2","false","false","","","","","","","1","1","1","1","false","false","","","","","","","1","1","1","1","false","false"
"4774f14a-e50b-4a20-adc6-eece9584bb86","xKamicase","BR","5","878","","","","","","","1","1","1","1","false","false","2","2","2","2","false","false","2","2","2","2","false","false","","","","","","","","","","","",""
"5d9feb25-41b5-4b0d-b3f6-cad6963ae50f","luigickt","BR","5","879","","","","","","","2","2","2","2","false","false","","","","","","","3","3","3","3","false","false","","","","","","","","","","","",""
"ad78d54c-0e96-414b-bda9-32114a607f0a","Perplexo_","BR","5","880","","","","","","","3","3","3","3","false","false","","","","","","","","","","","","","2","2","2","2","false","false","","","","","",""
"db3a3dbd-2b04-4584-9ac2-37e0445af605","02reidavi","BR","5","881","1","1","1","1","false","false","1","1","1","1","false","false","1","1","1","1","false","false","1","1","1","1","false","false","1","1","1","1","false","false","","","","","",""
"6a02ecc3-cfd3-49cc-86f2-fb79d243016b","GordoBasado","AR","5","882","","","","","","","2","2","2","2","false","false","","","","","","","","","","","","","","","","","","","3","3","3","3","false","false"
"aed472e7-8eaf-408a-80ac-79cda2b75974","Wizzard1z","BR","5","883","","","","","","","2","2","2","2","false","false","","","","","","","3","3","3","3","false","false","","","","","","","","","","","",""
"0b3e2641-74dd-43f0-941a-8481f7442850","JUJUBINHA333999","BR","5","884","","","","","","","2","2","2","2","false","false","","","","","","","2","2","2","2","false","false","1","1","1","1","false","false","","","","","",""
"fc0acc81-a740-49e6-a1ae-21be3a742da8","badcrystals","BR","5","885","","","","","","","2","2","2","2","false","false","","","","","","","1","1","1","1","false","false","2","2","2","2","false","false","","","","","",""
"bb6e9b34-8a88-46e3-b875-b4c6a25f70e3","Florbsss_","BR","5","886","","","","","","","","","","","","","3","3","3","3","false","false","2","2","2","2","false","false","","","","","","","","","","","",""
"93448ef0-f98a-4cd0-b2ef-86e6427f230c","DsantGG","BR","5","887","","","","","","","1","1","1","1","false","false","","","","","","","4","4","4","4","false","false","","","","","","","","","","","",""
"e80f53a9-7f8f-48a0-86f6-dbab34a45456","KingWz_","BR","5","888","","","","","","","1","1","1","1","false","false","1","1","1","1","false","false","","","","","","","1","1","1","1","false","false","2","2","2","2","false","false"
"a8c06b77-4dba-4d0d-941d-7a36413cee4c","Neutralizei","BR","5","889","1","1","1","1","false","false","2","2","2","2","false","false","1","1","1","1","false","false","1","1","1","1","false","false","","","","","","","","","","","",""
"0e9a905c-ef5e-4681-831b-c5abc4f80a7b","Sukamura","BR","5","890","1","1","1","1","false","false","","","","","","","","","","","","","2","2","2","2","false","false","","","","","","","2","2","2","2","false","false"
"2d331f8a-899c-4a67-8a09-353d47494ff7","R4mozs","BR","5","891","","","","","","","","","","","","","1","1","1","1","false","false","1","1","1","1","false","false","1","1","1","1","false","false","2","2","2","2","false","false"
"c709e110-2422-4324-90b9-564993d970e6","polominhos","BR","4","892","4","4","4","4","false","false","","","","","","","","","","","","","","","","","","","","","","","","","","","","","",""
"0fc155e4-763a-49e5-a4cf-0ab53aeb61a7","S53v","BR","4","893","4","4","4","4","false","false","","","","","","","","","","","","","","","","","","","","","","","","","","","","","",""
"aed66960-9b02-472a-8673-f6f4a049f5da","msxz23","BR","4","894","4","4","4","4","false","false","","","","","","","","","","","","","","","","","","","","","","","","","","","","","",""
"19350906-bed8-4e61-b7fc-cff221e6df07","KMEWTON","BR","4","895","3","3","3","3","false","false","1","1","1","1","false","false","","","","","","","","","","","","","","","","","","","","","","","",""
"539f8cd6-87f1-4f6d-98ba-0c0d727a17ec","Compassivo","BR","4","896","4","4","4","4","false","false","","","","","","","","","","","","","","","","","","","","","","","","","","","","","",""
"f1ddf306-9194-42fb-9958-fdb7460efea9","coquikudasai","AR","4","897","4","4","4","4","false","false","","","","","","","","","","","","","","","","","","","","","","","","","","","","","",""
"c74449f4-30d3-4e70-a2c2-55a60c801c4c","BarrelSUM","BR","4","898","","","","","","","4","4","4","4","false","false","","","","","","","","","","","","","","","","","","","","","","","",""
"be72a471-9135-4f84-9928-2fad4edff167","mo0gcity2","BR","4","899","","","","","","","2","2","2","2","false","false","2","2","2","2","false","false","","","","","","","","","","","","","","","","","",""
"4463c8c3-73d7-4c57-9b33-71185ea1fa0d","PhatBananaKid","BR","4","900","","","","","","","4","4","4","4","false","false","","","","","","","","","","","","","","","","","","","","","","","",""
"be766861-0340-4719-a241-2ef186cdfba1","Luc0squ1_","BR","4","901","2","2","2","2","false","false","2","2","1","2","false","false","","","","","","","","","","","","","","","","","","","","","","","",""
"411114af-ad57-40c1-8062-8f0115b39c5b","17fardox","UY","4","902","","","","","","","4","4","4","4","false","false","","","","","","","","","","","","","","","","","","","","","","","",""
"09bf17b3-76af-4f16-ae79-d8a1666e969e","myawww","BR","4","903","4","4","4","4","false","false","","","","","","","","","","","","","","","","","","","","","","","","","","","","","",""
"896e6577-993d-4fc0-a2a3-0d3fac11b0ea","SoyFanDeRem","PE","4","904","","","","","","","4","4","4","4","false","false","","","","","","","","","","","","","","","","","","","","","","","",""
"0d7c4825-f18d-4b8b-a61f-457020705bde","yProxyzs","BR","4","905","4","4","2","4","false","false","","","","","","","","","","","","","","","","","","","","","","","","","","","","","",""
"756eb06d-7f1e-4cc5-87aa-dd7dcecb9729","Lightzim002","BR","4","906","4","4","4","4","false","false","","","","","","","","","","","","","","","","","","","","","","","","","","","","","",""
"44040471-9c71-497e-acba-300e7dd15a4e","LeiteComMucilon","BR","4","907","3","3","2","3","false","false","","","","","","","1","1","1","1","false","false","","","","","","","","","","","","","","","","","",""
"bf2bfbed-529b-44d1-a16d-5be45b6d7539","aquelekant","BR","4","908","","","","","","","3","4","3","3","false","false","","","","","","","","","","","","","","","","","","","","","","","",""
"3003ed4b-9107-4c37-bb7a-85c6c8aa4b27","axyieDtaps","BR","4","909","4","4","4","4","false","false","","","","","","","","","","","","","","","","","","","","","","","","","","","","","",""
"846f1e9a-9467-4230-be22-55cc1626b677","Oryonzxz","BR","4","910","4","4","4","4","false","false","","","","","","","","","","","","","","","","","","","","","","","","","","","","","",""
"9452547a-ed47-41ce-97ae-409a873947ab","whosgothic","BR","4","911","4","4","3","4","false","false","","","","","","","","","","","","","","","","","","","","","","","","","","","","","",""
"259899f4-3ebb-418f-bd76-02842b5ef4b2","Ensaladera","CL","4","912","4","4","4","4","false","false","","","","","","","","","","","","","","","","","","","","","","","","","","","","","",""
"1d60a247-0bba-4012-a127-d7c5a7a10f33","RATOQUINHO_","BR","4","913","","","","","","","4","4","4","4","false","false","","","","","","","","","","","","","","","","","","","","","","","",""
"37f853f1-66d4-4183-a5e4-a82a04c33510","8z__","BR","4","914","4","4","3","4","false","false","","","","","","","","","","","","","","","","","","","","","","","","","","","","","",""
"e339b212-553a-4d9d-bf6b-82197ac9ed1c","flynzoxx_","BR","4","915","3","4","1","3","false","false","","","","","","","","","","","","","","","","","","","","","","","","","","","","","",""
"c8e852cf-7a26-4db7-a6b8-972d58343049","LLTTLE_","BR","4","916","","","","","","","4","4","2","4","false","false","","","","","","","","","","","","","","","","","","","","","","","",""
"749be298-cc42-4734-bded-60c9be9430db","GalaxyBaro","BR","4","917","","","","","","","","","","","","","","","","","","","4","4","4","4","false","false","","","","","","","","","","","",""
"03052b7a-5280-4f03-b16d-db85d31dfcc2","GFgeferson","BR","4","918","4","4","4","4","false","false","","","","","","","","","","","","","","","","","","","","","","","","","","","","","",""
"6fcc18c9-c61c-423c-8a57-4161e2ab7d4e","LowTieer","BR","4","919","1","2","1","1","false","false","0","0","0","0","false","false","","","","","","","1","1","1","1","false","false","1","1","1","1","false","false","","","","","",""
"389e4ac2-ca69-4dd1-82df-4d0d00a1481b","AcroAdmz","PE","4","920","","","","","","","4","4","4","4","false","false","","","","","","","","","","","","","","","","","","","","","","","",""
"19a7b219-e3f4-4812-8ac2-97e6e5073dbd","HB20rr","BR","4","921","1","2","1","1","false","false","1","2","1","1","false","false","","","","","","","","","","","","","","","","","","","","","","","",""
"194ffd5b-c611-4227-a32a-5698dc23866d","ItsMeDavii","BR","4","922","2","2","2","2","false","false","2","2","2","2","false","false","","","","","","","","","","","","","","","","","","","","","","","",""
"1acf6489-be51-4078-ae59-6986ef4b443c","9187624","BR","4","923","","","","","","","4","4","4","4","false","false","","","","","","","","","","","","","","","","","","","","","","","",""
"721882e5-5c6f-499e-9a24-156bfb2738a7","ErikKiller81","BR","4","924","","","","","","","3","4","2","3","false","false","","","","","","","","","","","","","","","","","","","","","","","",""
"e597a3eb-f1c8-48d2-8805-b7c0fbcfd8a1","Gw3nstein","BR","4","925","4","4","4","4","false","false","","","","","","","","","","","","","","","","","","","","","","","","","","","","","",""
"10cf2861-9f07-46ce-8e9d-a9170de92e98","153Rimuru","BR","4","926","","","","","","","3","3","3","3","false","false","","","","","","","","","","","","","","","","","","","1","1","1","1","false","false"
"10c4451b-8043-4aed-8a87-8dbc92d7147b","Iva_Layker","BR","4","927","","","","","","","2","2","2","2","false","false","","","","","","","","","","","","","","","","","","","2","2","2","2","false","false"
"a1929650-2884-4bc9-a60e-ea0a2c2f4ac1","suadinhou","BR","4","928","3","4","3","3","false","false","","","","","","","","","","","","","","","","","","","","","","","","","","","","","",""
"9ac419c0-13f4-4547-b14a-ec739024a6e8","guitarravelha","BR","4","929","4","4","4","4","false","false","","","","","","","","","","","","","","","","","","","","","","","","","","","","","",""
"025b0319-8f05-404b-ae1b-02f5573da4a8","Endermoinn","BR","4","930","","","","","","","4","4","4","4","false","false","","","","","","","","","","","","","","","","","","","","","","","",""
"e2d3fa1d-c9c0-4c1c-b1d9-b166beac1f48","wwewweeee","BR","4","931","3","3","2","3","false","false","1","1","1","1","false","false","","","","","","","","","","","","","","","","","","","","","","","",""
"fa336d9a-322e-472b-9426-6e61b3445eed","Gxbrielxz___","BR","4","932","1","2","1","1","false","false","2","2","2","2","false","false","","","","","","","","","","","","","","","","","","","","","","","",""
"9e5fef17-0264-4aa9-8d0c-a596ed2f63e0","D4rkxz_","BR","4","933","","","","","","","4","4","1","4","false","false","","","","","","","","","","","","","","","","","","","","","","","",""
"5637c5c3-da5e-4013-a620-aad6d06a9ea7","duduhh3367","BR","4","934","4","4","4","4","false","false","","","","","","","","","","","","","","","","","","","","","","","","","","","","","",""
"e5f5055a-8599-422e-9331-98f007a0d35c","THREGGE","BR","4","935","3","3","3","3","false","false","","","","","","","1","1","1","1","false","false","","","","","","","","","","","","","","","","","",""
"324f4664-a249-4f30-92e4-8b2fd1bb0720","Kyolll","BR","4","936","","","","","","","3","4","2","3","false","false","","","","","","","","","","","","","","","","","","","","","","","",""
"579599e7-29bf-4748-8060-c94f22dacffc","refazendo","BR","4","937","","","","","","","2","2","2","2","false","false","","","","","","","2","2","2","2","false","false","","","","","","","","","","","",""
"37473a6d-ffd8-4a26-98de-65a75103a093","domi_br","BR","4","938","2","2","2","2","false","false","2","2","2","2","false","false","","","","","","","","","","","","","","","","","","","","","","","",""
"ea634357-7e5d-4b45-ae4a-3bfda692a39b","nocivoo","BR","4","939","","","","","","","4","4","4","4","false","false","","","","","","","","","","","","","","","","","","","","","","","",""
"c9b2fe45-30c5-4710-8dec-093bc45ce0f7","pedrolol__","BR","4","940","4","4","4","4","false","false","","","","","","","","","","","","","","","","","","","","","","","","","","","","","",""
"cb448ca6-4439-4090-a794-e60b29f34e83","kleberjunior123","BR","4","941","1","1","1","1","false","false","2","2","1","2","false","false","1","1","1","1","false","false","","","","","","","","","","","","","","","","","",""
"dfcf543d-3dc1-4f2b-8635-7ad43b09453e","Richarlyson","BR","4","942","","","","","","","2","2","2","2","false","false","1","1","1","1","false","false","1","1","1","1","false","false","","","","","","","","","","","",""
"9566f061-066e-4ca4-b536-6b83811d6bb7","ilovfemboys","BR","4","943","","","","","","","3","4","3","3","false","false","","","","","","","","","","","","","","","","","","","","","","","",""
"6da93a16-a30c-42ea-9299-4ed39e249e05","PaiDoTortapro","BR","4","944","","","","","","","4","4","4","4","false","false","","","","","","","","","","","","","","","","","","","","","","","",""
"5e582a7f-25af-451d-9bc3-144983cb7d9b","YusufBusologa","BR","4","945","4","4","4","4","false","false","","","","","","","","","","","","","","","","","","","","","","","","","","","","","",""
"184f2cb2-1552-4967-829d-0c9d461ad184","Aigth","AR","4","946","","","","","","","4","4","4","4","false","false","","","","","","","","","","","","","","","","","","","","","","","",""
"f6881cd0-f2c7-4e0b-afab-f1b65d530644","knowklg235","BR","4","947","1","2","1","1","false","false","1","2","1","1","false","false","","","","","","","","","","","","","","","","","","","","","","","",""
"640d315f-b911-466c-817a-0ab0e6424e5f","Mapocolops","BR","4","948","3","3","1","3","false","false","","","","","","","","","","","","","1","1","1","1","false","false","","","","","","","","","","","",""
"e9a03027-500e-419c-99b2-153623d60117","soratth","BR","4","949","","","","","","","4","4","4","4","false","false","","","","","","","","","","","","","","","","","","","","","","","",""
"410c84a7-8343-47e0-9914-2dd210d27e7a","JustHeavens","BR","4","950","4","4","4","4","false","false","","","","","","","","","","","","","","","","","","","","","","","","","","","","","",""
"13c84e73-7c37-4902-abb1-744a808779b5","Gustavofdskkj","BR","4","951","4","4","4","4","false","false","","","","","","","","","","","","","","","","","","","","","","","","","","","","","",""
"57cacb55-71e7-46bf-98c0-375e8600eed3","ApoYmed","BR","4","952","3","3","3","3","false","false","","","","","","","1","1","1","1","false","false","","","","","","","","","","","","","","","","","",""
"20292317-9635-4db6-a4c1-29a854720083","vtyTurbo","AR","4","953","","","","","","","4","4","4","4","false","false","","","","","","","","","","","","","","","","","","","","","","","",""
"c09804cc-63f1-4dd6-880f-f7dbca2861bb","Insegurancas","BR","4","954","","","","","","","3","4","3","3","false","false","","","","","","","","","","","","","","","","","","","","","","","",""
"23f79e67-015d-4e25-9fd5-98de0b083ab4","isabelaty","BR","4","955","3","3","2","3","false","false","","","","","","","","","","","","","","","","","","","1","1","1","1","false","false","","","","","",""
"93e3db48-f1a5-466c-b092-d95b6b99cc54","Plufy0","BR","4","956","2","2","2","2","false","false","2","2","1","2","false","false","","","","","","","","","","","","","","","","","","","","","","","",""
"f3ef0a9c-e417-4b7b-a247-ed84ad911e01","Daniel44335","BR","4","957","","","","","","","","","","","","","2","2","2","2","false","false","2","2","2","2","false","false","","","","","","","","","","","",""
"aed1c980-74b8-4efc-ad4c-d2bba29fde36","Buena_2k","UY","4","958","2","2","2","2","false","false","","","","","","","2","2","2","2","false","false","","","","","","","","","","","","","","","","","",""
"8ff90052-2db6-4f1e-b2d5-928837c5e508","xTarnox","BR","4","959","2","2","1","2","false","false","2","2","2","2","false","false","","","","","","","","","","","","","","","","","","","","","","","",""
"9d525ea1-5e2f-45c1-96cc-52aac2bd159e","whzV","BR","4","960","2","2","2","2","false","false","2","2","2","2","false","false","","","","","","","","","","","","","","","","","","","","","","","",""
"c7b59bbc-91ab-412e-938c-966a8d16bf73","Landzsx_","BR","4","961","2","2","2","2","false","false","1","1","1","1","false","false","","","","","","","1","1","1","1","false","false","","","","","","","","","","","",""
"5cf72f82-4950-4436-a4b9-d658ec2de820","PzIsBack","BR","4","962","4","4","4","4","false","false","","","","","","","","","","","","","","","","","","","","","","","","","","","","","",""
"5c6f3a98-41ec-4bb6-b895-d94712c9f69e","Malw4_","BR","4","963","","","","","","","2","2","2","2","false","false","","","","","","","2","2","2","2","false","false","","","","","","","","","","","",""
"d4fdd779-e766-4f7b-a85b-edcc5f55be04","VSC01","BR","4","964","4","4","3","4","false","false","","","","","","","","","","","","","","","","","","","","","","","","","","","","","",""
"b8117f89-92cc-47cf-b091-bf8089c7f730","SwordsDances","BR","4","965","","","","","","","4","4","4","4","false","false","","","","","","","","","","","","","","","","","","","","","","","",""
"aefd1b87-47e2-4ef9-8787-ec893a3f50aa","FigtzBR","BR","4","966","","","","","","","","","","","","","3","4","3","3","false","false","","","","","","","","","","","","","","","","","",""
"5edc350b-1f23-4fa8-b64a-be66cc3f10b7","BONZINHO99","BR","4","967","","","","","","","3","3","3","3","false","false","","","","","","","1","1","1","1","false","false","","","","","","","","","","","",""
"1f73e917-95ee-4175-8ecd-413a927f7c9e","100maldade","CL","4","968","","","","","","","","","","","","","","","","","","","4","4","4","4","false","false","","","","","","","","","","","",""
"f0540a6a-822f-4a3c-a025-d3abf9b36330","ZestF","CL","4","969","","","","","","","","","","","","","4","4","4","4","false","false","","","","","","","","","","","","","","","","","",""
"2443b233-8c09-4ebe-bb1a-3dc6e5bd7e19","_Japah","BR","4","970","","","","","","","","","","","","","","","","","","","2","2","2","2","false","false","2","2","2","2","false","false","","","","","",""
"4fd2e624-31f3-4591-be90-ce0762ba98d7","SimonE_OsEsquilo","BR","4","971","","","","","","","","","","","","","","","","","","","4","4","4","4","false","false","","","","","","","","","","","",""
"03c8ea86-1d7d-45f0-bdc9-9da26941ac1d","mydemon_islife","BR","4","972","2","2","2","2","false","false","","","","","","","","","","","","","2","2","2","2","false","false","","","","","","","","","","","",""
"8c0cc44c-9245-4b2b-8b54-a92a1e833e6e","Planed000","BR","4","973","","","","","","","2","2","2","2","false","false","2","2","2","2","false","false","","","","","","","","","","","","","","","","","",""
"c5de11f2-1990-4a7a-8176-f5b27b00f1a3","_zqw","AR","4","974","","","","","","","4","4","4","4","false","false","","","","","","","","","","","","","","","","","","","","","","","",""
"6a69c35b-0478-4f09-b291-6ba1fd729a82","yzxskyy_","BR","4","975","","","","","","","2","2","2","2","false","false","","","","","","","","","","","","","","","","","","","2","2","2","2","false","false"
"2bd70e4b-3576-439b-8ccb-1d2052c28fe7","xSaniii","AR","4","976","","","","","","","3","4","3","3","false","false","","","","","","","","","","","","","","","","","","","","","","","",""
"a1c82def-7c1b-44d5-a274-f21949a4f41a","hardAnchors","BR","4","977","4","4","2","4","false","false","","","","","","","","","","","","","","","","","","","","","","","","","","","","","",""
"915c8e73-257f-46c6-8611-e0fa85c8d9da","yTutas_","BR","4","978","4","4","4","4","false","false","","","","","","","","","","","","","","","","","","","","","","","","","","","","","",""
"d71d994a-71df-407f-9410-0dd72f8638ff","jerydy05","BR","4","979","","","","","","","4","4","2","4","false","false","","","","","","","","","","","","","","","","","","","","","","","",""
"ccc0fb7e-190f-4ba8-97ee-e2f82cba6b97","Phanntoms","BR","4","980","","","","","","","2","2","2","2","false","false","","","","","","","2","2","2","2","false","false","","","","","","","","","","","",""
"d6328a40-a118-40ae-b68f-88cfa60c3baf","implicitamente","BR","4","981","3","3","2","3","false","false","1","1","1","1","false","false","","","","","","","","","","","","","","","","","","","","","","","",""
"83bdb819-5793-4b06-bfc8-998c541dacf6","SKOTTAKU","AR","4","982","4","4","4","4","false","false","","","","","","","","","","","","","","","","","","","","","","","","","","","","","",""
"0a040c32-1992-47f8-b50e-83dbfc043c0d","Neodaniel","BR","4","983","2","3","1","2","false","false","1","1","1","1","false","false","","","","","","","","","","","","","","","","","","","","","","","",""
"842c90c9-7e40-4ceb-a450-27416ffbed10","firaspsps","BR","4","984","","","","","","","4","4","3","4","false","false","","","","","","","","","","","","","","","","","","","","","","","",""
"fa639c74-2af6-403a-87ec-793e21ea609b","partizanchekMQQ","BR","4","985","2","2","2","2","false","false","","","","","","","","","","","","","","","","","","","2","2","2","2","false","false","","","","","",""
"2880208d-f691-4046-aa4c-4ce52d2a4843","mowww_","BR","4","986","2","2","2","2","false","false","","","","","","","1","1","1","1","false","false","","","","","","","1","1","1","1","false","false","","","","","",""
"3e0000e6-0b30-406e-95f8-0666fc504234","BelgaXD","BR","4","987","","","","","","","1","1","1","1","false","false","","","","","","","","","","","","","","","","","","","3","3","2","3","false","false"
"ec91a88a-2c50-44f8-9650-3769b290a22c","baretta__","BR","4","988","","","","","","","1","1","1","1","false","false","1","1","1","1","false","false","","","","","","","1","1","1","1","false","false","1","1","1","1","false","false"
"a001f3bc-da67-4ce6-ac86-5ffc2a385c83","iPatox","BR","4","989","","","","","","","4","4","3","4","false","false","","","","","","","","","","","","","","","","","","","","","","","",""
"7fafbde1-b587-4eaf-bf34-7444740fc8cf","obssesivo","BR","4","990","1","1","1","1","false","false","3","3","3","3","false","false","","","","","","","","","","","","","","","","","","","","","","","",""
"cb48b142-91dd-4eea-a4cc-04b15dd6c557","Qwertyxz_","BR","4","991","3","3","2","3","false","false","","","","","","","","","","","","","1","1","1","1","false","false","","","","","","","","","","","",""
"6203755b-ad12-489a-a051-6168bfa8a4f5","shizukozz","BR","4","992","","","","","","","3","3","1","3","false","false","","","","","","","","","","","","","1","1","1","1","false","false","","","","","",""
"7ed417a8-93fa-4639-b0c5-338f60ea7bfd","Tivim","BR","4","993","","","","","","","","","","","","","","","","","","","4","4","3","4","false","false","","","","","","","","","","","",""
"9219ccfb-1e9c-4ddd-96c2-1187ca4567b5","Papanoa","BR","4","994","","","","","","","4","4","4","4","false","false","","","","","","","","","","","","","","","","","","","","","","","",""
"ffd6f6fe-5792-4e2b-8590-e9d6fbc7225f","External_EX","BR","4","995","","","","","","","4","4","3","4","false","false","","","","","","","","","","","","","","","","","","","","","","","",""
"2a5323e5-2707-403d-a2a1-14bc5089ce84","migss11","BR","4","996","","","","","","","2","2","2","2","false","false","","","","","","","","","","","","","","","","","","","2","2","2","2","false","false"
"a4542b1c-dca4-4b14-9e00-cf55834bb5c6","MrBersksSanta","BR","4","997","2","2","1","2","false","false","1","2","1","1","false","false","","","","","","","","","","","","","","","","","","","","","","","",""
"b0c48f09-5fae-45ce-9420-19da1f78c9f0","seika0w","BR","4","998","1","1","1","1","false","false","2","2","1","2","false","false","","","","","","","","","","","","","","","","","","","1","1","1","1","false","false"
"e90377aa-1bcd-4913-929b-74b5c6744599","PazCombed_","BR","4","999","","","","","","","2","2","2","2","false","false","2","2","2","2","false","false","","","","","","","","","","","","","","","","","",""
"79eb9dc5-c7d5-4635-9c6f-09bebd0ea7a6","_Incompetente_","BR","4","1000","","","","","","","","","","","","","3","4","3","3","false","false","","","","","","","","","","","","","","","","","",""
"2c32a49d-38b7-4e0e-80f8-86dab8e1ea18","KastPresidente","CL","4","1001","4","4","4","4","false","false","","","","","","","","","","","","","","","","","","","","","","","","","","","","","",""
"c3b7683a-9dd1-4f3b-be39-cc4d7b2832bb","Verminho","BR","4","1002","","","","","","","","","","","","","","","","","","","","","","","","","","","","","","","4","4","4","4","false","false"
"c683a1c6-701f-4097-9c0f-7918aa5c0014","Nikkz_","BR","4","1003","","","","","","","0","0","0","0","false","false","4","4","4","4","false","false","","","","","","","","","","","","","","","","","",""
"a02e0839-48aa-4eab-b49d-cec32f800e00","uJoscaEGO","BR","4","1004","","","","","","","2","2","2","2","false","false","","","","","","","","","","","","","2","2","2","2","false","false","","","","","",""
"1bfe5075-6f29-49d5-ab43-ac83151911de","CalderexIAM","BR","4","1005","","","","","","","3","4","2","3","false","false","","","","","","","","","","","","","","","","","","","","","","","",""
"539f5795-9cca-41af-a33c-987f4b07270f","TarkMoon","BR","4","1006","","","","","","","4","4","4","4","false","false","","","","","","","","","","","","","","","","","","","","","","","",""
"3b016afb-3b34-42d8-9085-cb96eb308a87","DyNastyEx","BR","4","1007","","","","","","","","","","","","","4","4","3","4","false","false","","","","","","","","","","","","","","","","","",""
"e7cdf4d5-a8aa-4f1b-861f-ff26bfb0d65f","malik5757","BR","4","1008","","","","","","","","","","","","","4","4","4","4","false","false","","","","","","","","","","","","","","","","","",""
"24347201-5949-4197-b7fd-7aca577f50c8","Luc4sShad0w","BR","4","1009","2","2","2","2","false","false","2","2","2","2","false","false","","","","","","","","","","","","","","","","","","","","","","","",""
"eeceb8ec-9f90-4848-abe1-518859f3d67f","LucxMC_","BR","4","1010","","","","","","","1","1","1","1","false","false","","","","","","","","","","","","","","","","","","","3","3","3","3","false","false"
"cdf74aa6-242b-416e-a157-57f893ea4a99","batmannegro","BR","4","1011","4","4","1","4","false","false","","","","","","","","","","","","","","","","","","","","","","","","","","","","","",""
"0a2d2434-0edd-4136-9df2-41198f2f3aad","Nemopix","BR","4","1012","","","","","","","3","3","3","3","false","false","1","1","1","1","false","false","","","","","","","","","","","","","","","","","",""
"ab8826fe-0d66-4fec-8617-5e5a140610d4","Caiobas12345","BR","4","1013","","","","","","","1","2","1","1","false","false","1","1","1","1","false","false","","","","","","","","","","","","","1","1","1","1","false","false"
"c31dce48-c991-4ba9-9158-5905ad1481c1","knowingema","AR","4","1014","","","","","","","4","4","4","4","false","false","","","","","","","","","","","","","","","","","","","","","","","",""
"1edcefe7-f51c-444b-8ffc-636bbc5f6c1f","Kauan13X","BR","4","1015","1","1","1","1","false","false","2","2","2","2","false","false","1","1","1","1","false","false","","","","","","","","","","","","","","","","","",""
"527c3c5b-7e25-460b-ad03-a187ca14b02e","GuTheMatro","BR","4","1016","","","","","","","0","2","0","0","false","false","","","","","","","","","","","","","","","","","","","2","2","2","2","false","false"
"d8627c94-ccc9-43af-bbc4-29c32b3e1436","Kryptexx__","BR","4","1017","","","","","","","1","1","1","1","false","false","","","","","","","1","1","1","1","false","false","","","","","","","2","2","2","2","false","false"
"3a715a73-bf35-439e-bda3-e8d208724f13","PinguimAfricano1","BR","4","1018","","","","","","","2","2","2","2","false","false","","","","","","","2","2","1","2","false","false","","","","","","","","","","","",""
"957aac72-7d07-44b6-ad48-aefaea0fb7b0","Chineisizi","BR","4","1019","1","1","1","1","false","false","2","2","2","2","false","false","1","1","1","1","false","false","","","","","","","","","","","","","","","","","",""
"dbb3b2f2-a6ad-4bf4-8622-420adb42cfc8","Bh2Kinngz","BR","4","1020","","","","","","","4","4","4","4","false","false","","","","","","","","","","","","","","","","","","","","","","","",""
"99e0aa66-077d-4ab8-8cbf-b13978e70a8a","Mellaniy","BR","4","1021","","","","","","","4","4","2","4","false","false","","","","","","","","","","","","","","","","","","","","","","","",""
"074efb1e-dd6d-41e9-b057-419a1b804db5","dash1nglmao","BR","4","1022","","","","","","","1","1","1","1","false","false","","","","","","","3","3","3","3","false","false","","","","","","","","","","","",""
"8b3be9e8-54e0-4be9-9964-62f127ec8265","sp3qq","BR","4","1023","","","","","","","4","4","4","4","false","false","","","","","","","","","","","","","","","","","","","","","","","",""
"4122ca0d-2da3-42b1-9d47-b95be3c1fd96","AguilleraBADNET","BR","4","1024","","","","","","","4","4","4","4","false","false","","","","","","","","","","","","","","","","","","","","","","","",""
"8b23ccdf-18a6-4af2-ab8e-108c94273fb1","Recusarei","BR","4","1025","","","","","","","2","2","1","2","false","false","","","","","","","2","2","2","2","false","false","","","","","","","","","","","",""
"ea2c5c1a-d850-4826-bdb7-25c51de7bb3a","silverlt5skill","CL","4","1026","4","4","3","4","false","false","","","","","","","","","","","","","","","","","","","","","","","","","","","","","",""
"bcf90f53-b770-41c0-90c0-4bb4cbdb6cb5","Dark1nho","BR","4","1027","","","","","","","0","0","0","0","false","false","4","4","0","4","false","false","","","","","","","0","0","0","0","false","false","0","0","0","0","false","false"
"8f49de00-2461-4bad-874c-ecbd72a5aa08","Dakansushi","BR","4","1028","","","","","","","","","","","","","4","4","4","4","false","false","","","","","","","","","","","","","","","","","",""
"dc29fef3-4f0f-46c1-a675-7f4df6f9ae53","Jokyu22","BR","4","1029","","","","","","","","","","","","","4","4","4","4","false","false","","","","","","","","","","","","","","","","","",""
"4671f3c6-740b-48b6-9e7f-9832cfc06411","LinhValeueoUwU","BR","4","1030","1","1","1","1","false","false","1","1","1","1","false","false","1","1","1","1","false","false","1","1","1","1","false","false","","","","","","","","","","","",""
"a7fd27b9-0774-4978-8421-24201f18390f","_embby","BR","4","1031","4","4","4","4","false","false","","","","","","","","","","","","","","","","","","","","","","","","","","","","","",""
"12cf0bdd-7b26-4c4c-8760-edb4450255c0","gunaprofile","BR","4","1032","1","1","1","1","false","false","1","1","1","1","false","false","1","1","1","1","false","false","","","","","","","1","1","1","1","false","false","","","","","",""
"477442de-fb7d-4183-ad38-5af281d4287f","Lucaszin775","BR","4","1033","","","","","","","","","","","","","2","2","2","2","false","false","2","2","2","2","false","false","","","","","","","","","","","",""
"278c70b4-6e7b-4a64-a5fc-416d21cd7908","uisahsuiasndsaD","AR","4","1034","","","","","","","4","4","4","4","false","false","","","","","","","","","","","","","","","","","","","","","","","",""
"6b91d9fb-324b-4319-8d3c-ec77dc5c8411","DDnovex6","BR","4","1035","","","","","","","4","4","1","4","false","false","","","","","","","","","","","","","","","","","","","","","","","",""
"4dcd743f-385e-4640-a0f2-24b6515a2e3d","_Doven","BR","4","1036","","","","","","","2","2","2","2","false","false","","","","","","","","","","","","","","","","","","","2","2","2","2","false","false"
"070e41ee-815c-4e88-8567-b194e60ba404","Okay4ma_","BR","4","1037","","","","","","","2","2","2","2","false","false","","","","","","","2","2","2","2","false","false","","","","","","","","","","","",""
"1ff87667-c195-45bb-b091-38b3adb8f2e9","PDR_lol","BR","4","1038","","","","","","","2","2","2","2","false","false","","","","","","","2","2","1","2","false","false","","","","","","","","","","","",""
"609b05de-3e0d-4217-af83-110cf6e8f099","Augusto1006","BR","4","1039","","","","","","","","","","","","","4","4","3","4","false","false","","","","","","","","","","","","","","","","","",""
"d47ffe55-87f7-4776-8bf3-acf04d07bebb","W3ndigo_fr","BR","4","1040","","","","","","","","","","","","","4","4","4","4","false","false","","","","","","","","","","","","","","","","","",""
"112234c7-bc69-4c02-b0cf-69018654cf02","a6c6","BR","4","1041","4","4","4","4","false","false","","","","","","","","","","","","","","","","","","","","","","","","","","","","","",""
"cdd29243-2ea9-44ae-9eb4-25283b7a3b1c","FrankParIns","AR","4","1042","","","","","","","4","4","2","4","false","false","","","","","","","","","","","","","","","","","","","","","","","",""
"ab11191d-df0b-4412-92e2-93b9de85ac4a","Sonecazxxx","BR","4","1043","","","","","","","2","2","2","2","false","false","","","","","","","2","2","2","2","false","false","","","","","","","","","","","",""
"dffec5e4-e1e9-4eb9-80bf-c06e3ffe94e3","Mestre_Casca","AR","4","1044","1","1","1","1","false","false","2","2","1","2","false","false","1","1","1","1","false","false","","","","","","","","","","","","","","","","","",""
"73e5913c-9dff-4406-8b9a-0c62237fe52e","aalvesz","BR","4","1045","","","","","","","1","2","1","1","false","false","","","","","","","","","","","","","","","","","","","2","2","2","2","false","false"
"6d6024f9-1bba-4dce-ace1-0af0c68f4861","Satoru_gostoso","BR","4","1046","","","","","","","1","1","1","1","false","false","","","","","","","1","1","1","1","false","false","1","1","1","1","false","false","1","1","1","1","false","false"
"9e1639dc-6614-4d1c-95e8-4b42baece50e","soulindokkjk","BR","4","1047","","","","","","","2","2","2","2","false","false","","","","","","","","","","","","","2","2","2","2","false","false","","","","","",""
"681e698f-685e-44cb-a153-3057434aed4f","romantizando","BR","4","1048","","","","","","","","","","","","","","","","","","","4","4","3","4","false","false","","","","","","","","","","","",""
"9e319866-d4fa-4bad-8af4-9aeefbc3d88e","Nyx3rr","BR","4","1049","","","","","","","","","","","","","","","","","","","4","4","4","4","false","false","","","","","","","","","","","",""
"b3ad7dc7-8b41-46ea-8486-d160f5a93aef","Seppingg","BR","4","1050","2","2","2","2","false","false","2","2","2","2","false","false","","","","","","","","","","","","","","","","","","","","","","","",""
"83421699-5ed9-4ce3-9c75-abf263e74362","Ragj90_","PE","4","1051","","","","","","","4","4","4","4","false","false","","","","","","","","","","","","","","","","","","","","","","","",""
"957d0bc1-ee9e-431a-9748-4d3f55950864","imLootier","BR","4","1052","","","","","","","2","2","2","2","false","false","","","","","","","2","2","1","2","false","false","","","","","","","","","","","",""
"46755538-5e52-4389-bb2a-1aa03b79a225","Nanazinha_","BR","4","1053","2","2","2","2","false","false","1","1","1","1","false","false","","","","","","","1","1","1","1","false","false","","","","","","","","","","","",""
"36f4eec6-cefc-4025-b273-fb60eaa83eb9","euLipee","BR","4","1054","","","","","","","1","1","1","1","false","false","","","","","","","","","","","","","","","","","","","3","3","3","3","false","false"
"a9d79c5e-94ee-4f1c-8cb2-26129e396168","Devaneio_","BR","4","1055","","","","","","","2","2","2","2","false","false","","","","","","","2","2","2","2","false","false","","","","","","","","","","","",""
"d5312d13-a0de-44ed-8ee6-32ac6170709a","pedroapela","BR","4","1056","","","","","","","2","2","2","2","false","false","1","1","1","1","false","false","1","1","1","1","false","false","","","","","","","","","","","",""
"bf2b3567-2460-485c-979d-1965b25823db","sorayaxoxo","BR","4","1057","","","","","","","2","2","2","2","false","false","1","1","1","1","false","false","","","","","","","1","1","1","1","false","false","","","","","",""
"6928bf9b-649e-424f-98d7-be1d3a328f59","guixtt","BR","4","1058","","","","","","","2","2","2","2","false","false","","","","","","","","","","","","","2","2","2","2","false","false","","","","","",""
"caaa33b6-d516-41e6-b06c-13f5242a70e9","Natancrysamarlow","BR","4","1059","2","2","2","2","false","false","1","1","1","1","false","false","1","1","1","1","false","false","","","","","","","","","","","","","","","","","",""
"c1d2f0c7-676e-4a4c-8829-1fd515a0727c","lowsanity_","BR","4","1060","","","","","","","2","2","2","2","false","false","2","2","2","2","false","false","","","","","","","","","","","","","","","","","",""
"7fd1e9cc-2a6b-4e11-9611-803722745483","1topblessed","BR","4","1061","","","","","","","","","","","","","4","4","4","4","false","false","","","","","","","","","","","","","","","","","",""
"4d32fa24-7ff9-40df-8cba-b0b989ceb698","yumitssu","BR","4","1062","","","","","","","2","2","2","2","false","false","2","2","2","2","false","false","","","","","","","","","","","","","","","","","",""
"c564a50d-31be-4598-a3c3-95637973e037","12hr_","BR","4","1063","2","2","2","2","false","false","2","2","2","2","false","false","","","","","","","","","","","","","","","","","","","","","","","",""
"c841f5e9-714d-4100-ab8c-488d74ba5f4a","ZaChrys7","BR","4","1064","","","","","","","1","1","1","1","false","false","2","2","2","2","false","false","","","","","","","","","","","","","1","1","1","1","false","false"
"a9f6665e-df00-4640-80c7-7626a320a263","Agitoov3","BR","4","1065","","","","","","","","","","","","","","","","","","","","","","","","","2","2","2","2","false","false","2","2","2","2","false","false"
"4791741a-321a-4de6-8874-3487b7c5a0b0","bibi_tacerto","BR","4","1066","1","1","1","1","false","false","1","1","1","1","false","false","1","1","1","1","false","false","1","1","1","1","false","false","","","","","","","","","","","",""
"d9a476f1-a436-4184-acb3-df2f7d469059","idksen_","BR","4","1067","1","1","1","1","false","false","1","1","1","1","false","false","","","","","","","1","2","1","1","false","false","","","","","","","","","","","",""
"bd2f5084-b95d-4418-908b-ca42addbc1a9","outl","BR","4","1068","2","2","2","2","false","false","2","2","2","2","false","false","","","","","","","","","","","","","","","","","","","","","","","",""
"eeaba7b0-c503-4b22-8b75-a70c31781323","ULTRASHIN122_PC","BR","4","1069","1","1","1","1","false","false","1","1","1","1","false","false","","","","","","","1","1","1","1","false","false","1","1","1","1","false","false","","","","","",""
"c7f6354c-fa5b-4bb1-a898-c8aec7cd3220","ribeirysz7","BR","4","1070","1","1","1","1","false","false","","","","","","","1","1","1","1","false","false","","","","","","","1","1","1","1","false","false","1","1","1","1","false","false"
"53321fb3-f204-4f95-9f2e-ed60f6510845","WeqNiko","BR","4","1071","","","","","","","2","2","2","2","false","false","","","","","","","2","2","2","2","false","false","","","","","","","","","","","",""
"adb2c38a-6ac4-47dd-a901-5baa085e1f9b","AnaNaoXita","BR","4","1072","","","","","","","1","1","1","1","false","false","1","1","1","1","false","false","","","","","","","1","1","1","1","false","false","1","1","1","1","false","false"
"26ed30a6-6f09-4989-92da-5993dd896f98","ess__ik","BR","4","1073","2","2","2","2","false","false","2","2","2","2","false","false","","","","","","","","","","","","","","","","","","","","","","","",""
"e5d5a261-c191-44af-b8bd-162c321fc4ae","HugHug11_","BR","4","1074","4","4","4","4","false","false","","","","","","","","","","","","","","","","","","","","","","","","","","","","","",""
"5ffc50e4-49c4-4f5e-a3ab-118a63d80868","i_am_sponje_bob","BR","4","1075","","","","","","","2","2","2","2","false","false","","","","","","","","","","","","","","","","","","","2","2","1","2","false","false"
"54176f1c-487a-4e3b-9d65-f630523d5b78","RyzennXTheFirst","BR","4","1076","1","1","1","1","false","false","1","1","1","1","false","false","","","","","","","1","1","1","1","false","false","1","1","1","1","false","false","","","","","",""
"42cc3fb0-a88c-4b83-958a-eca3bc5e138c","PlayZoneBR","BR","4","1077","","","","","","","1","1","1","1","false","false","2","2","2","2","false","false","","","","","","","","","","","","","1","1","1","1","false","false"
"2cad9ae7-3a64-4c5b-b267-f259cc562475","Dnww2","BR","4","1078","1","1","1","1","false","false","2","2","2","2","false","false","","","","","","","1","1","1","1","false","false","","","","","","","","","","","",""
"25098421-7c49-4012-8621-df5764408658","Godlipe7778","BR","4","1079","","","","","","","2","2","2","2","false","false","","","","","","","","","","","","","","","","","","","2","2","2","2","false","false"
"725929b6-6231-4dc9-928f-8012ada0e39a","feedparrot8","BR","4","1080","","","","","","","","","","","","","1","1","1","1","false","false","1","1","1","1","false","false","","","","","","","2","2","2","2","false","false"
"da883c8f-5d29-41ab-9484-bd1259a3d169","mobilete074","BR","4","1081","1","1","1","1","false","false","1","1","1","1","false","false","","","","","","","1","1","1","1","false","false","1","1","1","1","false","false","","","","","",""
"10bff3c8-5427-4335-bc0b-f5c215b25aab","Prekinho","BR","4","1082","","","","","","","2","2","2","2","false","false","2","2","2","2","false","false","","","","","","","","","","","","","","","","","",""
"4549bbdd-637b-44ec-b4b7-84f2d6158f80","itzrealgui","BR","4","1083","1","1","1","1","false","false","1","1","1","1","false","false","1","1","1","1","false","false","","","","","","","1","1","1","1","false","false","","","","","",""
"76a44eb3-5630-465c-b47c-cf76848c07ae","zanardo82","BR","4","1084","1","1","1","1","false","false","","","","","","","","","","","","","2","2","2","2","false","false","1","1","1","1","false","false","","","","","",""
"e0fcdbc0-c379-4877-b17f-2a9836433f26","_Milkyyzz","BR","4","1085","2","2","2","2","false","false","2","2","2","2","false","false","","","","","","","","","","","","","","","","","","","","","","","",""
"0facdabc-e69e-4a64-a620-9b0121a47484","ohexaficapra2030","BR","4","1086","4","4","4","4","false","false","","","","","","","","","","","","","","","","","","","","","","","","","","","","","",""
"1217eb66-600d-436d-8c80-e3e7f28ba26a","PropiedadDeSofia","CL","4","1087","","","","","","","","","","","","","","","","","","","4","4","4","4","false","false","","","","","","","","","","","",""
"a0f375a6-c36d-4b94-bdc3-15c37f1709fe","SrnkPearz","BR","4","1088","","","","","","","1","1","1","1","false","false","2","2","2","2","false","false","","","","","","","1","1","1","1","false","false","","","","","",""
"bece85ba-ba9f-46d6-a562-512ea6b66ff9","Vzinnnx7","BR","4","1089","","","","","","","1","1","1","1","false","false","","","","","","","","","","","","","","","","","","","3","3","3","3","false","false"
"8f23c31a-c780-4373-a034-ab1a390d7b20","Kings_V0rtex","BR","4","1090","2","2","2","2","false","false","","","","","","","2","2","2","2","false","false","","","","","","","","","","","","","","","","","",""
"59552ba8-ec8b-4eea-9741-cb98e0bedecd","itz_theRip_","BR","4","1091","1","1","1","1","false","false","1","1","1","1","false","false","1","1","1","1","false","false","1","1","1","1","false","false","","","","","","","","","","","",""
"b53d045c-1ae2-456d-a2a7-8f911d7e31af","wWe3","BR","4","1092","2","2","2","2","false","false","2","2","2","2","false","false","","","","","","","","","","","","","","","","","","","","","","","",""
"481c56cd-5ec6-4257-a85f-c17f257d554d","cleitaopvp02","BR","4","1093","1","1","1","1","false","false","1","1","1","1","false","false","","","","","","","","","","","","","1","1","1","1","false","false","1","1","1","1","false","false"
"5b69a027-1e68-4847-b70a-11612fcecdd8","ynkz_","BR","4","1094","4","4","4","4","false","false","","","","","","","","","","","","","","","","","","","","","","","","","","","","","",""
"82404170-6c71-4fa7-b9b4-fb0a9a3f80a6","Relogar","BR","4","1095","2","2","2","2","false","false","2","2","2","2","false","false","","","","","","","","","","","","","","","","","","","","","","","",""
"1a11896b-ce00-4940-bc64-ab4c69d81ef0","Loxarm","BR","4","1096","","","","","","","2","2","2","2","false","false","2","2","2","2","false","false","","","","","","","","","","","","","","","","","",""
"d62c5ce9-4aa5-446f-9fd9-615ab210c62f","NiehuesN","BR","4","1097","2","2","2","2","false","false","","","","","","","2","2","2","2","false","false","","","","","","","","","","","","","","","","","",""
"260eaa52-79c8-42da-a3a6-6a3276a64487","ItsPaxel","BR","4","1098","","","","","","","2","2","2","2","false","false","","","","","","","2","2","2","2","false","false","","","","","","","","","","","",""
"da29fb33-5efd-4109-b0d9-2b24b38cf40a","mntxyy","BR","4","1099","","","","","","","2","2","2","2","false","false","","","","","","","","","","","","","","","","","","","2","2","2","2","false","false"
"dca812ac-f0ce-4144-b838-8af3148bf62b","SupremeStyle_","BR","4","1100","","","","","","","","","","","","","2","2","2","2","false","false","2","2","2","2","false","false","","","","","","","","","","","",""
"cca7907b-7d41-450f-8f27-1f4fe3588778","Yvxen","CL","4","1101","","","","","","","4","4","4","4","false","false","","","","","","","","","","","","","","","","","","","","","","","",""
"31970d01-31de-4efd-b097-ce39bca31046","Acles","BR","4","1102","","","","","","","","","","","","","2","2","2","2","false","false","2","2","2","2","false","false","","","","","","","","","","","",""
"3e58f753-a646-4139-8ead-198b7567ccda","Kilzmartao","BR","3","1103","1","3","1","1","false","false","","","","","","","","","","","","","","","","","","","","","","","","","","","","","",""
"15790a88-1240-4d27-b81b-27a07fed7289","SlayerPlayers","BR","3","1104","3","3","2","3","false","false","","","","","","","","","","","","","","","","","","","","","","","","","","","","","",""
"d94f9319-1eed-46c7-9af6-7c3084ebff55","dwpop_","BR","3","1105","3","3","2","3","false","false","","","","","","","","","","","","","","","","","","","","","","","","","","","","","",""
"ac206740-41f7-48ad-8904-adbbed2fcb0c","Gamoke","BR","3","1106","3","3","3","3","false","false","","","","","","","","","","","","","","","","","","","","","","","","","","","","","",""
"94c7c12b-99c8-4879-aba4-bf9aa3322a23","Recompensado","BR","3","1107","3","3","2","3","false","false","","","","","","","","","","","","","","","","","","","","","","","","","","","","","",""
"c9eaaffe-1442-4585-8e3d-84d9d049c5f0","individualmente","BR","3","1108","3","3","3","3","false","false","0","0","0","0","false","false","","","","","","","","","","","","","","","","","","","","","","","",""
"3a3ca131-e055-4f5c-81b1-48175846e527","Meves1v99","BR","3","1109","","","","","","","3","3","2","3","false","false","","","","","","","","","","","","","","","","","","","","","","","",""
"c1454be3-d01e-404d-8d4a-b65cbd24872c","FlawleszVictory","BR","3","1110","3","3","3","3","false","false","","","","","","","","","","","","","","","","","","","","","","","","","","","","","",""
"289da2b2-c740-4e28-8bb0-d0366ec15cf8","AninhaXd","BR","3","1111","","","","","","","3","3","2","3","false","false","","","","","","","","","","","","","","","","","","","","","","","",""
"e884a3b7-1e4a-4e67-a892-84c0b06bf09d","267hz","BR","3","1112","","","","","","","3","3","2","3","false","false","","","","","","","","","","","","","","","","","","","","","","","",""
"a9c369e1-7fa5-4ee6-8a3c-cfd803c29ef9","Seninhaw","BR","3","1113","","","","","","","3","3","3","3","false","false","","","","","","","","","","","","","","","","","","","","","","","",""
"3acdb025-15d5-46d7-99ea-21838d31da12","xe1u","BR","3","1114","","","","","","","3","3","2","3","false","false","","","","","","","","","","","","","","","","","","","","","","","",""
"d1e60979-50c2-49df-ad37-484fd41c0a3f","royalwq","BR","3","1115","3","3","1","3","false","false","","","","","","","","","","","","","","","","","","","","","","","","","","","","","",""
"e009739c-961f-4bf8-ae47-2b6bcf357b62","pokemonplay","BR","3","1116","2","3","2","2","false","false","","","","","","","","","","","","","","","","","","","","","","","","","","","","","",""
"d017c71f-f422-4cdb-a55e-406b9618c174","ht3zxc","BR","3","1117","3","3","3","3","false","false","","","","","","","","","","","","","","","","","","","","","","","","","","","","","",""
"672efd41-45e1-4117-a9e5-95dc0beae3aa","aguustin51","UY","3","1118","","","","","","","3","3","3","3","false","false","","","","","","","","","","","","","","","","","","","","","","","",""
"7a4ca4e3-f52d-44db-bd50-be2090054e0e","Thi2021","BR","3","1119","3","3","3","3","false","false","","","","","","","","","","","","","","","","","","","","","","","","","","","","","",""
"ffff144e-3414-4a9f-9c02-f9b138dee703","Swifles_","BR","3","1120","3","3","3","3","false","false","","","","","","","","","","","","","","","","","","","","","","","","","","","","","",""
"0555d34d-6095-4805-b9cf-1fcea96659ae","MonsCry","CL","3","1121","3","3","3","3","false","false","","","","","","","","","","","","","","","","","","","","","","","","","","","","","",""
"3156203d-2e2f-47ff-8245-d48380ba6317","melaokkj__","BR","3","1122","3","3","1","3","false","false","","","","","","","","","","","","","","","","","","","","","","","","","","","","","",""
"7e171cce-2e63-4565-a98c-1837fd19b3a6","kylazislegit","BR","3","1123","3","3","2","3","false","false","","","","","","","","","","","","","","","","","","","","","","","","","","","","","",""
"19acbe3a-13fe-48a3-9c3f-1043f53cacd7","0BITOZX","BR","3","1124","3","3","1","3","false","false","","","","","","","","","","","","","","","","","","","","","","","","","","","","","",""
"0c205fee-41f9-4d05-a339-5cde63d9322e","Rafaiuto","BR","3","1125","3","3","3","3","false","false","","","","","","","","","","","","","","","","","","","","","","","","","","","","","",""
"fe3aec56-94a0-48e1-a070-d8e14e7b8a77","y7Mahzl","BR","3","1126","3","3","3","3","false","false","","","","","","","","","","","","","","","","","","","","","","","","","","","","","",""
"e2f15f6b-0003-4689-8190-71c7c7384a0a","Koovak","UY","3","1127","","","","","","","3","3","3","3","false","false","","","","","","","","","","","","","","","","","","","","","","","",""
"80dd08ab-0a6a-407f-83ec-18b144450c20","_Hanli","AR","3","1128","3","3","3","3","false","false","","","","","","","","","","","","","","","","","","","","","","","","","","","","","",""
"cfa04d40-dcba-4353-8ac9-04d03553cd90","o6cg","BR","3","1129","","","","","","","3","3","3","3","false","false","","","","","","","","","","","","","","","","","","","","","","","",""
"7a7a3c28-a5c4-4968-a446-4ea1f4fa1c47","wantedlol","BR","3","1130","","","","","","","3","3","2","3","false","false","","","","","","","","","","","","","","","","","","","","","","","",""
"8c83dc9b-3ad2-4d92-a3f8-4013ac3ae8aa","TheBestMendigo","BR","3","1131","3","3","3","3","false","false","","","","","","","","","","","","","","","","","","","","","","","","","","","","","",""
"7fc6ece2-b113-4954-ba6a-0b87cb2db42f","Mikezin497","BR","3","1132","3","3","2","3","false","false","","","","","","","","","","","","","","","","","","","","","","","","","","","","","",""
"c0557121-f873-4e66-84ab-2bac83f4bf4f","Ghoalt","BR","3","1133","","","","","","","1","3","1","1","false","false","","","","","","","","","","","","","","","","","","","","","","","",""
"e6df0bb7-4926-4f9b-bf48-ff9fd351439d","cukiy","BR","3","1134","","","","","","","","","","","","","3","3","3","3","false","false","","","","","","","","","","","","","","","","","",""
"54f86dc3-2a11-404b-86c0-eb8c0776961b","PapuMau","CL","3","1135","","","","","","","3","3","3","3","false","false","","","","","","","","","","","","","","","","","","","","","","","",""
"8d184c4c-95fc-45bb-9212-28cd50e01ed0","Zoomthebestk","BR","3","1136","3","3","2","3","false","false","","","","","","","","","","","","","","","","","","","","","","","","","","","","","",""
"0c652af2-d374-4d30-abc5-60cb079f7472","Noxskry","BR","3","1137","","","","","","","3","3","3","3","false","false","","","","","","","","","","","","","","","","","","","","","","","",""
"a1648827-0386-47a2-bf7c-b164b271afe4","Higuelk","BR","3","1138","","","","","","","1","2","1","1","false","false","","","","","","","","","","","","","1","1","1","1","false","false","","","","","",""
"52749ff6-d726-4581-b9e0-9e027b7c2125","sxzwyyyy","BR","3","1139","","","","","","","3","3","3","3","false","false","","","","","","","","","","","","","","","","","","","","","","","",""
"8dcde965-ac8d-49bf-8910-be965f970d7c","chinagames","BR","3","1140","","","","","","","2","3","2","2","false","false","","","","","","","","","","","","","","","","","","","","","","","",""
"98f965f9-247a-4ad2-a427-04d21f621a5b","ItzCrewkkj_","BR","3","1141","3","3","1","3","false","false","","","","","","","","","","","","","","","","","","","","","","","","","","","","","",""
"473f814d-76e4-413c-99e5-b1052bfcbbd8","Jammsuu","BR","3","1142","3","3","3","3","false","false","","","","","","","","","","","","","","","","","","","","","","","","","","","","","",""
"99855a72-c9c0-44e5-a6fc-c7c7c8d96510","kngnasirSCARFACE","BR","3","1143","1","1","1","1","false","false","2","2","2","2","false","false","","","","","","","","","","","","","","","","","","","","","","","",""
"e3dfa97a-8a7c-485e-97df-7d09ec8f11cb","2villain","BR","3","1144","","","","","","","3","3","3","3","false","false","","","","","","","","","","","","","","","","","","","","","","","",""
"51c334fc-7a6a-42b0-8b9f-5d4bf5736078","Primextz_Ruby","BR","3","1145","1","1","1","1","false","false","2","2","2","2","false","false","","","","","","","","","","","","","","","","","","","","","","","",""
"8281c768-58c3-4f0d-8070-c24bd9993ae1","Knoking","BR","3","1146","","","","","","","3","3","2","3","false","false","","","","","","","","","","","","","","","","","","","","","","","",""
"286a239b-8195-4924-9b89-46fe6f71fede","schweppes4450","BR","3","1147","3","3","1","3","false","false","","","","","","","","","","","","","","","","","","","","","","","","","","","","","",""
"d75d9413-f0f5-4119-8923-eef12f8e35e6","dnbbs","BR","3","1148","3","3","3","3","false","false","","","","","","","","","","","","","","","","","","","","","","","","","","","","","",""
"73686ab4-b9da-4bce-a4d8-e658fe283487","ItzMnr_","BR","3","1149","3","3","3","3","false","false","","","","","","","","","","","","","","","","","","","","","","","","","","","","","",""
"10666bf9-88da-4e8d-bf73-40dd48738c71","Estabilizando","BR","3","1150","3","3","3","3","false","false","","","","","","","","","","","","","","","","","","","","","","","","","","","","","",""
"3d4e31cd-6fc3-4da9-b312-4b0a69633e55","hanakors","BR","3","1151","","","","","","","2","2","2","2","false","false","1","1","1","1","false","false","","","","","","","","","","","","","","","","","",""
"8a8a6674-9f64-4ca0-8d7d-83a049c26d06","Qwertyylol","BR","3","1152","","","","","","","3","3","3","3","false","false","","","","","","","","","","","","","","","","","","","","","","","",""
"f9b0a4c7-f150-4a29-b548-3da4778b7560","Kuyumi_yuni","BR","3","1153","3","3","2","3","false","false","","","","","","","","","","","","","","","","","","","","","","","","","","","","","",""
"bd391862-17e9-423d-8f71-9498b07aa1bf","ImNotAnchor","BR","3","1154","3","3","3","3","false","false","","","","","","","","","","","","","","","","","","","","","","","","","","","","","",""
"54d02408-d311-4a46-83c5-661f3f465369","Pimzitos2","BR","3","1155","","","","","","","","","","","","","","","","","","","3","3","3","3","false","false","","","","","","","","","","","",""
"8bcfab21-a163-46da-8f52-7f61731694ac","zFastwinnerXD","BR","3","1156","3","3","3","3","false","false","","","","","","","","","","","","","","","","","","","","","","","","","","","","","",""
"7cad510d-f472-4c1d-a9ba-16640e28bca9","8Kai","BR","3","1157","2","2","2","2","false","false","","","","","","","1","1","1","1","false","false","","","","","","","","","","","","","","","","","",""
"fa97851c-5175-4967-97ed-265276725627","yUpmina","BR","3","1158","3","3","3","3","false","false","","","","","","","","","","","","","","","","","","","","","","","","","","","","","",""
"f7e6ec94-92bb-4a0a-a622-96799b09ae3e","niner_heal","BR","3","1159","2","2","1","2","false","false","1","1","1","1","false","false","","","","","","","","","","","","","","","","","","","","","","","",""
"173f9ab4-25cb-41c7-863d-1cfca82142e4","olfdw","BR","3","1160","","","","","","","3","3","3","3","false","false","","","","","","","","","","","","","","","","","","","","","","","",""
"3eb4cdf9-ff72-43da-87da-cf7bb5eb9499","guitale","BR","3","1161","3","3","3","3","false","false","","","","","","","","","","","","","","","","","","","","","","","","","","","","","",""
"e7db91a3-fafa-48d2-9889-c09a64d988da","security9","BR","3","1162","1","1","1","1","false","false","2","2","2","2","false","false","","","","","","","","","","","","","","","","","","","","","","","",""
"918d52b2-c32a-4423-89bb-2b6513763b8c","Itzwolts","BR","3","1163","3","3","3","3","false","false","","","","","","","","","","","","","","","","","","","","","","","","","","","","","",""
"1e7ed704-043b-42dd-bf49-8997ae725d4e","Warpsx","BR","3","1164","3","3","2","3","false","false","","","","","","","","","","","","","","","","","","","","","","","","","","","","","",""
"26495d08-e486-4d7e-96e2-8db932411283","565x","BR","3","1165","3","3","3","3","false","false","","","","","","","","","","","","","","","","","","","","","","","","","","","","","",""
"4c813bb1-8225-41c7-baf0-e1c8516dad36","Dk7hz","BR","3","1166","3","3","2","3","false","false","","","","","","","","","","","","","","","","","","","","","","","","","","","","","",""
"6c621cbe-939a-47a9-8607-7e08332cda19","top1bisexual","BR","3","1167","","","","","","","3","3","3","3","false","false","","","","","","","","","","","","","","","","","","","","","","","",""
"aea714a3-81ab-4894-9a7b-2a53a1a921d0","eobueno_","BR","3","1168","3","3","1","3","false","false","","","","","","","","","","","","","","","","","","","","","","","","","","","","","",""
"3f07ab68-c7b0-457d-92c0-485152bbbab9","BrNzPrime","BR","3","1169","3","3","3","3","false","false","","","","","","","","","","","","","","","","","","","","","","","","","","","","","",""
"94c487f3-2289-45bc-8f8a-14e0a58ce376","Luapata","BR","3","1170","","","","","","","3","3","2","3","false","false","","","","","","","","","","","","","","","","","","","","","","","",""
"04bd3da8-48e2-47c1-ab73-e6517dfe6628","SubaruWoW","BR","3","1171","3","3","2","3","false","false","","","","","","","","","","","","","","","","","","","","","","","","","","","","","",""
"c9e012db-7888-44ae-95b7-63c5ac32d86e","x4zw_","BR","3","1172","","","","","","","3","3","3","3","false","false","","","","","","","","","","","","","","","","","","","","","","","",""
"fddc7ae7-a104-4c44-b01b-6a791b2859ea","impostorsyndrom3","BR","3","1173","","","","","","","3","3","2","3","false","false","","","","","","","","","","","","","","","","","","","","","","","",""
"db1022d0-1433-4998-bdd0-515e6b566210","Insanamente","BR","3","1174","","","","","","","1","1","1","1","false","false","","","","","","","","","","","","","","","","","","","2","2","2","2","false","false"
"5a1d5a3c-25e3-418e-8b2c-5d606ea09d2a","uGarotoDbr","BR","3","1175","","","","","","","3","3","2","3","false","false","","","","","","","","","","","","","","","","","","","","","","","",""
"4c697ee5-cb0f-4963-ac18-cc129f154f59","Dxtr4_X","AR","3","1176","2","2","2","2","false","false","","","","","","","1","1","1","1","false","false","","","","","","","","","","","","","","","","","",""
"7a2ccd94-72b3-4638-9c8c-e72376065992","yGaxelium","BR","3","1177","","","","","","","3","3","3","3","false","false","","","","","","","","","","","","","","","","","","","","","","","",""
"6f67cb29-c8fb-4b42-9989-cc60c401cae4","sznho_","BR","3","1178","3","3","3","3","false","false","","","","","","","","","","","","","","","","","","","","","","","","","","","","","",""
"151e4245-06d3-4959-a438-2948149a76d8","ApenasBoloPro","BR","3","1179","2","2","1","2","false","false","1","1","1","1","false","false","","","","","","","","","","","","","","","","","","","","","","","",""
"40de1ec7-ddb2-48c3-a013-44416aba61a3","_Awy_","BR","3","1180","","","","","","","","","","","","","3","3","3","3","false","false","","","","","","","","","","","","","","","","","",""
"0a3a5e0c-20cd-4edf-bff5-ad5ba9898993","mtkss1","CL","3","1181","","","","","","","","","","","","","","","","","","","3","3","3","3","false","false","","","","","","","","","","","",""
"3042b911-a71f-4b3a-8644-a2959bdd466a","NotFrzy","BR","3","1182","3","3","3","3","false","false","","","","","","","","","","","","","","","","","","","","","","","","","","","","","",""
"290517ce-cf03-45f4-8ed9-bb98c5f8b276","Murilinphelps","BR","3","1183","","","","","","","","","","","","","2","3","2","2","false","false","","","","","","","","","","","","","","","","","",""
"2113413e-40b5-47ae-968e-4e47eafc2a98","Cagameno","BR","3","1184","3","3","2","3","false","false","","","","","","","","","","","","","","","","","","","","","","","","","","","","","",""
"3ea0b0fd-efb9-44a7-a72e-d783e50cb4dd","288MEMBER","BR","3","1185","3","3","3","3","false","false","","","","","","","","","","","","","","","","","","","","","","","","","","","","","",""
"3dd86078-e686-4cc7-a5eb-f59bfd1ce82a","pr3mii","BR","3","1186","3","3","2","3","false","false","","","","","","","","","","","","","","","","","","","","","","","","","","","","","",""
"8278ad30-ec4a-4023-8bf7-f9f63783de2c","kiritinos","BR","3","1187","","","","","","","3","3","3","3","false","false","","","","","","","","","","","","","","","","","","","","","","","",""
"d0523500-a3d1-4041-aea5-4074d1f3aba9","PredyxV","BR","3","1188","1","1","1","1","false","false","","","","","","","","","","","","","2","2","2","2","false","false","","","","","","","","","","","",""
"afde00f7-7fc3-4c9e-89fc-a60288d21415","_nylia","BR","3","1189","","","","","","","","","","","","","","","","","","","","","","","","","","","","","","","3","3","3","3","false","false"
"0c04486d-f8cd-4607-b7ea-0dd4b63cdf7d","yArtzr","BR","3","1190","","","","","","","","","","","","","","","","","","","3","3","2","3","false","false","","","","","","","","","","","",""
"82d45395-7778-49d1-8cfe-63fe9dd78578","breakzy_7","BR","3","1191","1","1","1","1","false","false","2","2","2","2","false","false","","","","","","","","","","","","","","","","","","","","","","","",""
"3f1ae011-6bb1-4b8c-a14f-54b14f41c382","Vzzznp","CL","3","1192","","","","","","","","","","","","","","","","","","","","","","","","","3","3","3","3","false","false","","","","","",""
"e24a5a1d-a014-4dde-b178-05f3c9c12892","Ceifando","BR","3","1193","","","","","","","","","","","","","","","","","","","","","","","","","","","","","","","3","3","1","3","false","false"
"14db0b73-b092-465b-b18d-2db15d4f9848","SoyGabrielW","BR","3","1194","1","1","1","1","false","false","1","1","1","1","false","false","","","","","","","1","1","1","1","false","false","","","","","","","","","","","",""
"df615f9d-bcee-4765-a137-eed19fd41915","iwkhh","BR","3","1195","3","3","3","3","false","false","","","","","","","","","","","","","","","","","","","","","","","","","","","","","",""
"5a742022-f4dc-479e-9b78-e2958e919269","queridaovegetal_","BR","3","1196","","","","","","","3","3","3","3","false","false","","","","","","","","","","","","","","","","","","","","","","","",""
"fec75e91-4c79-4128-a800-80309172191b","In4c0c4","BR","3","1197","","","","","","","2","2","2","2","false","false","","","","","","","1","1","1","1","false","false","","","","","","","","","","","",""
"dd7105c5-a437-4028-a20f-ecfdf7a79bb2","Tiongblack","BR","3","1198","3","3","3","3","false","false","","","","","","","","","","","","","","","","","","","","","","","","","","","","","",""
"a70ec55d-cec2-49ab-a991-066640a5b103","Nann3r_","BR","3","1199","1","1","1","1","false","false","","","","","","","","","","","","","2","2","2","2","false","false","","","","","","","","","","","",""
"77139ccd-2f30-45a4-ad39-8f9bb93f6c05","Skyzito_Player","BR","3","1200","1","1","1","1","false","false","","","","","","","","","","","","","2","2","1","2","false","false","","","","","","","","","","","",""
"000e1e5e-7aaf-476e-ad25-79602474abcc","aboutdays","BR","3","1201","","","","","","","3","3","3","3","false","false","","","","","","","","","","","","","","","","","","","","","","","",""
"e6487d38-bf80-4d62-bcc3-7cc3c4a965ce","LOGIC0R","BR","3","1202","","","","","","","1","1","1","1","false","false","","","","","","","","","","","","","2","2","2","2","false","false","","","","","",""
"8c651fe8-78e9-43f0-a9cc-2964d3c100b9","Lczxxt","BR","3","1203","3","3","3","3","false","false","","","","","","","","","","","","","","","","","","","","","","","","","","","","","",""
"4a37120e-cc31-43fd-880c-9a00b18dc25f","Kaiut_Mi","BR","3","1204","1","1","1","1","false","false","","","","","","","","","","","","","2","2","2","2","false","false","","","","","","","","","","","",""
"5aef89f6-9f05-49a5-b287-a55fa1a1a2a8","noaaah003","BR","3","1205","","","","","","","","","","","","","2","2","2","2","false","false","","","","","","","1","1","1","1","false","false","","","","","",""
"0bb45508-57aa-4bab-8cb7-7dd0304a189e","Z4ntttisloser","BR","3","1206","3","3","3","3","false","false","","","","","","","","","","","","","","","","","","","","","","","","","","","","","",""
"9c5fb5ca-898c-4396-ad41-fe861ccfddf8","zozocaRizz","BR","3","1207","","","","","","","1","1","1","1","false","false","","","","","","","","","","","","","1","1","1","1","false","false","1","1","1","1","false","false"
"28523305-cd39-436b-b448-db1b273b9fdf","FellCT","BR","3","1208","","","","","","","3","3","3","3","false","false","","","","","","","","","","","","","","","","","","","","","","","",""
"28d10851-983f-4015-8294-e5a2a6943618","Blackxz977js","BR","3","1209","","","","","","","3","3","3","3","false","false","","","","","","","","","","","","","","","","","","","","","","","",""
"db14e2bb-e08a-43f2-993a-c8eb25b0ae38","Tteoz","BR","3","1210","","","","","","","","","","","","","","","","","","","3","3","2","3","false","false","","","","","","","","","","","",""
"e7ee16db-1a22-4bef-a5bb-27f2b7162d00","VitchTobi","BR","3","1211","","","","","","","2","3","2","2","false","false","","","","","","","","","","","","","","","","","","","","","","","",""
"cbca907b-82e8-4a79-86a5-fc8a129aca9b","Mubraaa","BR","3","1212","","","","","","","","","","","","","","","","","","","3","3","3","3","false","false","","","","","","","","","","","",""
"b6db2358-94ff-4e45-9461-23d37d46d3c2","wh1t3zzx","BR","3","1213","1","1","1","1","false","false","2","2","2","2","false","false","","","","","","","","","","","","","","","","","","","","","","","",""
"233636ae-f6f9-4d1b-b509-c964133f8af6","OwnedByUNFAIRMOD","BR","3","1214","3","3","3","3","false","false","","","","","","","","","","","","","","","","","","","","","","","","","","","","","",""
"32222e54-2981-4773-9a90-0a05c122d150","Pedro_ABC","BR","3","1215","","","","","","","2","2","2","2","false","false","","","","","","","","","","","","","","","","","","","1","1","1","1","false","false"
"71e73262-d2af-4eda-880a-9b1a4779e9a3","psicologias","BR","3","1216","","","","","","","3","3","3","3","false","false","","","","","","","","","","","","","","","","","","","","","","","",""
"b821d393-82b8-4b60-abea-2fbc8543737a","Prime_Gabz","BR","3","1217","","","","","","","1","1","1","1","false","false","","","","","","","","","","","","","","","","","","","2","2","2","2","false","false"
"0a92f663-239a-4081-896e-fde8930068f3","Yumi_HD","BR","3","1218","","","","","","","","","","","","","","","","","","","2","3","2","2","false","false","","","","","","","","","","","",""
"e4824051-0f6f-4299-a09d-dbf2cd80ddfb","Gothkay","BR","3","1219","","","","","","","2","2","2","2","false","false","","","","","","","","","","","","","","","","","","","1","1","1","1","false","false"
"a4caf320-5fb2-4870-ace8-284dfb3c1633","Fonsecaaaaa","BR","3","1220","","","","","","","1","1","1","1","false","false","","","","","","","2","2","2","2","false","false","","","","","","","","","","","",""
"b1f6d4f7-8664-4603-8c53-370a32b340cd","P4SSOS","BR","3","1221","","","","","","","3","3","3","3","false","false","","","","","","","","","","","","","","","","","","","","","","","",""
"17681607-a8e5-4886-8b07-df0aa205e1a8","Ninja_Tv","BR","3","1222","","","","","","","3","3","3","3","false","false","","","","","","","","","","","","","","","","","","","","","","","",""
"33d94450-3a8e-4acc-bed2-2daf452ac68c","Rafaellc","BR","3","1223","","","","","","","2","3","2","2","false","false","","","","","","","","","","","","","","","","","","","","","","","",""
"da106e1c-cc2a-4c74-94a4-e08b358077be","__Mortals","BR","3","1224","","","","","","","3","3","3","3","false","false","","","","","","","","","","","","","","","","","","","","","","","",""
"15674fc3-2ad3-4328-8249-30ae2ff8b741","ja1_Laugh","BR","3","1225","","","","","","","","","","","","","","","","","","","","","","","","","3","3","3","3","false","false","","","","","",""
"4f7ec5b5-92c3-45c3-acbc-9c153a32dd90","PMScosta","BR","3","1226","","","","","","","2","2","2","2","false","false","","","","","","","1","1","1","1","false","false","","","","","","","","","","","",""
"a7c20023-007f-4a8f-9d29-854d29f63f3b","Bervyxz","BR","3","1227","1","1","1","1","false","false","","","","","","","1","1","1","1","false","false","","","","","","","","","","","","","1","1","1","1","false","false"
"b087134f-a20e-4c08-a028-2abfba1bb8f6","squa__","BR","3","1228","3","3","2","3","false","false","","","","","","","","","","","","","","","","","","","","","","","","","","","","","",""
"d1bc08d5-8d22-4f65-a3c3-30f22e9daa20","ripsnowbrz","BR","3","1229","3","3","3","3","false","false","","","","","","","","","","","","","","","","","","","","","","","","","","","","","",""
"a67b9f62-c5e0-4714-8f12-dce6dabf111c","Feyrax","BR","3","1230","1","3","1","1","false","false","","","","","","","","","","","","","","","","","","","","","","","","","","","","","",""
"c71067af-a3ab-44b8-971b-c08074a2ef53","riquezn7","BR","3","1231","2","2","1","2","false","false","1","1","1","1","false","false","","","","","","","","","","","","","","","","","","","","","","","",""
"df530759-c112-4122-b510-8bad301e7b6b","AlmeidaGG","BR","3","1232","","","","","","","3","3","2","3","false","false","","","","","","","","","","","","","","","","","","","","","","","",""
"eaf1542e-fa61-44a0-ab8f-9087d43e12f1","Nomear","BR","3","1233","","","","","","","1","2","1","1","false","false","1","1","1","1","false","false","","","","","","","","","","","","","","","","","",""
"71a9c7ae-abeb-44c1-a638-1d281a801287","Sampaioooo","BR","3","1234","1","1","1","1","false","false","1","1","1","1","false","false","","","","","","","1","1","1","1","false","false","","","","","","","","","","","",""
"b15c9ea2-2f15-4583-b109-12ede6d62764","JPBytes","BR","3","1235","","","","","","","0","3","0","0","false","false","0","0","0","0","false","false","","","","","","","0","0","0","0","false","false","0","0","0","0","false","false"
"5e30b05b-5ed1-4174-9efb-8a5a73398646","H3lpantedFar2b2t","BR","3","1236","","","","","","","2","2","2","2","false","false","1","1","1","1","false","false","","","","","","","","","","","","","","","","","",""
"0be0e84e-7101-450a-ae10-ce94909ba3cf","VILLAIN_PHZIN","BR","3","1237","","","","","","","3","3","3","3","false","false","","","","","","","","","","","","","","","","","","","","","","","",""
"d8f28398-1250-4028-ade9-55e98b2c8e2f","Flihyz","CL","3","1238","","","","","","","3","3","3","3","false","false","","","","","","","","","","","","","","","","","","","","","","","",""
"a37f2f21-cdf0-4121-9014-a222e764e5c0","letargia","BR","3","1239","","","","","","","3","3","3","3","false","false","","","","","","","","","","","","","","","","","","","","","","","",""
"051ebfeb-9bd0-42e9-ae88-dc726dd00dbe","Acordado021","BR","3","1240","2","2","1","2","false","false","1","1","1","1","false","false","","","","","","","","","","","","","","","","","","","","","","","",""
"3fd961d6-394f-45e6-a561-bc88d3ce2e72","imBachii","BR","3","1241","","","","","","","3","3","3","3","false","false","","","","","","","","","","","","","","","","","","","","","","","",""
"195e93a4-5eea-494b-bc27-87d15d4c9cdb","Expumant0p","BR","3","1242","","","","","","","1","1","1","1","false","false","1","1","1","1","false","false","","","","","","","1","1","1","1","false","false","","","","","",""
"5a0c34c2-4024-488f-93c7-a9cababa32b4","papo_de_pasafome","BR","3","1243","","","","","","","1","1","1","1","false","false","1","1","1","1","false","false","1","1","1","1","false","false","","","","","","","","","","","",""
"6184fc76-dbbf-4e27-b917-cd7e35e2448f","imBia","BR","3","1244","","","","","","","3","3","3","3","false","false","","","","","","","","","","","","","","","","","","","","","","","",""
"8bf7c929-504b-4b20-8bf4-7d7c8238a4c2","samuelbld","BR","3","1245","","","","","","","1","1","1","1","false","false","1","1","1","1","false","false","","","","","","","","","","","","","1","1","1","1","false","false"
"f97c6cd0-b97b-4298-8b72-438b75591d58","Lo0cked","BR","3","1246","","","","","","","3","3","3","3","false","false","","","","","","","","","","","","","","","","","","","","","","","",""
"f3f5065a-3a58-491a-af1b-5fd1f6543a97","ctszim","BR","3","1247","","","","","","","2","2","2","2","false","false","1","1","1","1","false","false","","","","","","","","","","","","","","","","","",""
"fa5a26d0-eb5c-4f2d-9dcd-7f2db2e94c97","IdolatryXz_","BR","3","1248","","","","","","","3","3","3","3","false","false","","","","","","","","","","","","","","","","","","","","","","","",""
"6a1fc32d-63be-4e90-b37c-d9651819a019","PlexusMHT","AR","3","1249","","","","","","","3","3","3","3","false","false","","","","","","","","","","","","","","","","","","","","","","","",""
"68626ed2-6e98-40c5-bd52-49681ef0a494","Macedin09","BR","3","1250","1","1","1","1","false","false","1","1","1","1","false","false","","","","","","","1","1","1","1","false","false","","","","","","","","","","","",""
"6191c661-772c-4390-88ec-0abaf0113619","VqzxcIsback","BR","3","1251","","","","","","","2","2","2","2","false","false","","","","","","","","","","","","","1","1","1","1","false","false","","","","","",""
"17fb4e11-ebe6-4667-a899-4f5beefc192c","danft0nes","BR","3","1252","3","3","2","3","false","false","","","","","","","","","","","","","","","","","","","","","","","","","","","","","",""
"c9f48cb5-7692-4024-a8b8-50864ec01a2e","YusufGEAR5","BR","3","1253","3","3","3","3","false","false","","","","","","","","","","","","","","","","","","","","","","","","","","","","","",""
"a8f6ba38-fd2b-4a24-833e-80f85fea288f","zqxz_","BR","3","1254","3","3","3","3","false","false","","","","","","","","","","","","","","","","","","","","","","","","","","","","","",""
"d4f1a5c6-88ec-4913-8afb-084618dc9cb2","ResfriadoDeGripe","BR","3","1255","","","","","","","3","3","3","3","false","false","","","","","","","","","","","","","","","","","","","","","","","",""
"2fabe35e-9b9e-4c5f-8b5b-af2da706c2ca","Sprit_br","BR","3","1256","","","","","","","2","2","2","2","false","false","","","","","","","","","","","","","","","","","","","1","1","1","1","false","false"
"5832a14a-e42a-420f-a1f1-3205c38ab693","__beto","BR","3","1257","","","","","","","3","3","3","3","false","false","","","","","","","","","","","","","","","","","","","","","","","",""
"e22eaa56-9587-42dc-a93d-b1c15b5036ae","zhlfy","BR","3","1258","","","","","","","3","3","1","3","false","false","","","","","","","","","","","","","","","","","","","","","","","",""
"8844b8af-7379-4db4-b7f9-9a2c0b466e1d","amostradinho3","BR","3","1259","","","","","","","2","2","1","2","false","false","","","","","","","1","1","1","1","false","false","","","","","","","","","","","",""
"b78f5dfa-9115-4159-a417-716c1f38235f","kowekain","BR","3","1260","","","","","","","","","","","","","","","","","","","3","3","3","3","false","false","","","","","","","","","","","",""
"17122543-1723-4f6f-8e4e-82ca5cab4232","christOverHacks","BR","3","1261","1","1","1","1","false","false","1","2","1","1","false","false","","","","","","","","","","","","","","","","","","","","","","","",""
"093590ca-fb09-4a9a-a28b-3dc6396934e5","ElifuR1","BR","3","1262","","","","","","","3","3","2","3","false","false","","","","","","","","","","","","","","","","","","","","","","","",""
"bde1cd21-c7dc-46c2-a45e-044c6d711f69","8scy","BR","3","1263","","","","","","","","","","","","","","","","","","","","","","","","","","","","","","","3","3","3","3","false","false"
"8c917f65-4113-4fc8-a7fe-e065001b16c2","wxkz","BR","3","1264","","","","","","","3","3","3","3","false","false","","","","","","","","","","","","","","","","","","","","","","","",""
"6a3db078-888d-4e9c-86fb-8b1866667e28","cristaozinho","BR","3","1265","","","","","","","1","1","1","1","false","false","1","1","1","1","false","false","","","","","","","","","","","","","1","1","1","1","false","false"
"ddad6996-5e5c-4685-b982-0faa7485ddfb","7xyzz_","BR","3","1266","","","","","","","","","","","","","3","3","3","3","false","false","","","","","","","","","","","","","","","","","",""
"923b1003-6f57-4100-a6d7-eb09bbdcd8d3","fyndsx","BR","3","1267","","","","","","","3","3","3","3","false","false","","","","","","","","","","","","","","","","","","","","","","","",""
"39400096-ac26-4960-aae5-d66f77fd717d","ttylol","BR","3","1268","","","","","","","","","","","","","3","3","3","3","false","false","","","","","","","","","","","","","","","","","",""
"c3fab6b1-1d7c-49f2-80da-8f5d365225c0","ImJust_aPlayer","BR","3","1269","","","","","","","1","1","1","1","false","false","","","","","","","","","","","","","2","2","2","2","false","false","","","","","",""
"048bd878-eac9-4577-9306-70736255f3fa","lmmao","AR","3","1270","","","","","","","3","3","3","3","false","false","","","","","","","","","","","","","","","","","","","","","","","",""
"b215ae63-4122-43f1-9802-c53c6f8590bd","cgxi","BR","3","1271","3","3","3","3","false","false","","","","","","","","","","","","","","","","","","","","","","","","","","","","","",""
"fdfcfcc2-2abb-498a-a621-03954a6df17e","ShakeSX","BR","3","1272","","","","","","","3","3","2","3","false","false","","","","","","","","","","","","","","","","","","","","","","","",""
"f018be74-1266-4f51-bc6c-9886c1c352fe","I_Blade","BR","3","1273","","","","","","","2","2","1","2","false","false","","","","","","","","","","","","","1","1","1","1","false","false","","","","","",""
"be60e272-9f69-4477-93d7-1f2ab8739182","RazeWyn","BR","3","1274","","","","","","","2","2","2","2","false","false","1","1","1","1","false","false","","","","","","","","","","","","","","","","","",""
"ecb98213-89c2-4db5-a5c5-a1b0cf14ac7c","Felivix__","BR","3","1275","2","2","2","2","false","false","1","1","1","1","false","false","0","0","0","0","false","false","","","","","","","","","","","","","","","","","",""
"56811a44-ce6f-47ff-84a9-9f4cbd06e3c4","LOBODRI2012","BR","3","1276","","","","","","","3","3","2","3","false","false","0","0","0","0","false","false","","","","","","","","","","","","","","","","","",""
"a5a48cd9-be42-483f-b7b2-3e2762ad457b","SrLsis","BR","3","1277","","","","","","","1","1","1","1","false","false","1","1","1","1","false","false","1","1","1","1","false","false","","","","","","","","","","","",""
"f5c7133a-8e9d-4114-b8f8-725f91462b18","wWanneWw","BR","3","1278","","","","","","","3","3","3","3","false","false","","","","","","","","","","","","","","","","","","","","","","","",""
"c7c64f86-763a-413e-9f2e-91ec4d1f9d1b","Kattzoiudo","BR","3","1279","","","","","","","2","2","2","2","false","false","1","1","1","1","false","false","","","","","","","","","","","","","","","","","",""
"8936e964-6897-4a27-9592-654e1574615c","SatlaMocha","BR","3","1280","","","","","","","2","2","2","2","false","false","1","1","1","1","false","false","","","","","","","","","","","","","","","","","",""
"4880ddf8-7881-428c-86bd-fb1f8d088b81","nerdox___","BR","3","1281","1","1","1","1","false","false","1","1","1","1","false","false","","","","","","","1","1","1","1","false","false","","","","","","","","","","","",""
"58c2f681-1de5-4a15-bec2-c3710db948e0","FALL7798","BR","3","1282","","","","","","","1","1","1","1","false","false","2","2","2","2","false","false","","","","","","","","","","","","","","","","","",""
"7acc3976-ccf2-4efe-9184-8e87c90fae51","amofazernadasad","BR","3","1283","1","1","1","1","false","false","1","1","1","1","false","false","","","","","","","1","1","1","1","false","false","","","","","","","","","","","",""
"301a7463-8080-414a-b59f-62f671c3ec72","GUU3112","BR","3","1284","1","1","1","1","false","false","","","","","","","","","","","","","2","2","2","2","false","false","","","","","","","","","","","",""
"58fa9819-d620-4216-85c0-025de9069b6c","StrafePy","PY","3","1285","","","","","","","3","3","3","3","false","false","","","","","","","","","","","","","","","","","","","","","","","",""
"4abc04bd-13c4-437a-aa1e-6e10445b4238","zBroke_","BR","3","1286","2","2","2","2","false","false","1","1","1","1","false","false","","","","","","","","","","","","","","","","","","","","","","","",""
"1b51c876-fc59-44d3-8ea6-b36fd915b066","Cacheadoisback_","BR","3","1287","","","","","","","2","2","2","2","false","false","1","1","1","1","false","false","","","","","","","","","","","","","","","","","",""
"7289b07b-3fef-4423-9330-443d72d134e6","_Yumizz","BR","3","1288","1","1","1","1","false","false","2","2","2","2","false","false","","","","","","","","","","","","","","","","","","","","","","","",""
"caa18c4b-6804-4f06-a71f-657d2a10ad04","JettSun","BR","3","1289","","","","","","","2","2","2","2","false","false","","","","","","","1","1","1","1","false","false","","","","","","","","","","","",""
"d155619a-824c-4944-a1f8-2a8908dc434e","FaxyTwo","BR","3","1290","","","","","","","3","3","3","3","false","false","","","","","","","","","","","","","","","","","","","","","","","",""
"e2852252-fcde-4901-87e3-767ef55fb09f","EoSlow","BR","3","1291","","","","","","","2","2","1","2","false","false","","","","","","","1","1","1","1","false","false","","","","","","","","","","","",""
"d44a498d-b293-471f-8f13-fcc1cffc5e91","Zeenkai","AR","3","1292","","","","","","","3","3","3","3","false","false","","","","","","","","","","","","","","","","","","","","","","","",""
"4936aab5-0ef2-475f-ab3b-89b93db1ab36","pal0Fa2016","BR","3","1293","","","","","","","3","3","3","3","false","false","","","","","","","","","","","","","","","","","","","","","","","",""
"ca0a4b7d-5fde-4f39-87f5-e00328326c78","Mrtianoo","BR","3","1294","","","","","","","","","","","","","","","","","","","3","3","3","3","false","false","","","","","","","","","","","",""
"7e3286de-37aa-44fe-84c0-c37271dc4749","Metaforicamente","BR","3","1295","2","2","2","2","false","false","","","","","","","","","","","","","1","1","1","1","false","false","","","","","","","","","","","",""
"695a20b0-4136-49ee-8517-ba8edfdcad3c","tonhogod","BR","3","1296","3","3","3","3","false","false","","","","","","","","","","","","","","","","","","","","","","","","","","","","","",""
"1b712bf1-b310-4d42-a40c-c2c6817bd2fc","akst_lulu","BR","3","1297","","","","","","","","","","","","","","","","","","","2","2","1","2","false","false","1","1","1","1","false","false","","","","","",""
"85ca744f-665b-4b82-8bc7-d4015e1d40b8","Guelita","BR","3","1298","","","","","","","","","","","","","2","2","2","2","false","false","1","1","1","1","false","false","","","","","","","","","","","",""
"fb38ba76-dc80-4c59-9ce9-dd04f71ac3dd","_Mizuni","BR","3","1299","","","","","","","2","2","1","2","false","false","","","","","","","1","1","1","1","false","false","","","","","","","","","","","",""
"c45bc479-0077-4c4d-bf39-9f02facf48e8","ItzRyKilla","BR","3","1300","3","3","3","3","false","false","","","","","","","","","","","","","","","","","","","","","","","","","","","","","",""
"a90f98bc-9b2c-4535-85af-a40ec1dce383","5gbbyN8L","BR","3","1301","","","","","","","","","","","","","3","3","3","3","false","false","","","","","","","","","","","","","","","","","",""
"d19e2163-9d36-44db-a75d-930bcb6c4c14","sakunoh_wgqEDv8","BR","3","1302","","","","","","","3","3","3","3","false","false","","","","","","","","","","","","","","","","","","","","","","","",""
"8b26c231-a199-4010-889d-0a99b289c70a","Provening","BR","3","1303","","","","","","","2","3","2","2","false","false","","","","","","","","","","","","","","","","","","","","","","","",""
"0803d767-6ec5-4628-9d36-921c3c75e91c","DARK_NOBRE","BR","3","1304","1","1","1","1","false","false","1","1","1","1","false","false","","","","","","","1","1","1","1","false","false","","","","","","","","","","","",""
"d0973a5c-9895-41a8-a353-275075ab5b07","baunilha5342","BR","3","1305","","","","","","","","","","","","","1","1","1","1","false","false","2","2","2","2","false","false","","","","","","","","","","","",""
"c6450a3f-9b55-4064-90f0-8599a328dc45","GAMERSTHMILLER","BR","3","1306","","","","","","","1","1","1","1","false","false","1","1","1","1","false","false","1","1","1","1","false","false","","","","","","","","","","","",""
"cf2b4eae-a52a-4440-b88f-a18337c0932d","_S4rius","BR","3","1307","","","","","","","2","3","2","2","false","false","","","","","","","","","","","","","","","","","","","","","","","",""
"d05f84e6-52d6-475a-8402-6a0263ecd3f9","Makarta","BR","3","1308","","","","","","","2","2","2","2","false","false","1","1","1","1","false","false","","","","","","","","","","","","","","","","","",""
"f49118c1-e078-4db6-81d4-6df1ff169f09","Bethelitna","BR","3","1309","","","","","","","3","3","3","3","false","false","","","","","","","","","","","","","","","","","","","","","","","",""
"5ddc4492-c168-4f43-b59d-5878d4d2cb97","CTupis013","BR","3","1310","","","","","","","3","3","2","3","false","false","","","","","","","","","","","","","","","","","","","","","","","",""
"2dafd292-445f-49f2-b2c0-a3ab00aab496","Vokezikkj","BR","3","1311","1","1","1","1","false","false","1","1","1","1","false","false","","","","","","","1","1","1","1","false","false","","","","","","","","","","","",""
"389972db-0b29-4aa7-a386-0ad2f26d7c0e","h2289gfn8q902nf0","BR","3","1312","","","","","","","3","3","3","3","false","false","","","","","","","","","","","","","","","","","","","","","","","",""
"e9353583-f27c-4c4c-b586-44ba7c06e7c0","Invisivel_","BR","3","1313","","","","","","","","","","","","","","","","","","","3","3","3","3","false","false","","","","","","","","","","","",""
"3d5a43ec-5069-4df7-b219-1292836495e8","hallowprayer","BR","3","1314","3","3","3","3","false","false","","","","","","","","","","","","","","","","","","","","","","","","","","","","","",""
"cb0c113d-56aa-4a4c-a9cf-c491f456c602","tryr_","BR","3","1315","3","3","3","3","false","false","","","","","","","","","","","","","","","","","","","","","","","","","","","","","",""
"ddef8537-0f9a-4c9c-b5c7-1a472266276e","leadpower","BR","3","1316","","","","","","","2","2","2","2","false","false","1","1","1","1","false","false","","","","","","","","","","","","","","","","","",""
"e4b9061c-7e47-43ef-b660-e05278e2ddcb","Rocky____","BR","3","1317","","","","","","","3","3","2","3","false","false","","","","","","","","","","","","","","","","","","","","","","","",""
"c6006315-5eab-4fa7-bd51-e1605c877a73","Hierarchya","BR","3","1318","","","","","","","3","3","3","3","false","false","","","","","","","","","","","","","","","","","","","","","","","",""
"b534b73b-fca1-408f-a481-00e6ca2f198b","_12paocomovo","BR","3","1319","","","","","","","1","1","1","1","false","false","","","","","","","","","","","","","","","","","","","2","2","2","2","false","false"
"f8c88275-5391-4aef-8792-423b9446f75b","wantqz","BR","3","1320","","","","","","","","","","","","","1","1","1","1","false","false","2","2","2","2","false","false","","","","","","","","","","","",""
"0b9a7074-a099-4eca-8da6-b743e6c6163d","Zanee_7","BR","3","1321","","","","","","","3","3","3","3","false","false","","","","","","","","","","","","","","","","","","","","","","","",""
"889d265b-22ce-4a80-b01f-2487625eec88","StarHerow_","BR","3","1322","","","","","","","1","1","1","1","false","false","","","","","","","","","","","","","1","1","1","1","false","false","1","1","1","1","false","false"
"0dec31b0-79cb-4a49-8735-0aa0524a1784","oAstro_GG","BR","3","1323","2","2","2","2","false","false","","","","","","","","","","","","","1","1","1","1","false","false","","","","","","","","","","","",""
"aeb13dcb-a714-4ecc-8c4b-35c4760e2c88","renna","BR","3","1324","","","","","","","3","3","3","3","false","false","","","","","","","","","","","","","","","","","","","","","","","",""
"9e7abcbb-fb18-4826-a653-2be2b36b65a7","pedrofaz","BR","3","1325","","","","","","","2","2","1","2","false","false","","","","","","","","","","","","","","","","","","","1","1","1","1","false","false"
"6e4b7f3b-a74a-4ab4-8ab3-a0a7787b3b9d","emoworld1000","BR","3","1326","2","2","2","2","false","false","1","1","1","1","false","false","","","","","","","","","","","","","","","","","","","","","","","",""
"d909a68b-ab88-42ae-a3cd-29d4732d2a35","joaozimtw","BR","3","1327","","","","","","","2","2","2","2","false","false","1","1","1","1","false","false","","","","","","","","","","","","","","","","","",""
"e5e50af2-7e95-4a83-82c6-2513d08a68bc","HeyYoda","BR","3","1328","","","","","","","2","3","2","2","false","false","","","","","","","","","","","","","","","","","","","","","","","",""
"72a5e458-884e-4484-97f9-476020d3afc9","itsDrayx","BR","3","1329","","","","","","","2","2","2","2","false","false","1","1","1","1","false","false","","","","","","","","","","","","","","","","","",""
"93742b27-79ab-4bc1-aa7b-954c36c610b3","aeeryin","BR","3","1330","","","","","","","3","3","3","3","false","false","","","","","","","","","","","","","","","","","","","","","","","",""
"03931c7e-4bde-4703-b97a-f65292796ccb","goiaba_podi","BR","3","1331","","","","","","","1","1","1","1","false","false","1","1","1","1","false","false","","","","","","","","","","","","","1","1","1","1","false","false"
"78ef712e-41ec-4aa6-afe3-1d653edd5fc9","BlackNox_","BR","3","1332","","","","","","","3","3","3","3","false","false","","","","","","","","","","","","","","","","","","","","","","","",""
"8e3a3d97-e1b0-459b-8e91-fabbd858703e","Wmamestre","BR","3","1333","1","1","1","1","false","false","2","2","1","2","false","false","","","","","","","","","","","","","","","","","","","","","","","",""
"38e43e65-260d-4dda-b9d3-58f6cdf9476a","ykkyuki","BR","3","1334","","","","","","","1","1","1","1","false","false","","","","","","","1","1","1","1","false","false","1","1","1","1","false","false","","","","","",""
"86e90913-8a8f-4bde-8c26-a647aeae5eb1","phmidiazz__","BR","3","1335","1","1","1","1","false","false","1","1","1","1","false","false","","","","","","","1","1","1","1","false","false","","","","","","","","","","","",""
"aaa96043-9603-4fef-829a-43d149d9e970","POARZ1N","BR","3","1336","","","","","","","","","","","","","","","","","","","","","","","","","2","2","2","2","false","false","1","1","1","1","false","false"
"2cb04ed0-17c8-4d67-8f15-4f4185d51295","AKA_KRYS123","BR","3","1337","","","","","","","","","","","","","1","1","1","1","false","false","2","2","2","2","false","false","","","","","","","","","","","",""
"830c5db8-2187-4377-a41c-c5abd446269d","DivisionBz","BR","3","1338","","","","","","","3","3","3","3","false","false","","","","","","","","","","","","","","","","","","","","","","","",""
"71dbcd27-e99c-4197-a3d6-81557de37f60","verdadeiro","BR","3","1339","","","","","","","3","3","2","3","false","false","","","","","","","","","","","","","","","","","","","","","","","",""
"3ace8bb5-d864-41cc-a0c4-2085c188ad64","ValthMVP","BR","3","1340","1","1","1","1","false","false","","","","","","","","","","","","","","","","","","","","","","","","","0","2","0","0","false","false"
"d98b667a-e677-4acc-8597-9de9fae12652","TargetTheAya","BR","3","1341","1","1","1","1","false","false","2","2","2","2","false","false","","","","","","","","","","","","","","","","","","","","","","","",""
"7cdb29b8-0374-460f-b1be-b5de469be28b","Amilleoj","BR","3","1342","","","","","","","","","","","","","","","","","","","","","","","","","3","3","3","3","false","false","","","","","",""
"ff8aac32-f5ec-4622-8581-deb112d11e02","Renata_9","BR","3","1343","2","2","2","2","false","false","1","1","1","1","false","false","","","","","","","","","","","","","","","","","","","","","","","",""
"d6e66ef8-cc2b-4a1d-a48a-7124d7ac3ad9","quust7","BR","3","1344","","","","","","","3","3","2","3","false","false","","","","","","","","","","","","","","","","","","","","","","","",""
"a886c394-5293-41dd-bd92-41f74db80e6b","imorst","BR","3","1345","","","","","","","3","3","3","3","false","false","","","","","","","","","","","","","","","","","","","","","","","",""
"51d3978d-9b60-4d18-8e04-09fe8451419a","Klauzsx","BR","3","1346","3","3","3","3","false","false","","","","","","","","","","","","","","","","","","","","","","","","","","","","","",""
"f966cf30-f5cf-4544-8699-0f224a05f92f","Calmwalksy","BR","3","1347","3","3","3","3","false","false","","","","","","","","","","","","","","","","","","","","","","","","","","","","","",""
"5181683f-83d1-4b4d-8981-b8db6269ad0a","dannnnnnnnnnn11","BR","3","1348","3","3","3","3","false","false","","","","","","","","","","","","","","","","","","","","","","","","","","","","","",""
"a1ef7a2f-14b7-43c4-984b-d510eb2baa01","yGutoGG_","BR","3","1349","","","","","","","","","","","","","","","","","","","3","3","3","3","false","false","","","","","","","","","","","",""
"ad9178bb-658a-49cc-8ba5-0af068bcfff4","Shaspiro","BR","3","1350","","","","","","","1","1","1","1","false","false","2","2","2","2","false","false","","","","","","","","","","","","","","","","","",""
"c562b401-d622-4df3-82fb-f33fa1e4f5a4","Polydoro_","BR","3","1351","","","","","","","","","","","","","","","","","","","3","3","3","3","false","false","","","","","","","","","","","",""
"d2ca6081-8841-40cb-8e5b-e357ed4c6617","morphdudee","BR","3","1352","","","","","","","3","3","3","3","false","false","","","","","","","","","","","","","","","","","","","","","","","",""
"e148b3ba-43a1-4408-a9bb-ec65e83ba193","C0nf3ssY0urF34r","BR","3","1353","3","3","3","3","false","false","","","","","","","","","","","","","","","","","","","","","","","","","","","","","",""
"342067a4-027c-4708-9eb6-9618ce5a5764","jaobr1","BR","3","1354","","","","","","","2","2","2","2","false","false","","","","","","","1","1","1","1","false","false","","","","","","","","","","","",""
"7adefde1-5d8f-4e8a-be0b-2e22b55f56e5","28937764","BR","3","1355","","","","","","","3","3","3","3","false","false","","","","","","","","","","","","","","","","","","","","","","","",""
"8f1a3ade-1a22-4af2-80c4-32c535113f0b","loveeeeeeeeeee","BR","3","1356","","","","","","","3","3","3","3","false","false","","","","","","","","","","","","","","","","","","","","","","","",""
"5c6741b6-5c54-44aa-bca7-811c867d975e","MiguelArenaBr01","BR","3","1357","3","3","3","3","false","false","","","","","","","","","","","","","","","","","","","","","","","","","","","","","",""
"3e504d5c-7e54-42a6-a910-63c41d368418","Azurit0Wpro","BR","3","1358","1","1","1","1","false","false","2","2","2","2","false","false","","","","","","","","","","","","","","","","","","","","","","","",""
"d8f771e2-2cef-4592-9894-114ff7f5161f","StormBreakero","BR","3","1359","1","1","1","1","false","false","","","","","","","1","1","1","1","false","false","","","","","","","1","1","1","1","false","false","","","","","",""
"40e16577-83b5-46e2-b54f-99894683e02a","SkibidiVini","BR","3","1360","","","","","","","3","3","3","3","false","false","","","","","","","","","","","","","","","","","","","","","","","",""
"30999861-a82b-421d-851c-5a59932e1836","Mig_6745","BR","3","1361","","","","","","","1","1","1","1","false","false","","","","","","","2","2","2","2","false","false","","","","","","","","","","","",""
"e92f9453-be91-48df-b266-8ca72961a94f","duduabmo","BR","3","1362","","","","","","","1","1","1","1","false","false","","","","","","","2","2","2","2","false","false","","","","","","","","","","","",""
"b31576eb-809f-4715-a1b0-d22c810189b1","elluchi2011","AR","3","1363","","","","","","","3","3","3","3","false","false","","","","","","","","","","","","","","","","","","","","","","","",""
"c223ddae-b9f4-4495-a67e-3522b51da64b","ItsNotClyxi","BR","3","1364","1","1","1","1","false","false","1","1","1","1","false","false","","","","","","","1","1","1","1","false","false","","","","","","","","","","","",""
"c08d9755-6f81-478a-a514-193539da8b49","Melequinhazz","BR","3","1365","","","","","","","2","2","2","2","false","false","","","","","","","","","","","","","","","","","","","1","1","1","1","false","false"
"86259cdd-c862-4e53-8c27-ff17dccac8d9","uPeppo","BR","3","1366","","","","","","","1","1","1","1","false","false","","","","","","","","","","","","","","","","","","","2","2","2","2","false","false"
"e55af995-5c19-4b45-b6a2-b5a57da39b56","McDonaldzX","BR","3","1367","","","","","","","2","2","2","2","false","false","","","","","","","","","","","","","","","","","","","1","1","1","1","false","false"
"843b33c2-e81f-4976-83f8-37a92031fa4f","BrauZx","BR","3","1368","","","","","","","2","2","2","2","false","false","","","","","","","","","","","","","","","","","","","1","1","1","1","false","false"
"187732bc-8215-4189-bfbf-5a4d01342ad7","PintoMC","BR","3","1369","1","1","1","1","false","false","2","2","2","2","false","false","","","","","","","","","","","","","","","","","","","","","","","",""
"dda607b9-c58e-4366-a8b2-a0324be636c3","MilkyWayBR","BR","3","1370","","","","","","","1","1","1","1","false","false","1","1","1","1","false","false","1","1","1","1","false","false","","","","","","","","","","","",""
"897efba6-0504-4290-8c39-1b80038a92ab","Endroth","BR","3","1371","","","","","","","1","1","1","1","false","false","2","2","2","2","false","false","","","","","","","","","","","","","","","","","",""
"3e0ff45d-2125-4468-aea2-ac0cb28b0154","Ze_pequen0","BR","3","1372","3","3","3","3","false","false","","","","","","","","","","","","","","","","","","","","","","","","","","","","","",""
"f26394cd-e9b5-48a6-a158-1ca82d18e8c7","oSweeTo","BR","3","1373","","","","","","","","","","","","","1","1","1","1","false","false","2","2","2","2","false","false","","","","","","","","","","","",""
"740a9b2d-8f3c-4bf1-b038-74515335d36b","yTexxxzin","BR","3","1374","","","","","","","","","","","","","3","3","3","3","false","false","","","","","","","","","","","","","","","","","",""
"ccacf5b7-21b6-4866-9818-3d2d419b3f4d","mYSTICKGXZ","BR","3","1375","","","","","","","2","2","2","2","false","false","","","","","","","1","1","1","1","false","false","","","","","","","","","","","",""
"d87ee07e-b310-4cc8-a54f-4c8d6301e1f7","lnveja","BR","3","1376","3","3","3","3","false","false","","","","","","","","","","","","","","","","","","","","","","","","","","","","","",""
"6c5b22d6-e37d-4818-b75a-b2f11702a3a4","vaperkkj","BR","3","1377","","","","","","","","","","","","","","","","","","","3","3","3","3","false","false","","","","","","","","","","","",""
"5e2bc7ed-4d88-46d6-b3c3-dbfbfb28c643","arthurzika352","BR","3","1378","","","","","","","1","1","1","1","false","false","","","","","","","2","2","2","2","false","false","","","","","","","","","","","",""
"473f760d-e62c-4e76-9d57-d01b37e37bd9","Fehxyz_","BR","3","1379","2","2","2","2","false","false","1","1","1","1","false","false","","","","","","","","","","","","","","","","","","","","","","","",""
"2253fb2d-5c64-41a9-b99a-a976ad7f2e32","mtzssouzx","BR","3","1380","","","","","","","1","1","1","1","false","false","1","1","1","1","false","false","","","","","","","1","1","1","1","false","false","","","","","",""
"d1ae06b6-9506-471b-9c91-e2e3d6a68623","TheLesbianPickle","BR","3","1381","","","","","","","3","3","3","3","false","false","","","","","","","","","","","","","","","","","","","","","","","",""
"fc626133-458b-42cd-bcd7-e46885b45f2d","196m","BR","3","1382","3","3","3","3","false","false","","","","","","","","","","","","","","","","","","","","","","","","","","","","","",""
"0005ea30-325b-40ff-bd65-d5069fd9fb60","portuga2040","BR","3","1383","","","","","","","1","1","1","1","false","false","","","","","","","2","2","2","2","false","false","","","","","","","","","","","",""
"8a68d1c2-53f5-4daa-944e-f6fc9901b832","BigSleezyy","BR","3","1384","","","","","","","","","","","","","","","","","","","3","3","3","3","false","false","","","","","","","","","","","",""
"60882682-37c5-4aac-9627-5d490dac2e3d","H1T1L1","BR","3","1385","3","3","3","3","false","false","","","","","","","","","","","","","","","","","","","","","","","","","","","","","",""
"5ad95c03-01e4-4fa9-bcf6-4e0eb75945cb","LyzFolley","BR","3","1386","3","3","3","3","false","false","","","","","","","","","","","","","","","","","","","","","","","","","","","","","",""
"a72e48f5-356e-4c7a-a9af-12eaa99244f9","9qw_","BR","3","1387","","","","","","","3","3","3","3","false","false","","","","","","","","","","","","","","","","","","","","","","","",""
"abed2b25-c3c7-4b3c-8a2c-302737df90bb","jpotato22","BR","3","1388","3","3","3","3","false","false","","","","","","","","","","","","","","","","","","","","","","","","","","","","","",""
"965be3e4-27df-4085-9353-a33248b2d32a","romeroFOFIS","BR","3","1389","","","","","","","3","3","3","3","false","false","","","","","","","","","","","","","","","","","","","","","","","",""
"782bf598-0889-453b-b322-a4da348b9627","DzIsBack","BR","3","1390","","","","","","","3","3","3","3","false","false","","","","","","","","","","","","","","","","","","","","","","","",""
"27352256-ff7d-4515-946c-effa1f538750","Dat_Predator_Guy","BR","3","1391","","","","","","","2","2","2","2","false","false","","","","","","","","","","","","","1","1","1","1","false","false","","","","","",""
"98d4fafb-e393-4fbb-bf19-e2760e3ba206","Tulucca1210","BR","3","1392","1","1","1","1","false","false","1","1","1","1","false","false","","","","","","","1","1","1","1","false","false","","","","","","","","","","","",""
"b85bc288-f4eb-4566-88a9-510fd00a6c8e","Fush1guro_","BR","3","1393","","","","","","","2","2","2","2","false","false","1","1","1","1","false","false","","","","","","","","","","","","","","","","","",""
"e6027e4f-0320-4e0a-9380-24e7e66bf8d4","PibbleGanster","BR","3","1394","","","","","","","","","","","","","","","","","","","3","3","3","3","false","false","","","","","","","","","","","",""
"859b04d8-3124-41e2-b803-796f68e8d620","1Lirililarila_","AR","3","1395","3","3","3","3","false","false","","","","","","","","","","","","","","","","","","","","","","","","","","","","","",""
"75226cdb-57dd-482e-a74d-97e1bdf24033","hattzxz","BR","3","1396","","","","","","","3","3","3","3","false","false","","","","","","","","","","","","","","","","","","","","","","","",""
"8032e438-fe28-497b-9e93-ac26695ebe13","Yugokz","BR","2","1397","2","2","2","2","false","false","","","","","","","","","","","","","","","","","","","","","","","","","","","","","",""
"c04aaa61-ded8-4467-906e-d527aa85a758","Yalzx","BR","2","1398","2","2","2","2","false","false","","","","","","","","","","","","","","","","","","","","","","","","","","","","","",""
"ac33976d-ed2e-4fda-9e33-617c08c6b675","Loopwizard","BR","2","1399","","","","","","","2","2","2","2","false","false","","","","","","","","","","","","","","","","","","","","","","","",""
"f9b24733-e291-4ad4-8b1b-2150ab0c835b","Dorcael","BR","2","1400","","","","","","","2","2","2","2","false","false","","","","","","","","","","","","","","","","","","","","","","","",""
"cc4da6fc-2650-4842-a618-1d08c965efea","sxzwyyy","BR","2","1401","","","","","","","2","2","2","2","false","false","","","","","","","","","","","","","","","","","","","","","","","",""
"caecbff6-82aa-455e-87e6-20e9385b93fb","RICARDAO2008","BR","2","1402","","","","","","","2","2","2","2","false","false","","","","","","","","","","","","","","","","","","","","","","","",""
"448d0394-0fe3-481b-9bee-37abd8e0cd73","cem1337_metSmU8K","BR","2","1403","","","","","","","2","2","2","2","false","false","","","","","","","","","","","","","","","","","","","","","","","",""
"a9a0da80-e076-4a0d-b2ba-51e45989302c","Grox_Reverso","BR","2","1404","","","","","","","2","2","2","2","false","false","","","","","","","","","","","","","","","","","","","","","","","",""
"92dfe0af-e5b7-404f-8585-aeb8ebd1b7f3","Fjw7","BR","2","1405","2","2","2","2","false","false","","","","","","","","","","","","","","","","","","","","","","","","","","","","","",""
"a0c8f2a9-e072-46c7-a3f7-830975474aa5","volcqnn","AR","2","1406","","","","","","","2","2","2","2","false","false","","","","","","","","","","","","","","","","","","","","","","","",""
"4ee09f5b-468e-48fd-b7bb-2c8b7b420c60","ItsStringAv","AR","2","1407","","","","","","","2","2","2","2","false","false","","","","","","","","","","","","","","","","","","","","","","","",""
"e75a375a-5bf9-4613-8162-2dad88f83eb2","yatagarasuqqq","BR","2","1408","","","","","","","1","2","1","1","false","false","","","","","","","","","","","","","","","","","","","","","","","",""
"81ab42df-3428-4add-9d90-213e3087e71e","SOMBRIO1","BR","2","1409","1","1","1","1","false","false","","","","","","","1","1","1","1","false","false","","","","","","","","","","","","","","","","","",""
"285f8d30-40b7-4ed0-83cc-eaea796ad5f4","Krawhet","BR","2","1410","2","2","2","2","false","false","","","","","","","","","","","","","","","","","","","","","","","","","","","","","",""
"0594574b-1ef7-44c2-ba05-37a969c1a62d","Joaozix22","BR","2","1411","2","2","2","2","false","false","","","","","","","","","","","","","","","","","","","","","","","","","","","","","",""
"8c9528a3-91e8-448c-8ef0-f198af91488d","WholsMe_","CL","2","1412","","","","","","","2","2","2","2","false","false","","","","","","","","","","","","","","","","","","","","","","","",""
"fb95a2b7-0d0f-4cfb-87d6-568ca101808e","wolf_gab","BR","2","1413","2","2","2","2","false","false","","","","","","","","","","","","","","","","","","","","","","","","","","","","","",""
"2184d618-d1e8-457b-b088-803f0975b545","GuaxFurry","BR","2","1414","2","2","2","2","false","false","","","","","","","","","","","","","","","","","","","","","","","","","","","","","",""
"6fb7a431-4d1d-4e79-8ba1-03feaec9b158","ThiaguinSocaFofo","BR","2","1415","2","2","2","2","false","false","","","","","","","","","","","","","","","","","","","","","","","","","","","","","",""
"2cff8e89-075e-49ac-9bce-a3b6c05eab1c","JinxTheQueenK","BR","2","1416","","","","","","","2","2","2","2","false","false","","","","","","","","","","","","","","","","","","","","","","","",""
"8111352a-8541-4b20-bf5b-a84b95daaf52","AxolotlSola","BR","2","1417","","","","","","","2","2","2","2","false","false","","","","","","","","","","","","","","","","","","","","","","","",""
"10aa8586-d351-4f38-87de-abde7f58821a","rwwz_","BR","2","1418","2","2","1","2","false","false","","","","","","","","","","","","","","","","","","","","","","","","","","","","","",""
"1fdf6e4d-b077-400f-8c45-3a44d31761d2","D0mi4you","BR","2","1419","","","","","","","2","2","2","2","false","false","","","","","","","","","","","","","","","","","","","","","","","",""
"9751df11-4255-4b14-95f4-9b770cdee68f","_Imperador_","BR","2","1420","","","","","","","2","2","2","2","false","false","","","","","","","","","","","","","","","","","","","","","","","",""
"7e96c071-e729-476f-8b1a-1279a126caaf","malandroquerouba","BR","2","1421","2","2","1","2","false","false","","","","","","","","","","","","","","","","","","","","","","","","","","","","","",""
"f11cc03e-596a-491b-bfe9-d435005ebe91","The_die","BR","2","1422","2","2","1","2","false","false","","","","","","","","","","","","","","","","","","","","","","","","","","","","","",""
"e938041c-428c-4d42-bd96-81947cb8e187","pauloxd01","BR","2","1423","2","2","2","2","false","false","","","","","","","","","","","","","","","","","","","","","","","","","","","","","",""
"d927b175-fe75-45f5-bd9f-f9d2dd918e2e","tcgl","BR","2","1424","2","2","1","2","false","false","","","","","","","","","","","","","","","","","","","","","","","","","","","","","",""
"14229eba-1c22-404b-b390-ef980f0d332f","Sk__y","BR","2","1425","2","2","1","2","false","false","","","","","","","","","","","","","","","","","","","","","","","","","","","","","",""
"6ad9e762-b9e6-4156-b982-6c73a3d8b951","larinha_cpvp","BR","2","1426","2","2","2","2","false","false","","","","","","","","","","","","","","","","","","","","","","","","","","","","","",""
"1a774ad8-1c52-437f-9774-b6f104dbe2c1","Gattuso_","BR","2","1427","","","","","","","1","2","1","1","false","false","","","","","","","","","","","","","","","","","","","","","","","",""
"34c4cfca-403e-46a0-8e7a-423a3f8f05a4","redesignpedro","BR","2","1428","2","2","2","2","false","false","","","","","","","","","","","","","","","","","","","","","","","","","","","","","",""
"0dad82e9-3acb-4744-862e-ab48ed14ad53","The__Grink","BR","2","1429","1","1","1","1","false","false","","","","","","","1","1","1","1","false","false","","","","","","","","","","","","","","","","","",""
"d869de2e-4c68-467b-a617-b960da2b0f75","Random_bad","BR","2","1430","1","2","1","1","false","false","","","","","","","","","","","","","","","","","","","","","","","","","","","","","",""
"3454558c-30a8-43c7-88b9-6de82b5e53be","Eojv_","BR","2","1431","","","","","","","1","2","1","1","false","false","","","","","","","","","","","","","","","","","","","","","","","",""
"22161c99-d31c-4e69-a5fa-67c45de46699","1ss9bb","BR","2","1432","2","2","2","2","false","false","","","","","","","","","","","","","","","","","","","","","","","","","","","","","",""
"ab939076-4877-4776-a9c9-0132833f832d","Berreel","BR","2","1433","2","2","2","2","false","false","","","","","","","","","","","","","","","","","","","","","","","","","","","","","",""
"91b212b9-12be-4d29-a1ba-e4c83e698b1c","zPholl","BR","2","1434","1","1","1","1","false","false","1","1","1","1","false","false","","","","","","","","","","","","","","","","","","","","","","","",""
"f4af46c0-4dba-48e2-bf4c-e324cc39d3ec","FrostCPVP","BR","2","1435","2","2","2","2","false","false","","","","","","","","","","","","","","","","","","","","","","","","","","","","","",""
"7c693492-2e83-4889-9dc9-e07dba177c3f","Spectrakan","BR","2","1436","","","","","","","2","2","2","2","false","false","","","","","","","","","","","","","","","","","","","","","","","",""
"2c674b4c-5c9d-4530-bdac-9d32aa9e24f5","Xdeathshard","BR","2","1437","","","","","","","2","2","1","2","false","false","","","","","","","","","","","","","","","","","","","","","","","",""
"b49e83e8-7752-4fdc-8479-60040a9db48e","Bradorck5200","BR","2","1438","2","2","1","2","false","false","","","","","","","","","","","","","","","","","","","","","","","","","","","","","",""
"0c75428d-71e8-4056-a188-cea916e07286","Laringono","BR","2","1439","2","2","2","2","false","false","","","","","","","","","","","","","","","","","","","","","","","","","","","","","",""
"2477c7fc-ee77-4412-8e5a-770471859839","Joao1238257","BR","2","1440","2","2","1","2","false","false","","","","","","","","","","","","","","","","","","","","","","","","","","","","","",""
"b1014487-58ef-4784-9e21-4e3ebfdf10af","Bajraktarevic","BR","2","1441","2","2","1","2","false","false","","","","","","","","","","","","","","","","","","","","","","","","","","","","","",""
"7223704e-c1f2-4dda-b65f-db80a91ed238","IM_noob07","BR","2","1442","2","2","2","2","false","false","","","","","","","","","","","","","","","","","","","","","","","","","","","","","",""
"3831cf26-bdc0-45ad-b18a-c1304db88e76","Drdiddynut67","BR","2","1443","2","2","2","2","false","false","","","","","","","","","","","","","","","","","","","","","","","","","","","","","",""
"ac57e80a-3b71-4c9a-8e6e-b0eb7116eea2","kuzawaz","BR","2","1444","","","","","","","2","2","2","2","false","false","","","","","","","","","","","","","","","","","","","","","","","",""
"f784af79-4e34-45f6-9590-05f0b684c5e5","kksut","BR","2","1445","","","","","","","2","2","2","2","false","false","","","","","","","","","","","","","","","","","","","","","","","",""
"32aa7a61-985a-4f82-b673-2d5112b289a5","prime_mat","BR","2","1446","2","2","2","2","false","false","","","","","","","","","","","","","","","","","","","","","","","","","","","","","",""
"684ec290-e6ce-43e2-ada3-daf5399cccde","WeirdAndCoolName","BR","2","1447","1","2","1","1","false","false","","","","","","","","","","","","","","","","","","","","","","","","","","","","","",""
"278a634b-3831-41e7-9bbd-9ec6439dad7f","thiagaomobreki","BR","2","1448","2","2","2","2","false","false","","","","","","","","","","","","","","","","","","","","","","","","","","","","","",""
"538b65fb-e519-49b6-884d-88e0f3d3a339","V1cR","BR","2","1449","2","2","1","2","false","false","","","","","","","","","","","","","","","","","","","","","","","","","","","","","",""
"21accffb-92f5-451f-83f3-81f1579937eb","foquinhor","BR","2","1450","2","2","2","2","false","false","","","","","","","","","","","","","","","","","","","","","","","","","","","","","",""
"776dce2e-ad06-4f94-bb0e-b6b81a30c012","TheBoy2Kz","BR","2","1451","2","2","2","2","false","false","","","","","","","","","","","","","","","","","","","","","","","","","","","","","",""
"4ddd2bff-d267-4d0a-b886-14ed077e8f6e","witchtburn","BR","2","1452","2","2","2","2","false","false","","","","","","","","","","","","","","","","","","","","","","","","","","","","","",""
"d676f1bc-9668-49f3-af30-74761ffdcdb1","poisoneye_wow","BR","2","1453","","","","","","","2","2","1","2","false","false","","","","","","","","","","","","","","","","","","","","","","","",""
"1865773f-b98b-47ac-8f72-aec1882d8a08","RobsonDaSilvaSan","BR","2","1454","","","","","","","2","2","2","2","false","false","","","","","","","","","","","","","","","","","","","","","","","",""
"8ccc07b4-f91f-4bd4-8be4-bc05956599d6","EquipeCaos_","BR","2","1455","1","1","1","1","false","false","1","1","1","1","false","false","","","","","","","","","","","","","","","","","","","","","","","",""
"5074468c-a12f-4714-8de4-e7104f798b73","Maryoyo1588","BR","2","1456","2","2","2","2","false","false","","","","","","","","","","","","","","","","","","","","","","","","","","","","","",""
"f9892c4e-b8b2-4415-abcb-e6377c74c4cb","Iamlipe01","BR","2","1457","2","2","1","2","false","false","","","","","","","","","","","","","","","","","","","","","","","","","","","","","",""
"76927bd8-6328-45de-a5b9-65f6a22c9836","Searchq","BR","2","1458","2","2","2","2","false","false","","","","","","","","","","","","","","","","","","","","","","","","","","","","","",""
"699b5dee-5162-425f-aa45-720b246a743e","ygtyvvty","BR","2","1459","1","1","1","1","false","false","","","","","","","1","1","1","1","false","false","","","","","","","","","","","","","","","","","",""
"02b1677c-42a1-4a63-b1fb-f57ada672b56","blackx64","BR","2","1460","2","2","2","2","false","false","","","","","","","","","","","","","","","","","","","","","","","","","","","","","",""
"7a4aad4e-5417-4ac9-9e4f-4d84c49a3876","juninhopeladinho","BR","2","1461","","","","","","","2","2","2","2","false","false","","","","","","","","","","","","","","","","","","","","","","","",""
"4b380d58-767c-4478-8899-463b096d5275","mokotohaze1","BR","2","1462","","","","","","","2","2","2","2","false","false","","","","","","","","","","","","","","","","","","","","","","","",""
"d82848ee-0e7c-4f4c-833b-8802523a43b0","lcxyt","BR","2","1463","2","2","2","2","false","false","","","","","","","","","","","","","","","","","","","","","","","","","","","","","",""
"669848ca-9ca5-4fa2-8c35-846bfcf7a292","Endy_Morgan","BR","2","1464","","","","","","","2","2","2","2","false","false","","","","","","","","","","","","","","","","","","","","","","","",""
"a5cc8baa-8ac7-4393-9c6b-838dbe296a09","tbronx","BR","2","1465","1","1","1","1","false","false","1","1","1","1","false","false","","","","","","","","","","","","","","","","","","","","","","","",""
"1a231bdc-1836-4adb-8c97-4e9cde433206","lefils2","BR","2","1466","2","2","1","2","false","false","","","","","","","","","","","","","","","","","","","","","","","","","","","","","",""
"a963c2b9-fe91-4995-90df-76dae7960682","IamRamdom","BR","2","1467","","","","","","","2","2","2","2","false","false","","","","","","","","","","","","","","","","","","","","","","","",""
"9039fd22-7182-4a21-a407-10a8b5a6a301","batatadomaine","BR","2","1468","2","2","2","2","false","false","","","","","","","","","","","","","","","","","","","","","","","","","","","","","",""
"048b3f89-be33-4898-8cd6-f26370dde07a","Bigodelas","BR","2","1469","","","","","","","2","2","2","2","false","false","","","","","","","","","","","","","","","","","","","","","","","",""
"0734a368-aec5-4916-89a5-6c5a7d49bea0","lwss1","BR","2","1470","2","2","2","2","false","false","","","","","","","","","","","","","","","","","","","","","","","","","","","","","",""
"27637898-19c0-4fae-bc62-0878244e25ad","CrimxVN","BR","2","1471","2","2","1","2","false","false","","","","","","","","","","","","","","","","","","","","","","","","","","","","","",""
"05f8aa50-0ff7-4b0a-a874-99af4613761c","lazanha22","BR","2","1472","2","2","2","2","false","false","","","","","","","","","","","","","","","","","","","","","","","","","","","","","",""
"eeab54db-2c09-4c95-a232-756dd04ff7f7","wdkkj99","BR","2","1473","2","2","2","2","false","false","","","","","","","","","","","","","","","","","","","","","","","","","","","","","",""
"1bb86923-b52e-4bb4-a2c7-8dfaa331a39d","fxstw","BR","2","1474","","","","","","","2","2","2","2","false","false","","","","","","","","","","","","","","","","","","","","","","","",""
"4bbc6bca-9a2e-431f-97f2-224e537f5cae","LowTier4_","BR","2","1475","2","2","2","2","false","false","","","","","","","","","","","","","","","","","","","","","","","","","","","","","",""
"77d4b2cf-f607-4de4-a985-cfa6dd66eab5","TonDz7","BR","2","1476","2","2","2","2","false","false","","","","","","","","","","","","","","","","","","","","","","","","","","","","","",""
"112c934b-ca55-404e-9796-cdca3e677ede","Joca7252","BR","2","1477","2","2","2","2","false","false","","","","","","","","","","","","","","","","","","","","","","","","","","","","","",""
"d8a215cd-bb30-45ad-b5a6-8606907fa80c","FELIQUITO","BR","2","1478","","","","","","","","","","","","","2","2","2","2","false","false","","","","","","","","","","","","","","","","","",""
"c727a90a-266c-4ff1-a85d-159126fa55cd","virthuosa","BR","2","1479","1","1","1","1","false","false","1","1","1","1","false","false","","","","","","","","","","","","","","","","","","","","","","","",""
"0da804d8-e70b-4808-a12e-4d5706aa5671","Mafioso4i20","BR","2","1480","1","1","1","1","false","false","1","1","1","1","false","false","","","","","","","","","","","","","","","","","","","","","","","",""
"3562c24e-25d1-4cb8-9bce-e659ea4b0530","ElAngulin","PY","2","1481","","","","","","","2","2","2","2","false","false","","","","","","","","","","","","","","","","","","","","","","","",""
"24e04191-32f5-4c4c-8b6b-43e1712e2a82","Lxzxz","BR","2","1482","1","2","1","1","false","false","","","","","","","","","","","","","","","","","","","","","","","","","","","","","",""
"f21983de-f09b-4120-ad5e-ff29594218b7","DrNigth","BR","2","1483","2","2","2","2","false","false","","","","","","","","","","","","","","","","","","","","","","","","","","","","","",""
"e637b760-c31b-48a8-b3b6-279e7974184b","guelzixTV","BR","2","1484","2","2","2","2","false","false","","","","","","","","","","","","","","","","","","","","","","","","","","","","","",""
"d7a01345-4b5e-4f2f-b566-967038e2df78","IzumiRJ","BR","2","1485","","","","","","","2","2","2","2","false","false","","","","","","","","","","","","","","","","","","","","","","","",""
"4e9f8c2c-8392-4620-bd47-d52b0850cf66","noestemporada","BR","2","1486","1","1","1","1","false","false","","","","","","","1","1","1","1","false","false","","","","","","","","","","","","","","","","","",""
"31dc4d20-cb95-4563-8483-3a199a3ec880","_b4ng","BR","2","1487","2","2","2","2","false","false","","","","","","","","","","","","","","","","","","","","","","","","","","","","","",""
"96ae8217-46e7-4e19-9d0b-e9b0c101c4ef","FinxGoldenBoy","BR","2","1488","2","2","2","2","false","false","","","","","","","","","","","","","","","","","","","","","","","","","","","","","",""
"8b11f707-9fcd-4e51-9a5e-87498036f45d","Luigi_kz11","BR","2","1489","2","2","2","2","false","false","","","","","","","","","","","","","","","","","","","","","","","","","","","","","",""
"01b5f2d8-fcb0-4991-bf12-39ea091a3dcb","BWwill","BR","2","1490","2","2","2","2","false","false","","","","","","","","","","","","","","","","","","","","","","","","","","","","","",""
"90ade024-3894-4705-a775-726e15fbcbe1","bataman098","BR","2","1491","1","2","1","1","false","false","","","","","","","","","","","","","","","","","","","","","","","","","","","","","",""
"9e7c9b8c-1939-455e-8909-6490f3f5878d","CrystalArmor","BR","2","1492","","","","","","","2","2","2","2","false","false","","","","","","","","","","","","","","","","","","","","","","","",""
"387d68f7-a518-4b78-ab5c-3dccbea47421","tulipaxyz","BR","2","1493","2","2","2","2","false","false","","","","","","","","","","","","","","","","","","","","","","","","","","","","","",""
"113e1b35-8b6c-4794-9ef1-a74553aa8dc0","JosErDT","BR","2","1494","2","2","2","2","false","false","","","","","","","","","","","","","","","","","","","","","","","","","","","","","",""
"85363543-ac6d-4a3a-8cdf-47d5806e4303","Talvez_legit","BR","2","1495","2","2","2","2","false","false","","","","","","","","","","","","","","","","","","","","","","","","","","","","","",""
"d13ebe49-f89a-4419-9e33-b6cb90aad9d5","Dysury","BR","2","1496","2","2","2","2","false","false","","","","","","","","","","","","","","","","","","","","","","","","","","","","","",""
"4712781c-1ebb-48e5-bc92-aec339e9d08b","adsatwjkkn","BR","2","1497","2","2","1","2","false","false","","","","","","","","","","","","","","","","","","","","","","","","","","","","","",""
"5ef75751-91a7-459a-a164-e630a9957fe6","superfot","BR","2","1498","","","","","","","2","2","1","2","false","false","","","","","","","","","","","","","","","","","","","","","","","",""
"ce097e36-7c62-413d-bb29-65c60c4018c4","AwaIyl","BR","2","1499","2","2","2","2","false","false","","","","","","","","","","","","","","","","","","","","","","","","","","","","","",""
"d0a00ae0-d646-402a-9ea4-ecf76bedd6f3","joaoxz0509","BR","2","1500","","","","","","","2","2","2","2","false","false","","","","","","","","","","","","","","","","","","","","","","","",""
"33151eb8-44d1-45b4-8b1c-fbd3d5bef387","67_l","AR","2","1501","","","","","","","","","","","","","","","","","","","2","2","2","2","false","false","","","","","","","","","","","",""
"c756ba0f-05bc-41df-b591-d64b0a639fa7","ScarletPVP","BR","2","1502","","","","","","","","","","","","","","","","","","","2","2","2","2","false","false","","","","","","","","","","","",""
"ca369eba-8ae5-4759-b2fc-143e7260de88","LucAsSwt","BR","2","1503","","","","","","","","","","","","","","","","","","","2","2","2","2","false","false","","","","","","","","","","","",""
"c0f4ce7e-a011-4496-b1e4-5498d2222324","luck1533","BR","2","1504","2","2","2","2","false","false","","","","","","","","","","","","","","","","","","","","","","","","","","","","","",""
"80d27614-cf8a-4463-b673-bbca472e9dbc","Prozin_Lz01","BR","2","1505","1","1","1","1","false","false","1","1","1","1","false","false","","","","","","","","","","","","","","","","","","","","","","","",""
"27f26df9-1a07-4de3-8bbf-3e695bbee330","chip_zada","BR","2","1506","2","2","2","2","false","false","","","","","","","","","","","","","","","","","","","","","","","","","","","","","",""
"ae07dbb4-7096-4fb3-a393-0509dcd76ccc","Ren123_","BR","2","1507","2","2","2","2","false","false","","","","","","","","","","","","","","","","","","","","","","","","","","","","","",""
"3650a408-4a3d-4800-ae28-b270b3a4d6f2","AVANCANDO","BR","2","1508","2","2","2","2","false","false","","","","","","","","","","","","","","","","","","","","","","","","","","","","","",""
"824f4097-a46a-44f0-b5d4-62bf091809a4","ls_draken","BR","2","1509","1","2","1","1","false","false","","","","","","","","","","","","","","","","","","","","","","","","","","","","","",""
"dfb6bfe8-c0ee-4255-ac5a-db883aa1fccc","BrattyFemboy","BR","2","1510","","","","","","","","","","","","","","","","","","","","","","","","","","","","","","","2","2","2","2","false","false"
"26893f73-240e-4a66-99dd-9b7d7305c939","TungTungisGoat","BR","2","1511","","","","","","","","","","","","","","","","","","","","","","","","","","","","","","","2","2","2","2","false","false"
"465284a4-704f-4ab6-a5d7-ff4c4bdf135a","mzhightier","BR","2","1512","2","2","2","2","false","false","","","","","","","","","","","","","","","","","","","","","","","","","","","","","",""
"89df3b5c-c720-48ce-a6c2-9cc42c13833c","Juandatara89","BR","2","1513","","","","","","","2","2","2","2","false","false","","","","","","","","","","","","","","","","","","","","","","","",""
"40d7c83e-052f-43ff-966e-ca0fd296eeac","NoMistakesx","BR","2","1514","2","2","2","2","false","false","","","","","","","","","","","","","","","","","","","","","","","","","","","","","",""
"328adf27-7627-4fc1-9505-5bda81fde721","mth171","BR","2","1515","2","2","2","2","false","false","","","","","","","","","","","","","","","","","","","","","","","","","","","","","",""
"5f6a9673-b4a1-4279-af24-684bce43da2e","Prwzin","BR","2","1516","1","1","1","1","false","false","","","","","","","","","","","","","1","1","1","1","false","false","","","","","","","","","","","",""
"db58a1b3-52f4-4b8e-84b3-8110c02a3e77","_santosz027","BR","2","1517","2","2","2","2","false","false","","","","","","","","","","","","","","","","","","","","","","","","","","","","","",""
"165ce14a-3c0b-4124-9bb0-e1f085b2b628","Nyan_hero","BR","2","1518","1","1","1","1","false","false","","","","","","","","","","","","","","","","","","","","","","","","","1","1","1","1","false","false"
"e53aee29-fec2-4bda-ae7d-084c967dfd55","nicxz_","BR","2","1519","2","2","2","2","false","false","","","","","","","","","","","","","","","","","","","","","","","","","","","","","",""
"2fe97918-1a1c-4a7c-b9bd-ace4dbfe146a","kpkq","BR","2","1520","2","2","2","2","false","false","","","","","","","","","","","","","","","","","","","","","","","","","","","","","",""
"4145f419-9537-45f7-90d1-50109995c563","MegaHzOFC","BR","2","1521","","","","","","","2","2","2","2","false","false","","","","","","","","","","","","","","","","","","","","","","","",""
"922faaa8-f37b-41c3-835f-06301b930d62","IXarcaneXI","BR","2","1522","","","","","","","2","2","2","2","false","false","","","","","","","","","","","","","","","","","","","","","","","",""
"f909f0c0-9088-4c4b-a6ef-2420b42e87bd","Allanzokapika","BR","2","1523","","","","","","","2","2","2","2","false","false","","","","","","","","","","","","","","","","","","","","","","","",""
"e15c839f-9afd-49a3-ba82-3b184dd11b27","INNSTAVEL","BR","2","1524","","","","","","","","","","","","","2","2","2","2","false","false","","","","","","","","","","","","","","","","","",""
"62172fe9-c706-469b-a74f-41ba061c5199","MiggYzyxpx","BR","2","1525","2","2","2","2","false","false","","","","","","","","","","","","","","","","","","","","","","","","","","","","","",""
"736adc70-93ac-46c1-a4fd-09761e9bbb20","NinjaBooxeador","BR","2","1526","","","","","","","","","","","","","","","","","","","2","2","2","2","false","false","","","","","","","","","","","",""
"a16d3d7a-aa42-4f5c-a883-277570ba36bb","___Andr3___","BR","2","1527","","","","","","","2","2","2","2","false","false","","","","","","","","","","","","","","","","","","","","","","","",""
"a341c587-ffed-4f9a-a7de-dbfa7bb45955","ErikaLaneKirk","BR","2","1528","2","2","1","2","false","false","","","","","","","","","","","","","","","","","","","","","","","","","","","","","",""
"66ba32b7-0237-45f4-a8e9-8ce270378ae4","de_doom","BR","2","1529","2","2","2","2","false","false","","","","","","","","","","","","","","","","","","","","","","","","","","","","","",""
"170aeeb8-faef-4511-a13a-1935dd972a88","kkmatch","BR","2","1530","","","","","","","2","2","1","2","false","false","","","","","","","","","","","","","","","","","","","","","","","",""
"fdd28ca0-bfcf-4c4c-8f0e-8bbbc3b2fabe","zebud","BR","2","1531","2","2","2","2","false","false","","","","","","","","","","","","","","","","","","","","","","","","","","","","","",""
"b7f5cf48-f1ac-4bad-8167-bbb7abbfd34c","lubiel","BR","2","1532","","","","","","","2","2","2","2","false","false","","","","","","","","","","","","","","","","","","","","","","","",""
"00155e01-ea02-45c3-84c0-d4e6620c032d","iGuxta","BR","2","1533","1","1","1","1","false","false","1","1","1","1","false","false","","","","","","","","","","","","","","","","","","","","","","","",""
"08f7bc6a-a020-46ae-bd02-d894023a9c53","urxv","BR","2","1534","1","1","1","1","false","false","1","1","1","1","false","false","","","","","","","","","","","","","","","","","","","","","","","",""
"c30a3cf3-57bb-49b5-94cf-189cd19106f3","krysxz","BR","2","1535","2","2","2","2","false","false","","","","","","","","","","","","","","","","","","","","","","","","","","","","","",""
"ade03eda-79c6-4984-8303-876469ffa9c8","gojo_tchola","BR","2","1536","","","","","","","","","","","","","","","","","","","2","2","2","2","false","false","","","","","","","","","","","",""
"cfcb1682-b4d5-4013-bd87-8798148c04dc","Pinguim1","BR","2","1537","","","","","","","","","","","","","","","","","","","2","2","2","2","false","false","","","","","","","","","","","",""
"4df07fbe-42c1-4821-af52-9db94e37d4c7","Bundown","BR","2","1538","","","","","","","","","","","","","","","","","","","2","2","2","2","false","false","","","","","","","","","","","",""
"23c6c464-7629-45ae-a9ad-f96f1b2d342a","Mextro_","BR","2","1539","","","","","","","2","2","2","2","false","false","","","","","","","","","","","","","","","","","","","","","","","",""
"911195e5-6971-40eb-86ea-517deb41ef24","gutsukii","BR","2","1540","","","","","","","2","2","2","2","false","false","","","","","","","","","","","","","","","","","","","","","","","",""
"1264ec37-3662-4889-a90e-768eb58d815b","nky2kpvp","BR","2","1541","1","2","1","1","false","false","","","","","","","","","","","","","","","","","","","","","","","","","","","","","",""
"8cd135b2-17ed-40db-a0c3-0025c6c2e17c","LowProfile__","BR","2","1542","","","","","","","2","2","2","2","false","false","","","","","","","","","","","","","","","","","","","","","","","",""
"1efbc587-eda9-41a1-9c4f-5c846780b481","GGmzinhoo","BR","2","1543","","","","","","","1","1","1","1","false","false","","","","","","","1","1","1","1","false","false","","","","","","","","","","","",""
"d5470a86-6318-40cf-9716-ee077fc97bee","Jhuss_","BR","2","1544","","","","","","","","","","","","","","","","","","","2","2","2","2","false","false","","","","","","","","","","","",""
"07631899-ef66-4f39-96e5-75cce0bf4916","CriaRJ","BR","2","1545","2","2","2","2","false","false","","","","","","","","","","","","","","","","","","","","","","","","","","","","","",""
"c44ac139-61ed-4cb0-9efa-1170c1d34802","technician_","BR","2","1546","2","2","1","2","false","false","","","","","","","","","","","","","","","","","","","","","","","","","","","","","",""
"4e23972c-523d-4fee-9888-e00bca290c9f","vcnz_","BR","2","1547","2","2","2","2","false","false","","","","","","","","","","","","","","","","","","","","","","","","","","","","","",""
"c27b7d1c-a916-424b-a7e7-8873ce9bd032","XenoPrime_","BR","2","1548","2","2","1","2","false","false","","","","","","","","","","","","","","","","","","","","","","","","","","","","","",""
"95247ecb-4c93-4433-a5fc-8946befbd7b3","gatinho_rosa2","BR","2","1549","","","","","","","2","2","2","2","false","false","","","","","","","","","","","","","","","","","","","","","","","",""
"43fea850-0065-449d-ad30-150f15feb8e8","marbaw","BR","2","1550","1","1","1","1","false","false","1","1","1","1","false","false","","","","","","","","","","","","","","","","","","","","","","","",""
"57ebe652-685e-4578-bfe3-03c56d2184c1","ZmoneySkill","BR","2","1551","2","2","2","2","false","false","","","","","","","","","","","","","","","","","","","","","","","","","","","","","",""
"ed5590f7-c586-4b46-a6a8-2ec05dab2fd2","oByterr","BR","2","1552","","","","","","","2","2","2","2","false","false","","","","","","","","","","","","","","","","","","","","","","","",""
"5b69cea0-8e68-4849-be25-d2ec868d3455","F3LIXPR","BR","2","1553","","","","","","","2","2","2","2","false","false","","","","","","","","","","","","","","","","","","","","","","","",""
"05c8928f-46ad-48b8-9dcf-6512f638c768","Mauteodor","BR","2","1554","","","","","","","2","2","1","2","false","false","","","","","","","","","","","","","","","","","","","","","","","",""
"e52bce73-48ef-4cb1-89da-22b1f653ac97","darkrealme","BR","2","1555","","","","","","","2","2","2","2","false","false","","","","","","","","","","","","","","","","","","","","","","","",""
"1c3b3a50-6502-499a-8431-88a79ce5d933","darkwzs","BR","2","1556","","","","","","","","","","","","","","","","","","","2","2","2","2","false","false","","","","","","","","","","","",""
"afa428eb-4da4-4a2d-8947-ab35bea5df2e","listdopvp","BR","2","1557","2","2","1","2","false","false","","","","","","","","","","","","","","","","","","","","","","","","","","","","","",""
"2b4bb224-c4c8-4df1-8a01-a164edfed9af","FantaIsBack","BR","2","1558","","","","","","","2","2","2","2","false","false","","","","","","","","","","","","","","","","","","","","","","","",""
"1aa7fdf1-e720-4e93-972b-2070da2f6de3","z1q4","BR","2","1559","2","2","2","2","false","false","","","","","","","","","","","","","","","","","","","","","","","","","","","","","",""
"8349f517-ce73-46cf-a3f9-0e054076af41","_ShadowSoul_","BR","2","1560","2","2","2","2","false","false","","","","","","","","","","","","","","","","","","","","","","","","","","","","","",""
"1ca81588-d529-420d-a355-77db721baefd","toostys","BR","2","1561","","","","","","","2","2","2","2","false","false","","","","","","","","","","","","","","","","","","","","","","","",""
"fb81551d-795b-4293-85c5-231862fe4035","cem1337_S9zGmtHV","BR","2","1562","1","1","1","1","false","false","1","1","1","1","false","false","","","","","","","","","","","","","","","","","","","","","","","",""
"54374b9c-a8f0-4d23-9ea8-2cd902d0ce8d","Enygma_Gamer","BR","2","1563","","","","","","","1","1","1","1","false","false","1","1","1","1","false","false","","","","","","","","","","","","","","","","","",""
"95532fdf-d00b-4371-9036-62da1d507e7a","Larphvh","BR","2","1564","2","2","2","2","false","false","","","","","","","","","","","","","","","","","","","","","","","","","","","","","",""
"72189a43-6867-49a1-8885-56c780b10a7d","lyquartz","BR","2","1565","2","2","2","2","false","false","","","","","","","","","","","","","","","","","","","","","","","","","","","","","",""
"e9aa220d-8bda-4227-9de8-d46a280229f6","vr4c","BR","2","1566","2","2","2","2","false","false","","","","","","","","","","","","","","","","","","","","","","","","","","","","","",""
"6fc11768-661f-4794-9634-42005f5409db","NickzNotLegit_","BR","2","1567","2","2","2","2","false","false","","","","","","","","","","","","","","","","","","","","","","","","","","","","","",""
"ae83b64d-bd3e-41bd-a892-eaedbca7f0f4","Valty7","BR","2","1568","1","2","1","1","false","false","","","","","","","","","","","","","","","","","","","","","","","","","","","","","",""
"01cb8210-3e07-4eca-a9fd-b0738c125d50","DrK1rbe3","BR","2","1569","1","2","1","1","false","false","","","","","","","","","","","","","","","","","","","","","","","","","","","","","",""
"2b4e950f-c931-432b-b99d-5e28b0ff10d2","curtcr7","BR","2","1570","1","1","1","1","false","false","1","1","1","1","false","false","","","","","","","","","","","","","","","","","","","","","","","",""
"348c5c6a-e3ad-4395-a4f2-f245d49b41e1","Igor_015","BR","2","1571","2","2","2","2","false","false","","","","","","","","","","","","","","","","","","","","","","","","","","","","","",""
"6cc6bcd8-287a-4650-bdd3-b7ff6397d954","Builder_Prime","BR","2","1572","1","1","1","1","false","false","1","1","1","1","false","false","","","","","","","","","","","","","","","","","","","","","","","",""
"651b0435-8eb6-4367-9629-303d55964c14","OCarniceiro","BR","2","1573","","","","","","","2","2","2","2","false","false","","","","","","","","","","","","","","","","","","","","","","","",""
"bb00beb0-d2a7-495e-b9a2-3adbb3440f9a","Apex67_","BR","2","1574","2","2","1","2","false","false","","","","","","","","","","","","","","","","","","","","","","","","","","","","","",""
"14349cad-5f83-46ab-9050-64fbac0dd841","vitor_miguel","BR","2","1575","","","","","","","2","2","2","2","false","false","","","","","","","","","","","","","","","","","","","","","","","",""
"e98db91a-3722-4697-b616-46cb5772d037","xm0p","BR","2","1576","2","2","2","2","false","false","","","","","","","","","","","","","","","","","","","","","","","","","","","","","",""
"fc650ad1-4183-4f57-8e7a-c50f78cd3903","DeusShinobi","BR","2","1577","","","","","","","2","2","2","2","false","false","","","","","","","","","","","","","","","","","","","","","","","",""
"b6ebda2f-c8a2-4a2f-a972-29a218894797","yolt1","BR","2","1578","","","","","","","2","2","2","2","false","false","","","","","","","","","","","","","","","","","","","","","","","",""
"6cb15da6-9716-483d-8a51-c6bc1dacbea1","Gansinkk","BR","2","1579","","","","","","","2","2","2","2","false","false","","","","","","","","","","","","","","","","","","","","","","","",""
"a7cfbca6-8a24-434d-a526-75cbc714f181","makeyoufeel","BR","2","1580","","","","","","","2","2","2","2","false","false","","","","","","","","","","","","","","","","","","","","","","","",""
"e08d0906-29e9-4b48-9cb2-1beedc9af8cf","SnokoWOW","BR","2","1581","","","","","","","2","2","2","2","false","false","","","","","","","","","","","","","","","","","","","","","","","",""
"ebcebf90-cd7d-453e-a399-a8a4b94244c3","Maomao437","BR","2","1582","","","","","","","2","2","2","2","false","false","","","","","","","","","","","","","","","","","","","","","","","",""
"72d3d2dc-a5a3-4d5c-bdbb-1a068af85fa1","pedrinodesumilde","BR","2","1583","2","2","2","2","false","false","","","","","","","","","","","","","","","","","","","","","","","","","","","","","",""
"d2b551c1-d1ee-4ad4-ae82-e65a748b4625","nunes021k","BR","2","1584","2","2","1","2","false","false","","","","","","","","","","","","","","","","","","","","","","","","","","","","","",""
"006e9225-6418-48fe-b066-4e0942814f5c","SHAA92AARK","BR","2","1585","","","","","","","2","2","2","2","false","false","","","","","","","","","","","","","","","","","","","","","","","",""
"4e9666e0-6f53-43a7-a7fb-c41d5720038d","MenoFod4_","BR","2","1586","","","","","","","2","2","2","2","false","false","","","","","","","","","","","","","","","","","","","","","","","",""
"2eec9001-322c-4230-8974-1867d24140f2","ublond","BR","2","1587","2","2","1","2","false","false","","","","","","","","","","","","","","","","","","","","","","","","","","","","","",""
"6a81a206-1810-49b5-b679-282a87bdc3ca","Meme_Frances","BR","2","1588","","","","","","","2","2","2","2","false","false","","","","","","","","","","","","","","","","","","","","","","","",""
"d84992f9-16e4-476f-a17e-9bc94871ed5f","Adrasteaa_","BR","2","1589","","","","","","","2","2","2","2","false","false","","","","","","","","","","","","","","","","","","","","","","","",""
"bb329f9b-5a79-4bf0-8a6d-055fd4a32f61","REDzlzz","BR","2","1590","","","","","","","2","2","2","2","false","false","","","","","","","","","","","","","","","","","","","","","","","",""
"965c650e-95ef-48cd-8f59-3082f35af526","IamCelestun","BR","2","1591","","","","","","","","","","","","","","","","","","","","","","","","","","","","","","","2","2","2","2","false","false"
"ec47a4e0-4432-45dd-8db6-62f14e1bc445","DDuzinho","BR","2","1592","","","","","","","","","","","","","","","","","","","2","2","2","2","false","false","","","","","","","","","","","",""
"f9d6144c-4b4d-4fcf-8904-bb9b780d0c36","Fed3r","AR","2","1593","2","2","2","2","false","false","","","","","","","","","","","","","","","","","","","","","","","","","","","","","",""
"c05f0a77-054f-4171-accf-01d4e9f5488e","Antzin_","BR","2","1594","","","","","","","2","2","2","2","false","false","","","","","","","","","","","","","","","","","","","","","","","",""
"b551e674-1948-44c1-9164-8ec46e91f3ee","nirvum","BR","2","1595","","","","","","","2","2","2","2","false","false","","","","","","","","","","","","","","","","","","","","","","","",""
"c640cb90-2839-4f43-bb06-a160f417487f","Guiyen","BR","2","1596","","","","","","","2","2","2","2","false","false","","","","","","","","","","","","","","","","","","","","","","","",""
"b84d7ba1-ad94-4521-a0d8-54cfa43b40e3","SliyxOFC","BR","2","1597","","","","","","","2","2","2","2","false","false","","","","","","","","","","","","","","","","","","","","","","","",""
"2cbdce02-6dfd-4b96-a605-9d67ef2ce40c","PrimeDragonBr","BR","2","1598","","","","","","","2","2","1","2","false","false","","","","","","","","","","","","","","","","","","","","","","","",""
"cb865d4e-a522-4c5b-961f-6ae405f5effa","4RTHURWE","BR","2","1599","2","2","2","2","false","false","","","","","","","","","","","","","","","","","","","","","","","","","","","","","",""
"0d895661-a815-4cc5-8101-c1affa45752c","ItzTzim","BR","2","1600","2","2","2","2","false","false","","","","","","","","","","","","","","","","","","","","","","","","","","","","","",""
"e0bee4a3-a31b-4d61-bc1a-90700a2ccb1b","DereckBW","BR","2","1601","","","","","","","1","1","1","1","false","false","1","1","1","1","false","false","","","","","","","","","","","","","","","","","",""
"6a576173-d42d-4c9e-a910-68d360b1ac5a","a62607979","BR","2","1602","","","","","","","2","2","2","2","false","false","","","","","","","","","","","","","","","","","","","","","","","",""
"0b076bff-1792-40b3-9d17-dd82a8b69b91","VoidexTheGoat","BR","2","1603","","","","","","","2","2","2","2","false","false","","","","","","","","","","","","","","","","","","","","","","","",""
"84cc4cb7-f68b-4640-b976-a8e162907185","TheSilentDread","BR","2","1604","1","1","1","1","false","false","","","","","","","","","","","","","1","1","1","1","false","false","","","","","","","","","","","",""
"643bb834-da08-432a-ab99-b0fd080cd794","Dcpds","BR","2","1605","1","1","1","1","false","false","","","","","","","","","","","","","1","1","1","1","false","false","","","","","","","","","","","",""
"aa53845d-2c2b-456d-916d-5968a8d6e263","0144hz","BR","2","1606","1","1","1","1","false","false","1","1","1","1","false","false","","","","","","","","","","","","","","","","","","","","","","","",""
"697fbca0-0ab7-44c9-b1bd-666b22dd76ef","arthursiqueiran","BR","2","1607","2","2","2","2","false","false","","","","","","","","","","","","","","","","","","","","","","","","","","","","","",""
"584bb20c-ef81-4402-ac82-c4d94a21a13d","veiga2675_k","BR","2","1608","","","","","","","2","2","2","2","false","false","","","","","","","","","","","","","","","","","","","","","","","",""
"be6598df-e5e0-4258-8e63-a5382323cac9","MVP_Gojo","BR","2","1609","","","","","","","2","2","2","2","false","false","","","","","","","","","","","","","","","","","","","","","","","",""
"290f30b0-ecb8-43e3-bd99-8b16377cdb67","Patman__","BR","2","1610","","","","","","","2","2","2","2","false","false","","","","","","","","","","","","","","","","","","","","","","","",""
"19f78b82-22af-4877-a209-6afec8d9ae5c","SkyzinnX","BR","2","1611","","","","","","","1","1","1","1","false","false","1","1","1","1","false","false","","","","","","","","","","","","","","","","","",""
"80699eb1-d616-42ba-9e47-55e4560371b5","YunoSyncX","BR","2","1612","","","","","","","2","2","2","2","false","false","","","","","","","","","","","","","","","","","","","","","","","",""
"f34e5321-d179-422f-9e82-126056fc6fb3","IamNurkerX","BR","2","1613","2","2","2","2","false","false","","","","","","","","","","","","","","","","","","","","","","","","","","","","","",""
"01355063-3afd-422d-bd4e-d126c8a53486","CatupigYT","BR","2","1614","","","","","","","1","1","1","1","false","false","1","1","1","1","false","false","","","","","","","","","","","","","","","","","",""
"76e0fd73-74fe-4b6d-ae72-68efb3568aac","fantocheMC","BR","2","1615","","","","","","","","","","","","","","","","","","","2","2","2","2","false","false","","","","","","","","","","","",""
"52540158-a97d-4a79-95b6-a996755b607c","V3nyxWz","BR","2","1616","","","","","","","","","","","","","","","","","","","","","","","","","2","2","2","2","false","false","","","","","",""
"52963ce2-be9d-4619-a903-4d3c3537abae","VHXszin","BR","2","1617","","","","","","","","","","","","","2","2","2","2","false","false","","","","","","","","","","","","","","","","","",""
"86883f47-f06d-4542-85b3-0a89c842c19b","RedNarutin","BR","2","1618","","","","","","","2","2","2","2","false","false","","","","","","","","","","","","","","","","","","","","","","","",""
"0b1c1237-a9fc-4093-9857-8f9809b67e4f","Bruxo","BR","2","1619","","","","","","","2","2","2","2","false","false","","","","","","","","","","","","","","","","","","","","","","","",""
"f3c11dfa-d029-45c9-98e1-f684fbca5e77","Declamarei_","BR","2","1620","","","","","","","2","2","2","2","false","false","","","","","","","","","","","","","","","","","","","","","","","",""
"fb6afa51-3dce-4640-855f-2b7fff559c7f","yCaio7","BR","2","1621","","","","","","","2","2","2","2","false","false","","","","","","","","","","","","","","","","","","","","","","","",""
"babf1b4b-f93e-40d9-ab21-68b62fa1c2ac","MOON_LOL","BR","2","1622","","","","","","","2","2","2","2","false","false","","","","","","","","","","","","","","","","","","","","","","","",""
"61c85660-6980-4886-99bd-814f4c51a713","M4JuanC","BR","2","1623","","","","","","","1","2","1","1","false","false","","","","","","","","","","","","","","","","","","","","","","","",""
"bb44679b-8ea5-4947-a589-10ff997db943","WilhellIm","BR","2","1624","","","","","","","2","2","1","2","false","false","","","","","","","","","","","","","","","","","","","","","","","",""
"219f7e7d-60eb-4f92-9cb2-09fc6451e359","_NegoDoBorel","BR","2","1625","","","","","","","2","2","2","2","false","false","","","","","","","","","","","","","","","","","","","","","","","",""
"9f0f6067-24bb-4474-9705-675b9899ff4e","masterdoFr32","BR","2","1626","","","","","","","1","1","1","1","false","false","","","","","","","","","","","","","","","","","","","1","1","1","1","false","false"
"d2e8b62e-3686-46de-99c5-c3f07e7b9db0","imissyouana","BR","2","1627","","","","","","","2","2","2","2","false","false","","","","","","","","","","","","","","","","","","","","","","","",""
"56de9f48-0f11-4ae1-a1de-2935af88824a","Saymmdc","BR","2","1628","","","","","","","2","2","2","2","false","false","","","","","","","","","","","","","","","","","","","","","","","",""
"50f69363-effb-4596-a725-9d497af1810a","CleitinSolador","BR","2","1629","","","","","","","2","2","2","2","false","false","","","","","","","","","","","","","","","","","","","","","","","",""
"ec7e6654-533b-41ba-a462-2a30beef7218","kaiboxing","BR","2","1630","2","2","2","2","false","false","","","","","","","","","","","","","","","","","","","","","","","","","","","","","",""
"e0b4f33e-3650-4988-a608-dd111cef68c6","thzinnlimax","BR","2","1631","","","","","","","2","2","2","2","false","false","","","","","","","","","","","","","","","","","","","","","","","",""
"a44ac5e0-0df1-49c5-a622-59626f54bc6d","GuriMansinho","BR","2","1632","2","2","2","2","false","false","","","","","","","","","","","","","","","","","","","","","","","","","","","","","",""
"8a724286-cb78-4b30-a940-dea0af8026d3","redoma","BR","2","1633","","","","","","","","","","","","","2","2","2","2","false","false","","","","","","","","","","","","","","","","","",""
"ae10053b-519f-4846-b923-84ae2793d1a1","Hidden_Mon3yGG","BR","2","1634","","","","","","","1","1","1","1","false","false","1","1","1","1","false","false","","","","","","","","","","","","","","","","","",""
"9113110c-dd6f-4a4d-948c-d1539b689876","andrutix","BR","2","1635","","","","","","","2","2","2","2","false","false","","","","","","","","","","","","","","","","","","","","","","","",""
"299d8905-e3a2-4aa0-add4-78789ca72526","M0dHunter","BR","2","1636","","","","","","","","","","","","","","","","","","","2","2","2","2","false","false","","","","","","","","","","","",""
"9bd89af7-99b4-487a-ace6-9ab4989fc55a","Nzymm_17","BR","2","1637","","","","","","","","","","","","","","","","","","","2","2","2","2","false","false","","","","","","","","","","","",""
"213fdba7-bf34-4e72-8cce-f4637fa6c9a4","Crash_men","BR","2","1638","","","","","","","2","2","2","2","false","false","","","","","","","","","","","","","","","","","","","","","","","",""
"235d45e9-6022-4a57-aa11-7e89eb783f00","uniaosovietica","BR","2","1639","","","","","","","2","2","2","2","false","false","","","","","","","","","","","","","","","","","","","","","","","",""
"f89f4dd3-2804-4d18-a1d6-99198345fa05","Grayzinn_","BR","2","1640","","","","","","","2","2","2","2","false","false","","","","","","","","","","","","","","","","","","","","","","","",""
"d27742fe-354e-41f2-acd5-184dcb045f85","LsRageX","BR","2","1641","","","","","","","2","2","2","2","false","false","","","","","","","","","","","","","","","","","","","","","","","",""
"7eca18e8-e8fb-40ea-8ef7-4fec1982284d","Setfyah","BR","2","1642","","","","","","","1","2","1","1","false","false","","","","","","","","","","","","","","","","","","","","","","","",""
"126645bb-2241-4f68-954f-3dddb2eb0f64","ChikitoOFC","BR","2","1643","","","","","","","1","1","1","1","false","false","1","1","1","1","false","false","","","","","","","","","","","","","","","","","",""
"05d59779-6fda-4c8f-a586-20078e216741","SilverKhan","BR","2","1644","","","","","","","2","2","2","2","false","false","","","","","","","","","","","","","","","","","","","","","","","",""
"c7762386-57a2-4363-b28a-f227096d63ac","Pecolas208","BR","2","1645","","","","","","","2","2","2","2","false","false","","","","","","","","","","","","","","","","","","","","","","","",""
"18a1a91b-75f0-4d8c-a81d-e94608fa546e","ItzM4t1","AR","2","1646","2","2","2","2","false","false","","","","","","","","","","","","","","","","","","","","","","","","","","","","","",""
"cc56560f-236f-444c-8784-cda1604d6323","DanISBack_","BR","2","1647","2","2","2","2","false","false","","","","","","","","","","","","","","","","","","","","","","","","","","","","","",""
"65705349-a230-42a2-af33-f45eb1cb07fc","armagurado","BR","2","1648","","","","","","","2","2","2","2","false","false","","","","","","","","","","","","","","","","","","","","","","","",""
"7229473a-5d94-4766-b032-a792c6a4e97f","Snoowyzx","BR","2","1649","1","1","1","1","false","false","1","1","1","1","false","false","","","","","","","","","","","","","","","","","","","","","","","",""
"fe7337f2-8b68-41e2-bc11-eafaa53d3a89","oHighs","BR","2","1650","","","","","","","2","2","1","2","false","false","","","","","","","","","","","","","","","","","","","","","","","",""
"1d138c9a-512d-4b7e-b6b7-34bb35c35e93","maturado","BR","2","1651","","","","","","","2","2","1","2","false","false","","","","","","","","","","","","","","","","","","","","","","","",""
"ddd3a257-5652-42a2-9b3f-68e50902981f","YannUai","BR","2","1652","","","","","","","2","2","2","2","false","false","","","","","","","","","","","","","","","","","","","","","","","",""
"77d74f23-4d8b-4032-9692-d8c5a001d614","k1cl","BR","2","1653","","","","","","","","","","","","","","","","","","","","","","","","","","","","","","","2","2","2","2","false","false"
"1aee2e76-79dc-40de-9515-412866984e89","chrisofd","BR","2","1654","2","2","2","2","false","false","","","","","","","","","","","","","","","","","","","","","","","","","","","","","",""
"774ebaee-bc54-4c23-8814-331703988fe5","Cubi0925","BR","2","1655","","","","","","","1","2","1","1","false","false","","","","","","","","","","","","","","","","","","","","","","","",""
"9628441f-acad-4ec9-89a2-a3c9974603b4","Arctijcw","BR","2","1656","","","","","","","2","2","2","2","false","false","","","","","","","","","","","","","","","","","","","","","","","",""
"4841acca-647f-4ede-bb24-a56c52c6175d","Veyrozn","BR","2","1657","2","2","2","2","false","false","","","","","","","","","","","","","","","","","","","","","","","","","","","","","",""
"16d1c495-26a4-407e-aa82-c1753954a1e7","PedritoGamer67","PE","2","1658","","","","","","","","","","","","","2","2","2","2","false","false","","","","","","","","","","","","","","","","","",""
"39e9ef6a-86cf-414c-a320-cf116242523f","desstroirXD","BR","2","1659","1","1","1","1","false","false","","","","","","","","","","","","","1","1","1","1","false","false","","","","","","","","","","","",""
"4a4aff7b-11f6-472f-ba85-715cbdbb7756","NzIsky","BR","2","1660","","","","","","","2","2","2","2","false","false","","","","","","","","","","","","","","","","","","","","","","","",""
"e11460c4-d520-4463-aa63-5b11772c4794","ELEIXE","BR","2","1661","","","","","","","","","","","","","","","","","","","2","2","2","2","false","false","","","","","","","","","","","",""
"9aa66a68-0fe5-47c1-a332-032f377ab758","ToonBr_","BR","2","1662","","","","","","","2","2","2","2","false","false","","","","","","","","","","","","","","","","","","","","","","","",""
"0db5f0a6-bedf-4960-adfb-2cd17d1b6e97","zpdr_","BR","2","1663","","","","","","","","","","","","","","","","","","","2","2","2","2","false","false","","","","","","","","","","","",""
"a7a2499a-a989-476e-b784-98c2dd0f05c4","duo_do_sonoTWS","BR","2","1664","2","2","2","2","false","false","","","","","","","","","","","","","","","","","","","","","","","","","","","","","",""
"358052d0-71ed-4e71-b53b-b5d7a6d6a1c1","coeuatoyxvw","BR","2","1665","2","2","2","2","false","false","","","","","","","","","","","","","","","","","","","","","","","","","","","","","",""
"acd5eb71-a652-40d1-b5d1-207c1be10ae3","Dnerbk","BR","2","1666","","","","","","","2","2","2","2","false","false","","","","","","","","","","","","","","","","","","","","","","","",""
"3e16bd6c-b7a9-4d83-aeca-154db3ede29e","Fern_67","BR","2","1667","","","","","","","1","1","1","1","false","false","","","","","","","1","1","1","1","false","false","","","","","","","","","","","",""
"456e3dbe-9cb4-437f-9093-cbb12b9ca02c","aaragus","BR","2","1668","","","","","","","2","2","2","2","false","false","","","","","","","","","","","","","","","","","","","","","","","",""
"7d8c4253-0eaf-42fd-9498-7bb3b1fa2bc6","Hpc2503","BR","2","1669","","","","","","","2","2","1","2","false","false","","","","","","","","","","","","","","","","","","","","","","","",""
"ed6178bb-434b-45ef-b766-e617ae05b3f0","PlayingForGlory","BR","2","1670","2","2","2","2","false","false","","","","","","","","","","","","","","","","","","","","","","","","","","","","","",""
"f99e29c9-000a-4916-a013-725ca9515779","SalvadorEqpMalla","BR","2","1671","2","2","2","2","false","false","","","","","","","","","","","","","","","","","","","","","","","","","","","","","",""
"7319eaa8-1f49-47ab-850c-bc52becfd6c8","zeldqq","BR","2","1672","","","","","","","","","","","","","2","2","2","2","false","false","","","","","","","","","","","","","","","","","",""
"37b0b426-0f9f-4971-a5fe-7cebc713c26e","923kxxz","BR","2","1673","2","2","2","2","false","false","","","","","","","","","","","","","","","","","","","","","","","","","","","","","",""
"dde0a1af-8399-4936-937a-eaa7d55db725","WhoIsRoselle","AR","2","1674","","","","","","","2","2","2","2","false","false","","","","","","","","","","","","","","","","","","","","","","","",""
"3c19b94c-2225-40a1-a443-7e3e61020d9f","Yusuke_0","BR","2","1675","","","","","","","","","","","","","2","2","2","2","false","false","","","","","","","","","","","","","","","","","",""
"9d74524d-64bc-4b76-9ba2-6108b71eff7f","1ustmoney","BR","2","1676","","","","","","","","","","","","","2","2","2","2","false","false","","","","","","","","","","","","","","","","","",""
"56d78385-184c-4c62-b891-f5ca6d715250","HebbleHD","BR","2","1677","","","","","","","2","2","2","2","false","false","","","","","","","","","","","","","","","","","","","","","","","",""
"cd15752e-78fe-4ddb-a6ae-7b4b83b6aea3","xydsiz","BR","2","1678","","","","","","","","","","","","","2","2","2","2","false","false","","","","","","","","","","","","","","","","","",""
"65325794-9d0c-49f2-89b5-19ea6bbdcfc2","HuntRage","BR","2","1679","","","","","","","2","2","2","2","false","false","","","","","","","","","","","","","","","","","","","","","","","",""
"3720da2d-b625-46cc-bd32-c34cecabef3b","uqpg","BR","2","1680","","","","","","","2","2","2","2","false","false","","","","","","","","","","","","","","","","","","","","","","","",""
"ce3c4bd4-63d7-4160-9305-35d07e748285","brunon1212","BR","2","1681","1","1","1","1","false","false","","","","","","","","","","","","","1","1","1","1","false","false","","","","","","","","","","","",""
"b15a1ecf-8f80-40ed-be5b-3464a0709467","SemPiedade","BR","2","1682","","","","","","","1","1","1","1","false","false","","","","","","","","","","","","","","","","","","","1","1","1","1","false","false"
"4771a26a-1e0c-410e-ad69-363466a34730","Migrado","BR","2","1683","","","","","","","2","2","2","2","false","false","","","","","","","","","","","","","","","","","","","","","","","",""
"a97fb1f4-28fe-4efb-bf83-cbdcd0bc8d8c","yake1","BR","2","1684","","","","","","","2","2","2","2","false","false","","","","","","","","","","","","","","","","","","","","","","","",""
"48176d0d-0062-4b22-be4c-194ee441f581","qzwk","BR","2","1685","","","","","","","2","2","2","2","false","false","","","","","","","","","","","","","","","","","","","","","","","",""
"2e4cfa31-ede8-46cb-8e2f-35afceb67d91","B4landd","BR","2","1686","","","","","","","2","2","2","2","false","false","","","","","","","","","","","","","","","","","","","","","","","",""
"63246ffd-81a5-46f1-8ea2-9497d9601db2","uUmbraX_","BR","2","1687","","","","","","","2","2","2","2","false","false","","","","","","","","","","","","","","","","","","","","","","","",""
"dd85606b-b934-4a0a-afdc-d7d4798a1a29","iSukzz","BR","2","1688","","","","","","","2","2","2","2","false","false","","","","","","","","","","","","","","","","","","","","","","","",""
"0c6f4322-0c1c-44de-ba86-a118f752c5e3","pruss01","BR","2","1689","","","","","","","2","2","1","2","false","false","","","","","","","","","","","","","","","","","","","","","","","",""
"6f92e6e8-b13a-45d8-8377-7e01a60087aa","polinium84_","BR","2","1690","","","","","","","","","","","","","","","","","","","2","2","2","2","false","false","","","","","","","","","","","",""
"6b00fb5b-6128-48e6-8b4f-303e1f5f95d5","hxty","BR","2","1691","","","","","","","2","2","2","2","false","false","","","","","","","","","","","","","","","","","","","","","","","",""
"03f5a630-0892-4756-bb87-0b994f5a72aa","KIKINSkyjhw","BR","2","1692","","","","","","","2","2","2","2","false","false","","","","","","","","","","","","","","","","","","","","","","","",""
"d0d238a5-8e7c-4f89-968f-73c986ca6bcf","zexsz","BR","2","1693","","","","","","","2","2","2","2","false","false","","","","","","","","","","","","","","","","","","","","","","","",""
"5322b721-9fc8-4d09-90b5-487788204188","Dwgg0","BR","2","1694","2","2","2","2","false","false","","","","","","","","","","","","","","","","","","","","","","","","","","","","","",""
"2a3abaa9-8f01-4fca-83d8-86e253f920ea","potentialmon","BR","2","1695","","","","","","","2","2","2","2","false","false","","","","","","","","","","","","","","","","","","","","","","","",""
"4a7b1108-0e53-486b-8df6-134d69530435","kawaga3","BR","2","1696","","","","","","","","","","","","","","","","","","","","","","","","","","","","","","","2","2","2","2","false","false"
"c23f0760-0cd3-4cff-a30f-17376b883272","NightmareBRz","BR","2","1697","","","","","","","","","","","","","","","","","","","","","","","","","","","","","","","2","2","2","2","false","false"
"959d4b09-2232-4886-802a-d1ba07d69cff","maxxincfield","BR","2","1698","","","","","","","2","2","2","2","false","false","","","","","","","","","","","","","","","","","","","","","","","",""
"db3cfb34-4c84-4b47-9ed1-1c55ad444003","DarkinLawliett","BR","2","1699","","","","","","","","","","","","","","","","","","","2","2","2","2","false","false","","","","","","","","","","","",""
"bd5831b3-9ebe-4338-9ce3-25a92202648f","Meliodaskkkkkk","BR","2","1700","","","","","","","1","1","1","1","false","false","1","1","1","1","false","false","","","","","","","","","","","","","","","","","",""
"0cbaaca6-d019-47c3-9d5c-7dc904a8e1e4","bolarolissa","BR","2","1701","","","","","","","","","","","","","2","2","2","2","false","false","","","","","","","","","","","","","","","","","",""
"807d1219-a38d-47bb-96b5-19c19c455f29","FAKEPLAYER666","BR","2","1702","","","","","","","","","","","","","1","1","1","1","false","false","","","","","","","","","","","","","1","1","1","1","false","false"
"f0e7ed1e-7f5d-46a4-b1b2-3dc103312076","XENO_BW","BR","2","1703","","","","","","","1","1","1","1","false","false","","","","","","","","","","","","","1","1","1","1","false","false","","","","","",""
"bdf07d5f-45a9-45dd-b629-ce7851f4938c","_lajota","BR","2","1704","","","","","","","2","2","1","2","false","false","","","","","","","","","","","","","","","","","","","","","","","",""
"e1ab019b-0b53-4b9a-b32a-b61565bdfd2b","LengoTengo","BR","2","1705","","","","","","","2","2","2","2","false","false","","","","","","","","","","","","","","","","","","","","","","","",""
"483771c7-f261-40e0-9364-c19b80e9fda4","NCzinRL","BR","2","1706","","","","","","","1","1","1","1","false","false","","","","","","","1","1","1","1","false","false","","","","","","","","","","","",""
"2472609d-8c1b-40be-ab95-fa505e2b6132","ioxande","BR","2","1707","","","","","","","2","2","2","2","false","false","","","","","","","","","","","","","","","","","","","","","","","",""
"f9b782a4-83f3-497f-85cc-55b5368fdaee","Reciproo","BR","2","1708","","","","","","","","","","","","","2","2","2","2","false","false","","","","","","","","","","","","","","","","","",""
"aa2fab48-63fe-4c32-b8d1-7c67fdb25e1b","wzyh","BR","2","1709","1","1","1","1","false","false","1","1","1","1","false","false","","","","","","","","","","","","","","","","","","","","","","","",""
"d4aa4398-478e-4f5b-9a0c-b2193ddf180a","oRevokz","BR","2","1710","","","","","","","2","2","2","2","false","false","","","","","","","","","","","","","","","","","","","","","","","",""
"4b653aaf-b73e-47ab-93f3-5d285847880f","themainhunter","BR","2","1711","","","","","","","2","2","2","2","false","false","","","","","","","","","","","","","","","","","","","","","","","",""
"9ba20d30-d5c0-4bcd-bf89-8179c850b2fa","heyDrac","BR","2","1712","","","","","","","2","2","2","2","false","false","","","","","","","","","","","","","","","","","","","","","","","",""
"45174bf4-f311-4580-91c2-9fb1a99c6727","BatataAgiota","BR","2","1713","","","","","","","2","2","2","2","false","false","","","","","","","","","","","","","","","","","","","","","","","",""
"dc0f7b55-21d5-4c26-8dbb-49e536b0cfa6","tr4madol","CO","2","1714","","","","","","","2","2","2","2","false","false","","","","","","","","","","","","","","","","","","","","","","","",""
"ba41b0a0-7cc8-42da-b3e8-051401ebfb3d","Thz02","BR","2","1715","","","","","","","1","1","1","1","false","false","","","","","","","1","1","1","1","false","false","","","","","","","","","","","",""
"288dec87-bd81-4565-915a-e079f740578d","Lucas55ff_","BR","2","1716","2","2","2","2","false","false","","","","","","","","","","","","","","","","","","","","","","","","","","","","","",""
"f215ccda-61be-4c13-8462-b5f405147cc0","gabiruga","BR","2","1717","","","","","","","2","2","2","2","false","false","","","","","","","","","","","","","","","","","","","","","","","",""
"c7bf0c15-2960-4ef4-96d8-e875f59653d1","_DUCKEASY_","BR","2","1718","2","2","2","2","false","false","","","","","","","","","","","","","","","","","","","","","","","","","","","","","",""
"e4306a66-a1c5-43f1-a0bb-113e4a9d85dd","Knnoc","BR","2","1719","","","","","","","2","2","2","2","false","false","","","","","","","","","","","","","","","","","","","","","","","",""
"afa07ee2-ca9c-4a59-877f-ccb3bfd6d1aa","2syh","BR","2","1720","2","2","2","2","false","false","","","","","","","","","","","","","","","","","","","","","","","","","","","","","",""
"394c2f7f-6f23-4eda-82b0-23d095601fc1","Lopezx01","BR","2","1721","","","","","","","2","2","2","2","false","false","","","","","","","","","","","","","","","","","","","","","","","",""
"653e9692-df77-4e2c-bc70-0bd4aa9502a3","maedoChip","BR","2","1722","2","2","1","2","false","false","","","","","","","","","","","","","","","","","","","","","","","","","","","","","",""
"4929dc82-333f-408b-996b-90b00d7ec856","bowlieeePClagado","BR","2","1723","2","2","2","2","false","false","","","","","","","","","","","","","","","","","","","","","","","","","","","","","",""
"893cf1e2-1bda-492f-98ce-21dd3fc08743","dthdfl","BR","2","1724","","","","","","","1","1","1","1","false","false","","","","","","","1","1","1","1","false","false","","","","","","","","","","","",""
"9c03d6e0-f33b-4788-afdf-1703b13ecd7f","_zagfpps","BR","2","1725","1","1","1","1","false","false","","","","","","","","","","","","","1","1","1","1","false","false","","","","","","","","","","","",""
"841faf84-1335-4268-ad7f-c65e51c99d1a","100exu","BR","2","1726","","","","","","","2","2","1","2","false","false","","","","","","","","","","","","","","","","","","","","","","","",""
"16ae673c-fd62-4178-a8e8-e703ddfdfcfa","nesk1nd","BR","2","1727","1","1","1","1","false","false","1","1","1","1","false","false","","","","","","","","","","","","","","","","","","","","","","","",""
"7bf56f2a-c763-4458-ac35-d07618f21950","Bruuxa","BR","2","1728","2","2","1","2","false","false","","","","","","","","","","","","","","","","","","","","","","","","","","","","","",""
"a3c85a7a-b424-4157-a89b-848c15b231c2","MONN_001","BR","2","1729","","","","","","","1","1","1","1","false","false","1","1","1","1","false","false","","","","","","","","","","","","","","","","","",""
"aecc24a2-f40b-41c4-b46b-775e64ae33a3","Vzooy","BR","2","1730","","","","","","","2","2","2","2","false","false","","","","","","","","","","","","","","","","","","","","","","","",""
"40835bab-6347-4fad-8987-481b1476b217","Esparg","BR","2","1731","","","","","","","2","2","2","2","false","false","","","","","","","","","","","","","","","","","","","","","","","",""
"6486146c-8894-4d5c-aaea-695c6b533ca1","Ultraaura_","BR","2","1732","1","1","1","1","false","false","","","","","","","","","","","","","","","","","","","","","","","","","1","1","1","1","false","false"
"3da0868d-0fe3-411f-ae6a-62cbad17014b","nkzimnotlegit","BR","2","1733","2","2","2","2","false","false","","","","","","","","","","","","","","","","","","","","","","","","","","","","","",""
"f80fd6c9-629e-4c7b-9385-294960efa7d9","O_Grande_Galo","BR","2","1734","","","","","","","1","1","1","1","false","false","","","","","","","","","","","","","1","1","1","1","false","false","","","","","",""
"c73c3df9-d0e0-4a93-846b-8f6d3b0d9d0d","vidigas1980","BR","2","1735","","","","","","","2","2","2","2","false","false","","","","","","","","","","","","","","","","","","","","","","","",""
"f727b7b3-a2c6-4a7e-967e-3aeed943b29e","bombapeti","BR","2","1736","","","","","","","2","2","2","2","false","false","","","","","","","","","","","","","","","","","","","","","","","",""
"105ef8ee-ea79-4dac-bf6c-6274c873f36a","Luhnny","BR","2","1737","","","","","","","","","","","","","2","2","2","2","false","false","","","","","","","","","","","","","","","","","",""
"66f3ff3c-8d8c-474c-af16-081471d62562","Lolocraft2013","BR","2","1738","","","","","","","2","2","2","2","false","false","","","","","","","","","","","","","","","","","","","","","","","",""
"c613ad20-0fe5-46e7-b5fe-d9520d57bbb2","LowXyz_","BR","2","1739","","","","","","","","","","","","","","","","","","","2","2","2","2","false","false","","","","","","","","","","","",""
"76c81103-03bb-4fd8-a858-b22cbcc3bda2","Toshtarai","BR","2","1740","2","2","2","2","false","false","","","","","","","","","","","","","","","","","","","","","","","","","","","","","",""
"06b3c919-2e1e-4428-9868-dd728497b3ad","imMiglz","BR","2","1741","","","","","","","2","2","2","2","false","false","","","","","","","","","","","","","","","","","","","","","","","",""
"5dfec789-50ff-4667-950b-5ebbcc0fbe98","yZeca_morgan","BR","2","1742","","","","","","","2","2","2","2","false","false","","","","","","","","","","","","","","","","","","","","","","","",""
"79d10fdf-3306-4f0c-8bed-a7578a0434a6","cadu7194","BR","2","1743","1","1","1","1","false","false","","","","","","","","","","","","","1","1","1","1","false","false","","","","","","","","","","","",""
"d7c30943-ebf7-4996-84e3-86bdff7c5747","f3lon1","BR","2","1744","","","","","","","2","2","2","2","false","false","","","","","","","","","","","","","","","","","","","","","","","",""
"daead27f-748e-407b-9720-b911ebe103e8","BielFlick","BR","2","1745","","","","","","","2","2","2","2","false","false","","","","","","","","","","","","","","","","","","","","","","","",""
"3c9f45a4-602f-4442-b03c-7fcd11169de1","luvkyraz","BR","2","1746","","","","","","","2","2","2","2","false","false","","","","","","","","","","","","","","","","","","","","","","","",""
"c0a29c52-ebe2-48af-a4a0-c89cb8584382","Azlons_","BR","2","1747","2","2","2","2","false","false","","","","","","","","","","","","","","","","","","","","","","","","","","","","","",""
"0f8b5288-bc33-4b72-af37-16e5d3cef295","stonedy","BR","2","1748","2","2","2","2","false","false","","","","","","","","","","","","","","","","","","","","","","","","","","","","","",""
"f232ebfc-adcd-428c-85f4-c6121581a5b1","Leslizzx","BR","2","1749","2","2","2","2","false","false","","","","","","","","","","","","","","","","","","","","","","","","","","","","","",""
"5fb13b28-7d59-405c-be71-3853273bb42a","zgusts","BR","2","1750","1","1","1","1","false","false","","","","","","","","","","","","","1","1","1","1","false","false","","","","","","","","","","","",""
"cc062c50-56da-4351-a61b-6fba838aed44","lucasx2025","BR","2","1751","2","2","2","2","false","false","","","","","","","","","","","","","","","","","","","","","","","","","","","","","",""
"3c498a02-9eed-4d0a-bd9a-5c75dcebcfcd","Whatmig","BR","2","1752","","","","","","","2","2","2","2","false","false","","","","","","","","","","","","","","","","","","","","","","","",""
"5533f553-5fe3-4bdb-a59e-9a535794d73a","Japa07_","BR","2","1753","","","","","","","2","2","2","2","false","false","","","","","","","","","","","","","","","","","","","","","","","",""
"35f67237-5c38-4409-b207-52273d982be0","demonrages","BR","2","1754","","","","","","","2","2","2","2","false","false","","","","","","","","","","","","","","","","","","","","","","","",""
"7cf4e478-745a-457e-8eb7-948eebee3c4e","zBassxBW","BR","2","1755","2","2","2","2","false","false","","","","","","","","","","","","","","","","","","","","","","","","","","","","","",""
"da3298fe-21ae-4994-b039-3e95b0dc0dfc","philipinas420","BR","2","1756","","","","","","","","","","","","","","","","","","","2","2","2","2","false","false","","","","","","","","","","","",""
"1ba216f5-83be-4623-8cc3-a65e5f61d9e2","JuninGG_","BR","2","1757","","","","","","","1","1","1","1","false","false","","","","","","","1","1","1","1","false","false","","","","","","","","","","","",""
"346a8590-1a50-408a-99e1-c5484615ea2a","vinicius09","BR","2","1758","","","","","","","2","2","2","2","false","false","","","","","","","","","","","","","","","","","","","","","","","",""
"9030aa7e-8e5a-4b4e-b21b-f8c176d41dd2","Caslu4K","BR","2","1759","","","","","","","2","2","2","2","false","false","","","","","","","","","","","","","","","","","","","","","","","",""
"606cce27-6368-4b2f-a579-767afc268d48","Bona000jfk","BR","2","1760","2","2","2","2","false","false","","","","","","","","","","","","","","","","","","","","","","","","","","","","","",""
"700ab27f-7a35-44b2-b9d0-ccd61ba78590","NewRyzen","BR","2","1761","","","","","","","2","2","2","2","false","false","","","","","","","","","","","","","","","","","","","","","","","",""
"8fab7065-8df7-4db4-8b8e-75f15dee65ce","Sants_77","BR","2","1762","","","","","","","","","","","","","1","1","1","1","false","false","1","1","1","1","false","false","","","","","","","","","","","",""
"51c69e98-02ee-431a-a6e5-b37d77580b86","AlvaroFullDima","BR","2","1763","2","2","2","2","false","false","","","","","","","","","","","","","","","","","","","","","","","","","","","","","",""
"201df89a-c8f1-448b-a393-cedb7cd4250c","wTinx__","BR","2","1764","2","2","2","2","false","false","","","","","","","","","","","","","","","","","","","","","","","","","","","","","",""
"37108676-de06-4e65-a514-9e98823f55d4","snthz","BR","2","1765","1","1","1","1","false","false","1","1","1","1","false","false","","","","","","","","","","","","","","","","","","","","","","","",""
"e85a21ad-af97-4790-b2fb-3115a5be5857","Lenxz_","BR","2","1766","","","","","","","2","2","2","2","false","false","","","","","","","","","","","","","","","","","","","","","","","",""
"d8355752-8897-42d6-a2d5-84e1b5d2251e","SnowzinYT","BR","2","1767","","","","","","","","","","","","","","","","","","","2","2","2","2","false","false","","","","","","","","","","","",""
"43d203ec-b084-4297-bad6-424adf9b6f7f","Poliwytresa","BR","2","1768","","","","","","","","","","","","","2","2","2","2","false","false","","","","","","","","","","","","","","","","","",""
"1babe8ab-84a6-43b4-8a56-7b7359b11900","Shotzzy_1v4","BR","2","1769","1","1","1","1","false","false","","","","","","","","","","","","","1","1","1","1","false","false","","","","","","","","","","","",""
"563d8af0-a19c-4496-ada2-b0874f770919","oalberti","BR","2","1770","","","","","","","2","2","2","2","false","false","","","","","","","","","","","","","","","","","","","","","","","",""
"2b09d832-dd81-4704-82b6-afedb6919b88","ExuCoriga","BR","2","1771","","","","","","","1","1","1","1","false","false","1","1","1","1","false","false","","","","","","","","","","","","","","","","","",""
"b80a1688-a45e-47da-bc53-29788bf275ba","Rhyansz_","BR","2","1772","","","","","","","1","1","1","1","false","false","","","","","","","1","1","1","1","false","false","","","","","","","","","","","",""
"a3123379-371a-4d19-8443-4dbd254d370a","Myrezx","BR","2","1773","","","","","","","2","2","2","2","false","false","","","","","","","","","","","","","","","","","","","","","","","",""
"545a4a30-bbb5-44af-831f-ac52c1d05c7c","Alucineii","BR","2","1774","","","","","","","2","2","2","2","false","false","","","","","","","","","","","","","","","","","","","","","","","",""
"7b70649b-cbbc-4c9a-ab6f-809e04684d67","ViniciusIdolo","BR","2","1775","2","2","2","2","false","false","","","","","","","","","","","","","","","","","","","","","","","","","","","","","",""
"1b43cc8b-ce43-412c-810b-91cdda2beac0","Fzin_GG","BR","2","1776","","","","","","","","","","","","","","","","","","","2","2","2","2","false","false","","","","","","","","","","","",""
"e0c9cc65-81c5-4e54-af5c-d2920c55627c","vaninho_lo","BR","2","1777","2","2","2","2","false","false","","","","","","","","","","","","","","","","","","","","","","","","","","","","","",""
"f6a3016f-3c0f-42b8-8d98-200ee68f9e27","Technomace_L","BR","2","1778","","","","","","","","","","","","","","","","","","","2","2","2","2","false","false","","","","","","","","","","","",""
"a4840f7e-7d9b-450d-84f8-2e800f25cad6","vicaburos","BR","2","1779","","","","","","","2","2","2","2","false","false","","","","","","","","","","","","","","","","","","","","","","","",""
"0cb53d41-a006-49e4-9736-c846331cd4f9","TigoMC","BR","2","1780","","","","","","","","","","","","","","","","","","","2","2","2","2","false","false","","","","","","","","","","","",""
"6af90c04-02fe-4575-b5bc-41fecbcecc0b","2wzd","BR","2","1781","1","1","1","1","false","false","","","","","","","","","","","","","1","1","1","1","false","false","","","","","","","","","","","",""
"010a4573-148e-454a-b82a-3a3300e4106c","CocaColaRefinada","BR","2","1782","","","","","","","","","","","","","","","","","","","2","2","2","2","false","false","","","","","","","","","","","",""
"ac91fba1-c4b2-4523-9452-bdeffbee1f07","smite27","BR","2","1783","","","","","","","","","","","","","","","","","","","2","2","2","2","false","false","","","","","","","","","","","",""
"809c40f5-cb02-4dc8-8b93-f06abea42b94","wDARKZINN","BR","2","1784","1","1","1","1","false","false","","","","","","","1","1","1","1","false","false","","","","","","","","","","","","","","","","","",""
"a23d0627-fe97-493b-bdcd-dd196247116b","1NDIOx","BR","2","1785","","","","","","","","","","","","","","","","","","","2","2","2","2","false","false","","","","","","","","","","","",""
"413cf7a7-6dfc-4526-91c1-c378a5033928","yukujuma","BR","2","1786","","","","","","","2","2","2","2","false","false","","","","","","","","","","","","","","","","","","","","","","","",""
"7500a107-dc42-4f33-b39c-c7659812f66f","tHT1_","BR","2","1787","1","1","1","1","false","false","1","1","1","1","false","false","","","","","","","","","","","","","","","","","","","","","","","",""
"0aa343f0-111e-4ae2-be0c-b310e422c0b0","cinnaw","BR","2","1788","","","","","","","2","2","2","2","false","false","","","","","","","","","","","","","","","","","","","","","","","",""
"4cbae655-1800-4d09-9a79-0c077679061b","lealpvp","BR","2","1789","","","","","","","","","","","","","","","","","","","2","2","2","2","false","false","","","","","","","","","","","",""
"32d6a581-6289-46ca-ae8a-abf2db2aed7e","fearnitot","BR","2","1790","","","","","","","2","2","2","2","false","false","","","","","","","","","","","","","","","","","","","","","","","",""
"10cca2f0-c99f-40df-82da-a94b6636910d","sh1iny","BR","2","1791","","","","","","","","","","","","","","","","","","","","","","","","","2","2","2","2","false","false","","","","","",""
"c151ee16-c3a1-49a8-a457-7d7f4c2050ba","SleepyPastel","BR","2","1792","","","","","","","","","","","","","","","","","","","2","2","2","2","false","false","","","","","","","","","","","",""
"ff0864f1-456b-4ec9-b0c0-8c406df0bef5","NegoTela","BR","2","1793","","","","","","","1","1","1","1","false","false","","","","","","","","","","","","","","","","","","","1","1","1","1","false","false"
"1cc77da5-1b89-4a6b-bf91-a5dbb682371c","Anaozitinho","BR","2","1794","","","","","","","","","","","","","","","","","","","2","2","2","2","false","false","","","","","","","","","","","",""
"906e1547-66ea-4b78-8474-56749e860913","MrNeYeN","AR","2","1795","","","","","","","","","","","","","","","","","","","","","","","","","2","2","2","2","false","false","","","","","",""
"4beef26b-b856-422a-bf9e-0908fdd4799b","oazv","BR","2","1796","","","","","","","2","2","2","2","false","false","","","","","","","","","","","","","","","","","","","","","","","",""
"c631d74e-fbc3-4816-8fc5-69ac76f38c13","Ykzinn_HD","BR","2","1797","","","","","","","","","","","","","","","","","","","2","2","2","2","false","false","","","","","","","","","","","",""
"5c2959aa-7617-43c3-8e36-0c44d7f4e439","Aleco_pow","BR","2","1798","","","","","","","2","2","2","2","false","false","","","","","","","","","","","","","","","","","","","","","","","",""
"a8a5366c-e635-4773-9e31-bccfe2ef452f","TideSurf","BR","2","1799","","","","","","","","","","","","","","","","","","","","","","","","","","","","","","","2","2","2","2","false","false"
"4d6bb980-e1e4-42ee-a7f2-03c64d64d148","NinjaDoTrigo","BR","2","1800","","","","","","","","","","","","","","","","","","","","","","","","","2","2","2","2","false","false","","","","","",""
"60e7519a-68b0-4a0f-85d8-7b01db258351","_BlackShot","BR","2","1801","","","","","","","2","2","2","2","false","false","","","","","","","","","","","","","","","","","","","","","","","",""
"1e1c2d82-81f2-4738-88ab-6d43c2e5a1bf","pct_","BR","2","1802","2","2","2","2","false","false","","","","","","","","","","","","","","","","","","","","","","","","","","","","","",""
"557ebc44-375f-4430-9d51-0b8a0036bf10","Ropeddd","BR","2","1803","","","","","","","2","2","2","2","false","false","","","","","","","","","","","","","","","","","","","","","","","",""
"067a3b42-59d5-4857-a354-a1cb34dfe140","LilSanix","BR","2","1804","","","","","","","","","","","","","2","2","2","2","false","false","","","","","","","","","","","","","","","","","",""
"6db72f72-6e11-44bc-af0d-75064ecf6a8f","Dronikki","BR","2","1805","2","2","2","2","false","false","","","","","","","","","","","","","","","","","","","","","","","","","","","","","",""
"03857056-db5a-44a5-95c7-a0635da27061","Lucariogamer10","BR","2","1806","","","","","","","","","","","","","2","2","2","2","false","false","","","","","","","","","","","","","","","","","",""
"b6aa1277-8e02-41ac-ae16-d4c1e0b43146","twixyalsa","BR","2","1807","","","","","","","","","","","","","2","2","2","2","false","false","","","","","","","","","","","","","","","","","",""
"90c5b0e5-8f07-4a0a-9ebe-919ce89ccff3","TheItaliann","BR","2","1808","2","2","2","2","false","false","","","","","","","","","","","","","","","","","","","","","","","","","","","","","",""
"c8e957eb-b016-4fd2-8587-3f379d1cd814","TortuguitaW","BR","2","1809","","","","","","","2","2","2","2","false","false","","","","","","","","","","","","","","","","","","","","","","","",""
"75565e76-ccef-4b13-bf9a-056d933da9ce","skate12qh3","BR","2","1810","","","","","","","","","","","","","2","2","2","2","false","false","","","","","","","","","","","","","","","","","",""
"fc5c7b8a-b9fa-4aa3-9253-1d9c4c314871","THOMASINHO2010","BR","2","1811","2","2","2","2","false","false","","","","","","","","","","","","","","","","","","","","","","","","","","","","","",""
"c3aaf572-27ca-4c52-b8da-5b0763a15875","easywin7","BR","2","1812","2","2","2","2","false","false","","","","","","","","","","","","","","","","","","","","","","","","","","","","","",""
"d402bc6f-6f08-4fc3-8b9e-eff28dac5df4","max_eze","AR","2","1813","2","2","2","2","false","false","","","","","","","","","","","","","","","","","","","","","","","","","","","","","",""
"125cbf90-2f59-4142-8e2f-812de472552a","gustapvp77","BR","2","1814","","","","","","","","","","","","","1","1","1","1","false","false","1","1","1","1","false","false","","","","","","","","","","","",""
"6a7b9602-3e8b-4e41-813e-49d402fb637d","brayan20146","BR","2","1815","","","","","","","1","1","1","1","false","false","","","","","","","1","1","1","1","false","false","","","","","","","","","","","",""
"a4e1e77e-5b09-4fca-a5c7-d77a5e79340e","J4buti","BR","2","1816","2","2","2","2","false","false","","","","","","","","","","","","","","","","","","","","","","","","","","","","","",""
"cece0f1a-f20d-482b-b33d-a54afbc1ec4f","Rip_hnz","BR","2","1817","2","2","2","2","false","false","","","","","","","","","","","","","","","","","","","","","","","","","","","","","",""
"4e5dfd12-3c3d-41b9-878e-8a6cc2cadc19","DupeCone","BR","2","1818","","","","","","","","","","","","","","","","","","","2","2","2","2","false","false","","","","","","","","","","","",""
"6c853594-a4c9-4704-9d53-831a08eab8c8","_ThePow3r","BR","2","1819","","","","","","","2","2","2","2","false","false","","","","","","","","","","","","","","","","","","","","","","","",""
"25dfb39d-08ef-4b0c-968f-73b1e91b5d64","KnoxISme","BR","2","1820","","","","","","","1","1","1","1","false","false","1","1","1","1","false","false","","","","","","","","","","","","","","","","","",""
"ecbc2893-7faa-4469-aeef-61b5412f1fd4","creativeex6","BR","2","1821","","","","","","","2","2","2","2","false","false","","","","","","","","","","","","","","","","","","","","","","","",""
"158464cf-792d-48f0-9034-5f8960b4744b","Hidesquirtle","BR","2","1822","","","","","","","2","2","2","2","false","false","","","","","","","","","","","","","","","","","","","","","","","",""
"5bf71520-4c18-47e0-b335-3d40042f4da9","night_rs","BR","2","1823","","","","","","","2","2","2","2","false","false","","","","","","","","","","","","","","","","","","","","","","","",""
"361ed5b8-d9f3-49c7-bdfd-707d9cad1da6","Cardosooz","BR","2","1824","","","","","","","2","2","2","2","false","false","","","","","","","","","","","","","","","","","","","","","","","",""
"215bac86-edbe-4b26-9fd5-a9fc1bcc5a1e","Nxrvo","CL","2","1825","","","","","","","2","2","2","2","false","false","","","","","","","","","","","","","","","","","","","","","","","",""
"35b4e08f-9764-48da-a45b-9d15c1cd7af2","CenouritoDoce","BR","2","1826","","","","","","","2","2","2","2","false","false","","","","","","","","","","","","","","","","","","","","","","","",""
"b7b2d04e-c537-4964-a8b5-f7b756b8190e","larisinha_hw","BR","2","1827","","","","","","","2","2","2","2","false","false","","","","","","","","","","","","","","","","","","","","","","","",""
"3914f30f-27bc-4c17-a4bd-df256ca809c3","frutinhas","BR","2","1828","","","","","","","2","2","2","2","false","false","","","","","","","","","","","","","","","","","","","","","","","",""
"9e27617c-e22f-4346-af8f-4234b266c6fd","Daviggn","BR","2","1829","","","","","","","1","1","1","1","false","false","1","1","1","1","false","false","","","","","","","","","","","","","","","","","",""
"32355163-e1c9-4b90-95d4-d003a2d5c94b","willianxnz","BR","2","1830","2","2","2","2","false","false","","","","","","","","","","","","","","","","","","","","","","","","","","","","","",""
"a39ebcc2-c4ff-4800-a8f6-65a083c1c80b","Lp7z","BR","2","1831","","","","","","","1","1","1","1","false","false","","","","","","","","","","","","","","","","","","","1","1","1","1","false","false"
"beb71259-21c6-4c20-934d-1070cad1efd0","drDragon_Ruby","BR","2","1832","2","2","2","2","false","false","","","","","","","","","","","","","","","","","","","","","","","","","","","","","",""
"115721e1-d962-43c6-869f-8832cf2d3d8a","ManePapaya","BR","2","1833","","","","","","","2","2","2","2","false","false","","","","","","","","","","","","","","","","","","","","","","","",""
"5fd3a4bc-2923-4a0f-9c13-7346e7c7ffc0","Patol1n0","BR","2","1834","","","","","","","","","","","","","","","","","","","1","1","1","1","false","false","","","","","","","1","1","1","1","false","false"
"975a6bd0-a911-47c8-aa77-186e3312bdb8","Z_________A","BR","2","1835","","","","","","","2","2","2","2","false","false","","","","","","","","","","","","","","","","","","","","","","","",""
"a96d2d3b-ca07-45ed-b832-dea84fa6c28d","32globin","BR","2","1836","","","","","","","2","2","2","2","false","false","","","","","","","","","","","","","","","","","","","","","","","",""
"aaa4a10d-e514-47ed-bad3-8b805917f1d5","Aleczn","BR","2","1837","","","","","","","2","2","2","2","false","false","","","","","","","","","","","","","","","","","","","","","","","",""
"e9622375-bf5d-4b5e-8c25-40b78af374cb","reduzirr","BR","2","1838","","","","","","","2","2","2","2","false","false","","","","","","","","","","","","","","","","","","","","","","","",""
"e6d97d65-1e50-44d5-b5ab-bc496ba52b9d","Fiel9","BR","2","1839","","","","","","","2","2","2","2","false","false","","","","","","","","","","","","","","","","","","","","","","","",""
"5a00ee80-ca25-4c9e-a23d-4da6319f7daf","cx7k","BR","2","1840","","","","","","","2","2","2","2","false","false","","","","","","","","","","","","","","","","","","","","","","","",""
"5b815319-8c09-412d-ae5c-4334de9d9fac","Julinbu","BR","2","1841","","","","","","","","","","","","","","","","","","","2","2","2","2","false","false","","","","","","","","","","","",""
"7faabff7-d980-49cb-8ef0-7c2f5203700e","SpecterFlow","BR","2","1842","","","","","","","","","","","","","","","","","","","2","2","2","2","false","false","","","","","","","","","","","",""
"a19d8b4d-0e78-4152-a93d-20f4ab6329ab","Hebvel","BR","2","1843","","","","","","","2","2","2","2","false","false","","","","","","","","","","","","","","","","","","","","","","","",""
"16c5ada6-c3f1-4722-8bd3-e2c4a4f5da21","Mathew0790","BR","2","1844","","","","","","","2","2","2","2","false","false","","","","","","","","","","","","","","","","","","","","","","","",""
"25ebb78c-2eb4-46f9-a142-f004a15ea0d4","almeidzxs","BR","2","1845","","","","","","","","","","","","","1","1","1","1","false","false","1","1","1","1","false","false","","","","","","","","","","","",""
"364864aa-7462-4126-b482-20cf3ca825bf","ItsFacin1","BR","2","1846","","","","","","","","","","","","","2","2","2","2","false","false","","","","","","","","","","","","","","","","","",""
"cae456e3-9366-44df-8c47-65315a410349","RayoooK7","BR","2","1847","2","2","2","2","false","false","","","","","","","","","","","","","","","","","","","","","","","","","","","","","",""
"bc31f1f3-346a-4f6b-b5bf-fcaa107f2507","thi244","BR","2","1848","2","2","2","2","false","false","","","","","","","","","","","","","","","","","","","","","","","","","","","","","",""
"40d220f0-f006-4c7b-9f66-e504c1ae2d1f","DloX7","BR","1","1849","1","1","1","1","false","false","","","","","","","","","","","","","","","","","","","","","","","","","","","","","",""
"e0acc4d9-bda1-4089-b80b-05df19bc9614","Kahil_","BR","1","1850","1","1","1","1","false","false","","","","","","","","","","","","","","","","","","","","","","","","","","","","","",""
"b08a83f9-3eec-4e09-b59d-35853abe9fb8","xNickoff67","BR","1","1851","1","1","1","1","false","false","","","","","","","","","","","","","","","","","","","","","","","","","","","","","",""
"1c9dd2c7-4a50-4f54-8eff-1dcc03fca901","EduDtaps","BR","1","1852","","","","","","","1","1","1","1","false","false","","","","","","","","","","","","","","","","","","","","","","","",""
"cc50a823-1d75-43a1-a639-16e7a6953e52","xskxkskx","CL","1","1853","1","1","1","1","false","false","","","","","","","","","","","","","","","","","","","","","","","","","","","","","",""
"d773ceaa-9963-420b-a619-ae893bd483b8","Seyruhh","BR","1","1854","","","","","","","","","","","","","1","1","1","1","false","false","","","","","","","","","","","","","","","","","",""
"d36a7b0d-a96b-4ee7-8b68-07cb77937f14","Adamizin","BR","1","1855","1","1","1","1","false","false","","","","","","","","","","","","","","","","","","","","","","","","","","","","","",""
"4f35c9ea-d602-4aff-888d-52fb09c34a7f","m2hcs","BR","1","1856","","","","","","","1","1","1","1","false","false","","","","","","","","","","","","","","","","","","","","","","","",""
"ddc67c03-1ba0-4030-8120-d2c1ca0c9a28","Nexztt","BR","1","1857","","","","","","","1","1","1","1","false","false","","","","","","","","","","","","","","","","","","","","","","","",""
"67a35c11-7e96-4292-8c7a-e31f292ef04e","leonardo_72352","BR","1","1858","1","1","1","1","false","false","","","","","","","","","","","","","","","","","","","","","","","","","","","","","",""
"f1948106-f730-4bac-9036-f484136b282a","MogoManYT","BR","1","1859","1","1","1","1","false","false","","","","","","","","","","","","","","","","","","","","","","","","","","","","","",""
"5591a14e-8d67-47ce-980a-f643d94cde64","StutzVoid","BR","1","1860","1","1","1","1","false","false","","","","","","","","","","","","","","","","","","","","","","","","","","","","","",""
"e0929d8f-1c4e-49b5-8520-f930331c78b0","R0naldoXD","BR","1","1861","1","1","1","1","false","false","","","","","","","","","","","","","","","","","","","","","","","","","","","","","",""
"65c591f5-ef8a-405e-ab9d-c1a04127ade5","zL7CAS","BR","1","1862","1","1","1","1","false","false","","","","","","","","","","","","","","","","","","","","","","","","","","","","","",""
"e73c5352-e5f8-43f1-9aff-d491cd268132","KekeDu418","BR","1","1863","1","1","1","1","false","false","","","","","","","","","","","","","","","","","","","","","","","","","","","","","",""
"f3f17306-8f2b-4f55-b420-dfc552601689","Mentlu7Africano","BR","1","1864","1","1","1","1","false","false","","","","","","","","","","","","","","","","","","","","","","","","","","","","","",""
"00b0943a-e4da-4256-8684-afbcb5b9315b","kzz7_","BR","1","1865","1","1","1","1","false","false","","","","","","","","","","","","","","","","","","","","","","","","","","","","","",""
"07d28a3b-8d33-4cfc-a1b9-01a090bcfdec","blackny","BR","1","1866","1","1","1","1","false","false","","","","","","","","","","","","","","","","","","","","","","","","","","","","","",""
"069d55a6-f058-4378-90d0-e2b1efaded0c","DaleoGG","BR","1","1867","1","1","1","1","false","false","","","","","","","","","","","","","","","","","","","","","","","","","","","","","",""
"79db5981-e73e-44f3-945a-2720a0a2690c","lc_meliodas","BR","1","1868","1","1","1","1","false","false","","","","","","","","","","","","","","","","","","","","","","","","","","","","","",""
"c96e4a88-5b89-4392-a8e2-db20ebe24d49","mxtheus7_","BR","1","1869","1","1","1","1","false","false","","","","","","","","","","","","","","","","","","","","","","","","","","","","","",""
"b7124567-d4a9-4a59-a942-960f1c3429d6","Ildavidil","BR","1","1870","1","1","1","1","false","false","","","","","","","","","","","","","","","","","","","","","","","","","","","","","",""
"41a1d808-c011-49e7-b1a7-7658f40251e5","Akkne","BR","1","1871","1","1","1","1","false","false","","","","","","","","","","","","","","","","","","","","","","","","","","","","","",""
"ea5b1437-5729-4fdc-9d82-12f7153e95c5","AinPapito","BR","1","1872","1","1","1","1","false","false","","","","","","","","","","","","","","","","","","","","","","","","","","","","","",""
"647c05d9-f954-4174-8c87-7b7a68f98187","TheusReal","BR","1","1873","1","1","1","1","false","false","","","","","","","","","","","","","","","","","","","","","","","","","","","","","",""
"0bddb162-8afc-44f6-82eb-2fc3ae75e802","john_pork7","BR","1","1874","1","1","1","1","false","false","","","","","","","","","","","","","","","","","","","","","","","","","","","","","",""
"9a2e4548-0f10-49e9-a5d4-c2c872d707fb","sKYtizBr","BR","1","1875","1","1","1","1","false","false","","","","","","","","","","","","","","","","","","","","","","","","","","","","","",""
"5f869369-7db0-43ae-bf08-adc39db55641","NyxTryAgain","BR","1","1876","1","1","1","1","false","false","","","","","","","","","","","","","","","","","","","","","","","","","","","","","",""
"b26cb228-5490-45ee-97fa-6ef6bf8b56ad","sgarth","BR","1","1877","1","1","1","1","false","false","","","","","","","","","","","","","","","","","","","","","","","","","","","","","",""
"c8a28966-7c42-4abc-8c78-2b259ff98e80","yugioh_M","BR","1","1878","","","","","","","1","1","1","1","false","false","","","","","","","","","","","","","","","","","","","","","","","",""
"b0109af6-917f-4ba4-aafc-87733cd96a6e","Clollbit","BR","1","1879","","","","","","","1","1","1","1","false","false","","","","","","","","","","","","","","","","","","","","","","","",""
"414e9697-eaf0-4207-91de-049258a9edc5","Capureko","BR","1","1880","1","1","1","1","false","false","","","","","","","","","","","","","","","","","","","","","","","","","","","","","",""
"a653a0b5-5d04-4c4d-8d8f-280df72bf5f2","maike2208","BR","1","1881","1","1","1","1","false","false","","","","","","","","","","","","","","","","","","","","","","","","","","","","","",""
"0b16ba9b-9276-4382-8892-a9b7fa48b4d6","Samurai2452","BR","1","1882","1","1","1","1","false","false","","","","","","","","","","","","","","","","","","","","","","","","","","","","","",""
"b42cdc71-6f9f-479e-bcd3-c90a2ad85339","Thigas_17","BR","1","1883","","","","","","","1","1","1","1","false","false","","","","","","","","","","","","","","","","","","","","","","","",""
"15c82c09-ed78-4982-8a99-ca51197750d6","Z0zu","BR","1","1884","1","1","1","1","false","false","","","","","","","","","","","","","","","","","","","","","","","","","","","","","",""
"d5db1b24-2e4a-4777-b2ea-5b901738559b","PrimeZay","BR","1","1885","1","1","1","1","false","false","","","","","","","","","","","","","","","","","","","","","","","","","","","","","",""
"c4d982d6-cd8a-4d3c-a0a6-bb38e2ba6a62","XxmatecompagexX","BR","1","1886","1","1","1","1","false","false","","","","","","","","","","","","","","","","","","","","","","","","","","","","","",""
"34d73742-26c8-419b-bb1a-646a5c1a754c","MakiZeninGG_","BR","1","1887","1","1","1","1","false","false","","","","","","","","","","","","","","","","","","","","","","","","","","","","","",""
"5a1f1ce6-6162-48ab-a5be-1bb48a0f3a49","R4TA_xd","BR","1","1888","1","1","1","1","false","false","","","","","","","","","","","","","","","","","","","","","","","","","","","","","",""
"3ac97b5b-ddfe-4316-9d46-2b25e2ad4549","T3SLAplayer","BR","1","1889","1","1","1","1","false","false","","","","","","","","","","","","","","","","","","","","","","","","","","","","","",""
"1ba79288-c19d-4e35-b826-00b2244e201d","Enrilatios","BR","1","1890","","","","","","","1","1","1","1","false","false","","","","","","","","","","","","","","","","","","","","","","","",""
"b71cf988-91a8-4857-a5a3-56b3a7a49124","CapuscaAuto","BR","1","1891","1","1","1","1","false","false","","","","","","","","","","","","","","","","","","","","","","","","","","","","","",""
"0497e7c5-3dc2-4867-9235-d2d8683e237c","Bii__DOEY","BR","1","1892","1","1","1","1","false","false","","","","","","","","","","","","","","","","","","","","","","","","","","","","","",""
"71acd62a-443d-4d6b-97f2-48d3bfd8f55f","solivago","BR","1","1893","1","1","1","1","false","false","","","","","","","","","","","","","","","","","","","","","","","","","","","","","",""
"2133f480-0400-4904-9e7a-a5f5a537045e","zilightBrXz","BR","1","1894","","","","","","","1","1","1","1","false","false","","","","","","","","","","","","","","","","","","","","","","","",""
"73712105-9eb9-4e75-865a-378650d3e138","_Prdox_","BR","1","1895","1","1","1","1","false","false","","","","","","","","","","","","","","","","","","","","","","","","","","","","","",""
"5f8dacd4-46e8-450b-8407-57f48f2dbf9b","9lilli","BR","1","1896","1","1","1","1","false","false","","","","","","","","","","","","","","","","","","","","","","","","","","","","","",""
"28cb8c54-fac8-4b39-946f-a861363a5b11","Vyntrax99","BR","1","1897","1","1","1","1","false","false","","","","","","","","","","","","","","","","","","","","","","","","","","","","","",""
"24d5ce4a-2b1b-4d2d-ae3e-6213c2f6f03d","faithzao","BR","1","1898","1","1","1","1","false","false","","","","","","","","","","","","","","","","","","","","","","","","","","","","","",""
"e93b3c1e-b8fa-4c67-a136-a82f92f27ef2","Bielz7z","BR","1","1899","1","1","1","1","false","false","","","","","","","","","","","","","","","","","","","","","","","","","","","","","",""
"25e51355-867a-4fca-8741-af0f1d52775b","iceAnchor","BR","1","1900","1","1","1","1","false","false","","","","","","","","","","","","","","","","","","","","","","","","","","","","","",""
"620d1ea1-01b2-4812-9dcb-9d0c8ee37267","tk_yagas","BR","1","1901","1","1","1","1","false","false","","","","","","","","","","","","","","","","","","","","","","","","","","","","","",""
"8cc89a25-5a97-4a0a-ab19-897e282984a8","Bun_210","BR","1","1902","1","1","1","1","false","false","","","","","","","","","","","","","","","","","","","","","","","","","","","","","",""
"4de827b6-d0fd-4630-9318-4f92d5193602","mn_nc","BR","1","1903","1","1","1","1","false","false","","","","","","","","","","","","","","","","","","","","","","","","","","","","","",""
"c670cde3-97ba-46b8-981f-de93ece69dca","Sh0rai","BR","1","1904","1","1","1","1","false","false","","","","","","","","","","","","","","","","","","","","","","","","","","","","","",""
"8ab268ac-c8c4-4e12-a31e-df914540cd43","Agedlotus42","BR","1","1905","","","","","","","","","","","","","1","1","1","1","false","false","","","","","","","","","","","","","","","","","",""
"ca0e61a2-ef3b-45b7-9edf-dd0f24950f33","Vitinho1v9","BR","1","1906","1","1","1","1","false","false","","","","","","","","","","","","","","","","","","","","","","","","","","","","","",""
"4f0c5001-8841-4bf3-846d-c33b2cf9e295","TTKFelpsGG","BR","1","1907","1","1","1","1","false","false","","","","","","","","","","","","","","","","","","","","","","","","","","","","","",""
"35f3bfd1-da5c-460d-a49c-30b4024db587","KhainguO7","BR","1","1908","1","1","1","1","false","false","","","","","","","","","","","","","","","","","","","","","","","","","","","","","",""
"e078c4bb-7163-464b-b98b-b58f8a77aefa","AuraMen","BR","1","1909","","","","","","","1","1","1","1","false","false","","","","","","","","","","","","","","","","","","","","","","","",""
"924cade1-2475-40a1-96c5-e2e54ec9c450","Moonlyteee","BR","1","1910","","","","","","","","","","","","","","","","","","","1","1","1","1","false","false","","","","","","","","","","","",""
"166b93e9-9ef2-41de-b857-3f0e2bf60ff1","ThiagoSGV23","BR","1","1911","1","1","1","1","false","false","","","","","","","","","","","","","","","","","","","","","","","","","","","","","",""
"b14d2faf-46b1-427d-a931-6f12e04da037","4gunz","BR","1","1912","","","","","","","","","","","","","","","","","","","1","1","1","1","false","false","","","","","","","","","","","",""
"3e159953-0c85-4cbc-9028-5fdf6cef3305","cebolas12234","BR","1","1913","1","1","1","1","false","false","","","","","","","","","","","","","","","","","","","","","","","","","","","","","",""
"1e21da40-adcb-4f98-9860-1d9bf0d5f53e","dripgtr","BR","1","1914","","","","","","","1","1","1","1","false","false","","","","","","","","","","","","","","","","","","","","","","","",""
"2abfebd9-d3cc-4858-a4da-20edd3171a5d","SA7__1","BR","1","1915","1","1","1","1","false","false","","","","","","","","","","","","","","","","","","","","","","","","","","","","","",""
"5469b9ee-c0e4-4827-99a7-d1719d5c780c","ronaldinhu","BR","1","1916","","","","","","","","","","","","","","","","","","","","","","","","","","","","","","","1","1","1","1","false","false"
"5352583b-1126-4be1-a03a-7dea44c997d0","boloquente","BR","1","1917","","","","","","","","","","","","","","","","","","","","","","","","","","","","","","","1","1","1","1","false","false"
"beafde30-1ef1-4dd8-a0d7-8ab78cc215bf","xyznoon","BR","1","1918","","","","","","","","","","","","","1","1","1","1","false","false","","","","","","","","","","","","","","","","","",""
"f6149a55-2a4f-40d6-95f7-5b0c68d66f52","tigre11111111111","BR","1","1919","1","1","1","1","false","false","","","","","","","","","","","","","","","","","","","","","","","","","","","","","",""
"9441896e-36df-41b9-a075-01cfba52739c","Dvn312","BR","1","1920","","","","","","","","","","","","","","","","","","","1","1","1","1","false","false","","","","","","","","","","","",""
"82be9ecc-760f-46c0-bd62-12518b29a629","Lilyth_trash","BR","1","1921","1","1","1","1","false","false","","","","","","","","","","","","","","","","","","","","","","","","","","","","","",""
"67094745-1d6b-4f72-917f-52dcaf7404e4","2y0z","BR","1","1922","1","1","1","1","false","false","","","","","","","","","","","","","","","","","","","","","","","","","","","","","",""
"70331088-fa8c-4d9a-8f63-78233e33fbc3","Soulsk_","BR","1","1923","1","1","1","1","false","false","","","","","","","","","","","","","","","","","","","","","","","","","","","","","",""
"c7aeaec6-ca55-4169-b8ca-71c3bbe3767c","PedroBrugger","BR","1","1924","1","1","1","1","false","false","","","","","","","","","","","","","","","","","","","","","","","","","","","","","",""
"1ca2630a-49c0-4fd3-8435-a29cbf93d2a4","aleatoriobw_","BR","1","1925","1","1","1","1","false","false","","","","","","","","","","","","","","","","","","","","","","","","","","","","","",""
"ba319b87-5061-4688-99dd-a75abbfe9b9a","zopc_","BR","1","1926","","","","","","","","","","","","","1","1","1","1","false","false","","","","","","","","","","","","","","","","","",""
"e68bafb5-e308-4f18-9366-b04225930673","KnyXd_","BR","1","1927","1","1","1","1","false","false","","","","","","","","","","","","","","","","","","","","","","","","","","","","","",""
"b88c2735-d3ec-42db-8b50-60a617b2d00d","Boom_007","BR","1","1928","","","","","","","","","","","","","","","","","","","","","","","","","","","","","","","1","1","1","1","false","false"
"71921135-2524-41c0-91f7-0acd280c07f8","zR4malho","BR","1","1929","","","","","","","1","1","1","1","false","false","","","","","","","","","","","","","","","","","","","","","","","",""
"32f14477-7a0b-4e5e-a268-d41c8faf9f05","_Kaua_N","BR","1","1930","1","1","1","1","false","false","","","","","","","","","","","","","","","","","","","","","","","","","","","","","",""
"8991a5aa-abd5-487e-baa0-82ea8470877c","pdxo","BR","1","1931","","","","","","","1","1","1","1","false","false","","","","","","","","","","","","","","","","","","","","","","","",""
"20dfbfa5-cd2f-4531-90f9-1bc064e484c4","uservelocity","BR","1","1932","1","1","1","1","false","false","","","","","","","","","","","","","","","","","","","","","","","","","","","","","",""
"3e1bdba7-0663-428b-9608-13a3d3b390c9","icezzx7","BR","1","1933","1","1","1","1","false","false","","","","","","","","","","","","","","","","","","","","","","","","","","","","","",""
"5221b0b8-c3ea-4cc1-bd49-69d324686712","MrBot14","UY","1","1934","","","","","","","","","","","","","1","1","1","1","false","false","","","","","","","","","","","","","","","","","",""
"59813b77-429d-4ac7-8885-6bd74d4a3b1b","978x","BR","1","1935","1","1","1","1","false","false","","","","","","","","","","","","","","","","","","","","","","","","","","","","","",""
"e3eb2089-4355-4d86-84d2-003a44f336a2","Luper","BR","1","1936","1","1","1","1","false","false","","","","","","","","","","","","","","","","","","","","","","","","","","","","","",""
"4b22eadc-242c-411d-b3f8-6e0ff0d4afa6","ruhtrakyo","BR","1","1937","","","","","","","","","","","","","","","","","","","","","","","","","","","","","","","1","1","1","1","false","false"
"d5c2b702-bd00-4d94-95a1-0e0f54844d2a","Alkatrazv2","BR","1","1938","1","1","1","1","false","false","","","","","","","","","","","","","","","","","","","","","","","","","","","","","",""
"62a9c104-4846-4f34-b291-4897c3d424d1","DaviTDS2106","BR","1","1939","","","","","","","","","","","","","","","","","","","","","","","","","","","","","","","1","1","1","1","false","false"
"90fbca6b-9317-4f8c-b40b-0bc4ac42f2d3","LyPxx","BR","1","1940","","","","","","","","","","","","","","","","","","","","","","","","","","","","","","","1","1","1","1","false","false"
"50735402-e750-4baf-a335-7677294b5e5e","Type_Found_Null","BR","1","1941","","","","","","","","","","","","","1","1","1","1","false","false","","","","","","","","","","","","","","","","","",""
"66e64b5b-230d-417c-a0a8-4897650352ed","gual4","BR","1","1942","","","","","","","1","1","1","1","false","false","","","","","","","","","","","","","","","","","","","","","","","",""
"3709943b-7408-4412-b035-f9bc648e755b","ZENIMLAG","BR","1","1943","","","","","","","","","","","","","","","","","","","","","","","","","","","","","","","1","1","1","1","false","false"
"87e2a348-45e3-44f5-b75b-6c2bf6b024e9","Sv2Claw2r6","BR","1","1944","1","1","1","1","false","false","","","","","","","","","","","","","","","","","","","","","","","","","","","","","",""
"59b55dec-4b78-4060-8030-98c20318cb22","__martinelli","BR","1","1945","1","1","1","1","false","false","","","","","","","","","","","","","","","","","","","","","","","","","","","","","",""
"ad9ca13a-8d51-4620-b396-733dc2b70ac8","Dakota_Rezek","BR","1","1946","1","1","1","1","false","false","","","","","","","","","","","","","","","","","","","","","","","","","","","","","",""
"2c19c2d3-ffed-4908-830d-7b97adad7d23","zD4rkIsPrime","BR","1","1947","","","","","","","1","1","1","1","false","false","","","","","","","","","","","","","","","","","","","","","","","",""
"4cd0f23e-80d6-4cbf-8f29-084eb167d336","Jvpro17","BR","1","1948","1","1","1","1","false","false","","","","","","","","","","","","","","","","","","","","","","","","","","","","","",""
"f6991510-64c2-4da4-bc4f-244bc6e289c3","cem1337_hZ4PnfEb","BR","1","1949","","","","","","","1","1","1","1","false","false","","","","","","","","","","","","","","","","","","","","","","","",""
"ea7c3176-e663-41d7-b8f5-f8c8f2e054c5","josevaldocapa","BR","1","1950","1","1","1","1","false","false","","","","","","","","","","","","","","","","","","","","","","","","","","","","","",""
"6c33b321-1810-4694-b760-349cf11bb9b3","PaceGRS","BR","1","1951","","","","","","","1","1","1","1","false","false","","","","","","","","","","","","","","","","","","","","","","","",""
"bb8392fb-ef23-42fe-adb1-757b31326a7b","OBS2","BR","1","1952","1","1","1","1","false","false","","","","","","","","","","","","","","","","","","","","","","","","","","","","","",""
"d9538f8c-d869-4339-a0f2-f4c0d2997354","Mxnteiga","BR","1","1953","","","","","","","1","1","1","1","false","false","","","","","","","","","","","","","","","","","","","","","","","",""
"12fb856c-32a7-4d06-8032-8d201f2232ca","zenyum3D","BR","1","1954","","","","","","","1","1","1","1","false","false","","","","","","","","","","","","","","","","","","","","","","","",""
"ef838c09-fb15-4ea2-9324-5eb950f5756b","leleos0070","BR","1","1955","1","1","1","1","false","false","","","","","","","","","","","","","","","","","","","","","","","","","","","","","",""
"79ad8ef3-6372-47b7-926e-6cca70c651fd","Sv2SxH4TvDL6VSv2","BR","1","1956","1","1","1","1","false","false","","","","","","","","","","","","","","","","","","","","","","","","","","","","","",""
"92cefc72-fccb-45c3-9ab4-f5b23feb8926","yN_nq","BR","1","1957","1","1","1","1","false","false","","","","","","","","","","","","","","","","","","","","","","","","","","","","","",""
"b652e338-434c-4386-8489-8fc3bcd2e93d","Ahm4d02","BR","1","1958","1","1","1","1","false","false","","","","","","","","","","","","","","","","","","","","","","","","","","","","","",""
"7c22aa8b-4a27-4475-89d0-c5de4a608db5","jotavHollow","BR","1","1959","1","1","1","1","false","false","","","","","","","","","","","","","","","","","","","","","","","","","","","","","",""
"51b631d2-8fa5-4144-86e9-7e5cf59fd770","bianchinquis","BR","1","1960","","","","","","","1","1","1","1","false","false","","","","","","","","","","","","","","","","","","","","","","","",""
"29cd8c1a-d163-4b64-ba18-1608b2dbe549","anjofutil","BR","1","1961","","","","","","","1","1","1","1","false","false","","","","","","","","","","","","","","","","","","","","","","","",""
"3de49d0d-c90c-485c-b825-c028b525684a","Zeans_","BR","1","1962","","","","","","","1","1","1","1","false","false","","","","","","","","","","","","","","","","","","","","","","","",""
"e638700c-0093-41fc-a71f-4c590446e83c","MiguelInacioSB","BR","1","1963","1","1","1","1","false","false","","","","","","","","","","","","","","","","","","","","","","","","","","","","","",""
"20cc045b-4163-4845-b0ff-910bfb511605","DiamonD8897_","BR","1","1964","","","","","","","1","1","1","1","false","false","","","","","","","","","","","","","","","","","","","","","","","",""
"bdc9ae1b-f046-457f-b6cc-5f988dc0d385","RelAyanaml","BR","1","1965","","","","","","","1","1","1","1","false","false","","","","","","","","","","","","","","","","","","","","","","","",""
"e8348ce4-25c6-4b58-a0f8-57865bff2f2a","paraisogamer140","BR","1","1966","","","","","","","1","1","1","1","false","false","","","","","","","","","","","","","","","","","","","","","","","",""
"cc5b3600-26cb-4827-bf37-41e696131a76","avisem","BR","1","1967","","","","","","","1","1","1","1","false","false","","","","","","","","","","","","","","","","","","","","","","","",""
"70aafc6f-2267-4add-92a8-1a57b68fb111","rs89","BR","1","1968","1","1","1","1","false","false","","","","","","","","","","","","","","","","","","","","","","","","","","","","","",""
"da0592d7-f0dd-4f8c-902c-07261560c659","diasxrz00","BR","1","1969","","","","","","","","","","","","","1","1","1","1","false","false","","","","","","","","","","","","","","","","","",""
"ceb7fef6-9b78-4911-b678-0a946ecf485f","oiTechs_","BR","1","1970","","","","","","","","","","","","","1","1","1","1","false","false","","","","","","","","","","","","","","","","","",""
"589d088b-aa8e-4f80-9446-ab3cd3a9b811","Redblxxdd","BR","1","1971","1","1","1","1","false","false","","","","","","","","","","","","","","","","","","","","","","","","","","","","","",""
"46621684-6ac0-42c7-bbe2-ca41584eccc4","BOLOLOCA_LOKI","BR","1","1972","1","1","1","1","false","false","","","","","","","","","","","","","","","","","","","","","","","","","","","","","",""
"45d21158-70ea-4400-92aa-99c54a16238a","fnzzin","BR","1","1973","1","1","1","1","false","false","","","","","","","","","","","","","","","","","","","","","","","","","","","","","",""
"d236ba7f-a189-4aaa-b228-3b3fab6cf97f","Drenam","BR","1","1974","","","","","","","","","","","","","1","1","1","1","false","false","","","","","","","","","","","","","","","","","",""
"bf3c7154-ff67-4cd5-bf34-aaa24bd2cb1f","HugoLessa","BR","1","1975","","","","","","","","","","","","","","","","","","","","","","","","","","","","","","","1","1","1","1","false","false"
"8a481407-6720-4b7c-85a0-5f3a82b6c542","kirannx","BR","1","1976","","","","","","","1","1","1","1","false","false","","","","","","","","","","","","","","","","","","","","","","","",""
"799eb23d-41c3-4206-93af-b13d9b4fe00f","CustomCactus155","BR","1","1977","1","1","1","1","false","false","","","","","","","","","","","","","","","","","","","","","","","","","","","","","",""
"d3d800e0-1b96-405c-aa28-b3e77ad4190a","thszx","PY","1","1978","1","1","1","1","false","false","","","","","","","","","","","","","","","","","","","","","","","","","","","","","",""
"c49c8035-8bf6-45a1-902f-ff78c4213db5","bolach4x","BR","1","1979","","","","","","","","","","","","","","","","","","","","","","","","","","","","","","","1","1","1","1","false","false"
"5de22082-4ef0-4f9f-9356-c2a845c53a3b","BalloonBubble70","BR","1","1980","","","","","","","1","1","1","1","false","false","","","","","","","","","","","","","","","","","","","","","","","",""
"aea55777-8ca5-4380-bc3e-01077eb31d3e","MVP_CAPIVARA","BR","1","1981","","","","","","","1","1","1","1","false","false","","","","","","","","","","","","","","","","","","","","","","","",""
"46d07e86-f9da-41ad-a11b-6761b5e4d229","DyegoRuimdepvp","BR","1","1982","","","","","","","1","1","1","1","false","false","","","","","","","","","","","","","","","","","","","","","","","",""
"58296fbc-2ac2-4687-a563-29754c7a8c6d","OVierr_","BR","1","1983","","","","","","","1","1","1","1","false","false","","","","","","","","","","","","","","","","","","","","","","","",""
"514650ec-fdb8-4b06-bd46-e2525217408e","fratahg","BR","1","1984","","","","","","","1","1","1","1","false","false","","","","","","","","","","","","","","","","","","","","","","","",""
"8f0230ca-d392-4e09-8f78-51d320c07599","cosmooooo7777","BR","1","1985","","","","","","","1","1","1","1","false","false","","","","","","","","","","","","","","","","","","","","","","","",""
"b26f75f2-5dde-4ac9-b470-b7f3e620c777","caramelospike","BR","1","1986","","","","","","","1","1","1","1","false","false","","","","","","","","","","","","","","","","","","","","","","","",""
"41f5e9b1-7fe7-4818-aaca-b805744be8a1","Ruivokkj_","BR","1","1987","","","","","","","1","1","1","1","false","false","","","","","","","","","","","","","","","","","","","","","","","",""
"cd32c895-d149-4391-b88b-b542cc5b396f","gAzzinn","BR","1","1988","","","","","","","1","1","1","1","false","false","","","","","","","","","","","","","","","","","","","","","","","",""
"934c4a6f-ac84-4458-8665-5ee5bf8099b7","SecondEcHo04","BR","1","1989","","","","","","","1","1","1","1","false","false","","","","","","","","","","","","","","","","","","","","","","","",""
"45b29537-2702-4ae8-a40a-3c676f9b3977","Davizzinn1289","BR","1","1990","","","","","","","1","1","1","1","false","false","","","","","","","","","","","","","","","","","","","","","","","",""
"1719d147-ca61-4dba-a28c-f7eac11a9b4f","Hugooo_Br","BR","1","1991","","","","","","","","","","","","","","","","","","","1","1","1","1","false","false","","","","","","","","","","","",""
"27b04eaf-54b6-4746-879e-fb7f3cd2e425","iDrex_","BR","1","1992","","","","","","","1","1","1","1","false","false","","","","","","","","","","","","","","","","","","","","","","","",""
"58960f1b-56ef-4030-8bb0-94cfb6d15f48","SillyRattata","BR","1","1993","","","","","","","1","1","1","1","false","false","","","","","","","","","","","","","","","","","","","","","","","",""
"2afb04d9-a196-4874-a91e-a42c1067f17b","Sulikataa","BR","1","1994","","","","","","","1","1","1","1","false","false","","","","","","","","","","","","","","","","","","","","","","","",""
"87fd314a-1d90-4c05-8302-86bb3c884d6a","DrayvenXz","BR","1","1995","","","","","","","1","1","1","1","false","false","","","","","","","","","","","","","","","","","","","","","","","",""
"68ad3480-dc5d-4f6d-a7a3-e8bfb50633ee","swatyyz","BR","1","1996","","","","","","","1","1","1","1","false","false","","","","","","","","","","","","","","","","","","","","","","","",""
"6b9c0cf6-e2aa-4197-a1b2-4ff400e706d5","Fatality404","BR","1","1997","","","","","","","1","1","1","1","false","false","","","","","","","","","","","","","","","","","","","","","","","",""
"8f172b10-dbf3-4ff1-81be-852b05d5a565","rafaelsmiojo","BR","1","1998","","","","","","","1","1","1","1","false","false","","","","","","","","","","","","","","","","","","","","","","","",""
"b608bea3-1666-4fe0-898c-e365f9b0d247","c12aracteres","BR","1","1999","","","","","","","","","","","","","","","","","","","1","1","1","1","false","false","","","","","","","","","","","",""
"93c6c452-5509-4351-978f-0a3d9c699459","RayMtFEIO","BR","1","2000","","","","","","","1","1","1","1","false","false","","","","","","","","","","","","","","","","","","","","","","","",""
"3698f6c3-c5e3-4577-8633-b159479e5351","zpatoo1","BR","1","2001","","","","","","","","","","","","","1","1","1","1","false","false","","","","","","","","","","","","","","","","","",""
"bc9819bb-1c40-4d26-96ed-1ca04401ac80","loveyouM","BR","1","2002","1","1","1","1","false","false","","","","","","","","","","","","","","","","","","","","","","","","","","","","","",""
"e5f943df-726c-457d-9984-5b00179b164f","SnowGG__","BR","1","2003","","","","","","","","","","","","","","","","","","","1","1","1","1","false","false","","","","","","","","","","","",""
"56cc675a-6162-45c2-962c-7515030a6d8f","DjTizora2","BR","1","2004","","","","","","","1","1","1","1","false","false","","","","","","","","","","","","","","","","","","","","","","","",""
"e9008e0e-4f55-4f8c-bdb8-4ab9ff794a71","Kargodzz","BR","1","2005","","","","","","","1","1","1","1","false","false","","","","","","","","","","","","","","","","","","","","","","","",""
"66f038bd-9d89-4938-9d8d-72d76c2f8f42","senekcrazy","BR","1","2006","","","","","","","","","","","","","","","","","","","1","1","1","1","false","false","","","","","","","","","","","",""
"e6372b24-cd6e-4eb9-933b-9852a5260904","yeap_thatsme","BR","1","2007","1","1","1","1","false","false","","","","","","","","","","","","","","","","","","","","","","","","","","","","","",""
"9f83bceb-d806-40b3-940e-29ab5eba177e","amassalt1","BR","1","2008","","","","","","","","","","","","","","","","","","","1","1","1","1","false","false","","","","","","","","","","","",""
"17c65823-1b79-4af7-9ce8-de4d313cf682","Yumikomeji","BR","1","2009","","","","","","","","","","","","","","","","","","","1","1","1","1","false","false","","","","","","","","","","","",""
"44f9878a-58ec-487b-a4be-fce2d105cf07","_bruxo","BR","1","2010","","","","","","","1","1","1","1","false","false","","","","","","","","","","","","","","","","","","","","","","","",""
"feba9fdc-0f78-423b-a33a-80e44496256f","kx_kaua","BR","1","2011","","","","","","","1","1","1","1","false","false","","","","","","","","","","","","","","","","","","","","","","","",""
"ef271611-4422-424e-8436-3da222a991b5","hdzin1","BR","1","2012","","","","","","","1","1","1","1","false","false","","","","","","","","","","","","","","","","","","","","","","","",""
"542c487b-cdbd-49a1-91e5-eb533114b1b0","JasonXV","BR","1","2013","","","","","","","1","1","1","1","false","false","","","","","","","","","","","","","","","","","","","","","","","",""
"342f03e4-7764-42f7-84f6-94a5b2575280","AntesIsLegit","BR","1","2014","","","","","","","1","1","1","1","false","false","","","","","","","","","","","","","","","","","","","","","","","",""
"c4575d71-70c3-4d41-9f40-b48368984cda","stmwant","BR","1","2015","","","","","","","","","","","","","","","","","","","1","1","1","1","false","false","","","","","","","","","","","",""
"150e0f74-b254-4fee-a2aa-677719814003","Zues9","BR","1","2016","","","","","","","","","","","","","","","","","","","","","","","","","","","","","","","1","1","1","1","false","false"
"433cd1c5-0c49-4690-9ddf-71a89ee5db73","Carnifenix","CL","1","2017","","","","","","","1","1","1","1","false","false","","","","","","","","","","","","","","","","","","","","","","","",""
"57b40750-2f8e-4504-9def-523d39fde7a1","simplifiquei","BR","1","2018","","","","","","","1","1","1","1","false","false","","","","","","","","","","","","","","","","","","","","","","","",""
"1608ce7b-a92f-429e-ac38-59ea59b8cf57","CutiePieNezuko","BR","1","2019","","","","","","","","","","","","","","","","","","","1","1","1","1","false","false","","","","","","","","","","","",""
"8ff50dd9-0925-473e-9e37-9726265ea1d3","bryandudurugudei","BR","1","2020","","","","","","","","","","","","","","","","","","","1","1","1","1","false","false","","","","","","","","","","","",""
"e81430b8-cd57-44be-8717-0e92ab38c5ff","Sagazllk","BR","1","2021","","","","","","","1","1","1","1","false","false","","","","","","","","","","","","","","","","","","","","","","","",""
"aaa73e14-8ffd-4ddb-bdc8-90a08c98c25d","ECA_trovao","BR","1","2022","","","","","","","","","","","","","","","","","","","1","1","1","1","false","false","","","","","","","","","","","",""
"d298cfef-b4d4-4687-9eb1-6a5af5687be5","SkayXP","BR","1","2023","","","","","","","1","1","1","1","false","false","","","","","","","","","","","","","","","","","","","","","","","",""
"b288bd76-ff43-4cc2-b191-358ed7e08371","ImCacau","BR","1","2024","","","","","","","1","1","1","1","false","false","","","","","","","","","","","","","","","","","","","","","","","",""
"899e88b2-92a4-4b35-b7b3-fd19c1c94f3c","Cairork","BR","1","2025","","","","","","","1","1","1","1","false","false","","","","","","","","","","","","","","","","","","","","","","","",""
"a30dbcf5-c979-4537-8395-228e31347201","Raf4zzzx","BR","1","2026","","","","","","","","","","","","","","","","","","","1","1","1","1","false","false","","","","","","","","","","","",""
"1f0ea77d-30ee-4536-8d99-05a4bc77734e","DirtDy","BR","1","2027","","","","","","","1","1","1","1","false","false","","","","","","","","","","","","","","","","","","","","","","","",""
"0997f34a-9139-480b-8013-5288a64a1fee","sapo5367","BR","1","2028","","","","","","","","","","","","","1","1","1","1","false","false","","","","","","","","","","","","","","","","","",""
"7635e39a-95f7-46f2-836d-46a968a80976","OMako_","BR","1","2029","","","","","","","1","1","1","1","false","false","","","","","","","","","","","","","","","","","","","","","","","",""
"89cb7aa7-193d-49ed-9b12-b76d203b24e3","Bluezin124","BR","1","2030","","","","","","","","","","","","","","","","","","","1","1","1","1","false","false","","","","","","","","","","","",""
"57198572-cb74-4675-b401-cecd3bb3a2f5","EoAspect","BR","1","2031","","","","","","","","","","","","","","","","","","","1","1","1","1","false","false","","","","","","","","","","","",""
"fc7a5751-f77f-40c5-b32b-7c53379ae47e","KayoGG7","BR","1","2032","1","1","1","1","false","false","","","","","","","","","","","","","","","","","","","","","","","","","","","","","",""
"8a3d0e2d-df94-4c7e-9962-7e4ee49400dc","PeidoDeVelha001","BR","1","2033","1","1","1","1","false","false","","","","","","","","","","","","","","","","","","","","","","","","","","","","","",""
"02c2d7a3-050b-4658-906b-81dd74114846","NightGoldOFC","BR","1","2034","1","1","1","1","false","false","","","","","","","","","","","","","","","","","","","","","","","","","","","","","",""
"7a322d39-618d-4f52-b93f-9bbaeb270d46","Orochi07_","BR","1","2035","","","","","","","","","","","","","1","1","1","1","false","false","","","","","","","","","","","","","","","","","",""
"80542cf2-61b0-4326-b8cf-f19bebd3a75e","foxdopvp_","BR","1","2036","","","","","","","1","1","1","1","false","false","","","","","","","","","","","","","","","","","","","","","","","",""
"aa422601-4e36-4107-a8cb-cf316f717d18","Dzn7Goated","BR","1","2037","","","","","","","1","1","1","1","false","false","","","","","","","","","","","","","","","","","","","","","","","",""
"d7e6733b-1623-4ae3-8c68-28939ed2521f","w3nnd1n","BR","1","2038","1","1","1","1","false","false","","","","","","","","","","","","","","","","","","","","","","","","","","","","","",""
"5f4a3959-1b5e-43b4-9936-604ddc17026b","hideyourmistakes","BR","1","2039","1","1","1","1","false","false","","","","","","","","","","","","","","","","","","","","","","","","","","","","","",""
"25e7221e-aa1d-41f4-875a-f95a70809db4","barbosinhaCMback","BR","1","2040","","","","","","","1","1","1","1","false","false","","","","","","","","","","","","","","","","","","","","","","","",""
"832087a1-c11b-4c8d-a64a-44bf87d284b5","BlackBlizzardss","BR","1","2041","","","","","","","1","1","1","1","false","false","","","","","","","","","","","","","","","","","","","","","","","",""
"e568a040-e3d7-4840-9ede-13d0a71e56d5","Crystal1z3d__","BR","1","2042","1","1","1","1","false","false","","","","","","","","","","","","","","","","","","","","","","","","","","","","","",""
"e33b03c3-bac5-46ea-b89d-0ce921f867c4","skywzaaf_","BR","1","2043","","","","","","","","","","","","","","","","","","","1","1","1","1","false","false","","","","","","","","","","","",""
"ccdc1777-83ff-49c8-8239-44788c6c4447","zCrystalHex","BR","1","2044","","","","","","","1","1","1","1","false","false","","","","","","","","","","","","","","","","","","","","","","","",""
"ee686e4d-dd1c-43a7-8f8e-0a1b6cfa8184","goiaba_vs_onibus","BR","1","2045","","","","","","","1","1","1","1","false","false","","","","","","","","","","","","","","","","","","","","","","","",""
"b9721f28-e722-44bd-968f-1ce0d369355e","Mhkkj","BR","1","2046","","","","","","","1","1","1","1","false","false","","","","","","","","","","","","","","","","","","","","","","","",""
"bc1aa9e3-dae8-48c9-8bbf-4e3bac73dd27","marcus_vinicius1","BR","1","2047","1","1","1","1","false","false","","","","","","","","","","","","","","","","","","","","","","","","","","","","","",""
"b84a7df6-e014-4fd1-acf9-0978741f9d1e","XitteyPvP","BR","1","2048","","","","","","","1","1","1","1","false","false","","","","","","","","","","","","","","","","","","","","","","","",""
"533f0f06-9f0e-4faf-a0e0-544b7078e0d1","ChronoClutch","BR","1","2049","","","","","","","","","","","","","","","","","","","","","","","","","1","1","1","1","false","false","","","","","",""
"eab85d77-b589-473a-9f0e-f15dec24eae0","Gabrielxlz12","BR","1","2050","1","1","1","1","false","false","","","","","","","","","","","","","","","","","","","","","","","","","","","","","",""
"2d56b12e-7abd-4bcf-97d8-fa2cddc52e96","ItzMr_Trooper","BR","1","2051","1","1","1","1","false","false","","","","","","","","","","","","","","","","","","","","","","","","","","","","","",""
"d7610358-f151-4bad-88c3-fc0a8d099609","chitolinax_1242","BR","1","2052","1","1","1","1","false","false","","","","","","","","","","","","","","","","","","","","","","","","","","","","","",""
"2fa19e33-b6a7-44b5-8978-117b564e1fec","JacksonDtap","BR","1","2053","1","1","1","1","false","false","","","","","","","","","","","","","","","","","","","","","","","","","","","","","",""
"35464d1d-9678-4af0-8b85-2a8283d51797","sunbane","BR","1","2054","","","","","","","1","1","1","1","false","false","","","","","","","","","","","","","","","","","","","","","","","",""
"fb4a6122-8ee2-473b-94da-57a139eaf932","by_Caixa","BR","1","2055","1","1","1","1","false","false","","","","","","","","","","","","","","","","","","","","","","","","","","","","","",""
"e272e283-27e2-48f9-8e13-e72c830211b9","Abidyel9475","BR","1","2056","","","","","","","","","","","","","1","1","1","1","false","false","","","","","","","","","","","","","","","","","",""
"c84b20fc-27ba-4b8f-a761-15216e9b2351","_Nappi","BR","1","2057","","","","","","","1","1","1","1","false","false","","","","","","","","","","","","","","","","","","","","","","","",""
"fa38ca0a-6bbd-421c-b205-2ad7f87a3df7","htzdeath_","BR","1","2058","1","1","1","1","false","false","","","","","","","","","","","","","","","","","","","","","","","","","","","","","",""
"cc4024c2-fdc4-4f20-93c8-5b3138c869f4","zFall3n","BR","1","2059","1","1","1","1","false","false","","","","","","","","","","","","","","","","","","","","","","","","","","","","","",""
"1fbec29b-a401-4690-a619-568e4507432d","CECILIANO_LABUBU","BR","1","2060","","","","","","","","","","","","","","","","","","","1","1","1","1","false","false","","","","","","","","","","","",""
"b2cff63b-d6cd-4442-96ce-983ebc39db04","0pdr","BR","1","2061","","","","","","","1","1","1","1","false","false","","","","","","","","","","","","","","","","","","","","","","","",""
"edaa54c7-e903-48cc-83c6-63e33cfee2b9","Augustinho0900","BR","1","2062","","","","","","","1","1","1","1","false","false","","","","","","","","","","","","","","","","","","","","","","","",""
"1001b889-8bab-4b18-9c9c-539cfaa9b5b6","yRlzinBr_","BR","1","2063","","","","","","","1","1","1","1","false","false","","","","","","","","","","","","","","","","","","","","","","","",""
"7bc95e0d-ff38-49a6-9925-ee1967361121","JuniorAk98","BR","1","2064","","","","","","","","","","","","","","","","","","","1","1","1","1","false","false","","","","","","","","","","","",""
"a8748bee-051b-4b80-b5a3-a39d94329095","MysterLagrugru","BR","1","2065","","","","","","","","","","","","","1","1","1","1","false","false","","","","","","","","","","","","","","","","","",""
"9f0ff4a8-b619-4c32-8d24-b2601541321c","StellaI_","BR","1","2066","","","","","","","","","","","","","","","","","","","1","1","1","1","false","false","","","","","","","","","","","",""
"1b8be5f0-8876-42f1-878f-f2d5ba92de70","CoffeKkj","BR","1","2067","1","1","1","1","false","false","","","","","","","","","","","","","","","","","","","","","","","","","","","","","",""
"4080619c-11c8-47c1-bedc-5be386f0e2d3","choraprocristal1","BR","1","2068","","","","","","","1","1","1","1","false","false","","","","","","","","","","","","","","","","","","","","","","","",""
"2c61948b-63ff-4fee-8c0d-7f35f5988d04","Luigip7_","BR","1","2069","1","1","1","1","false","false","","","","","","","","","","","","","","","","","","","","","","","","","","","","","",""
"2bd9da53-fd78-4a56-96b3-03192dbf86d5","Shyzk","BR","1","2070","","","","","","","","","","","","","1","1","1","1","false","false","","","","","","","","","","","","","","","","","",""
"ffbdc507-45d7-4c8f-baa0-30c62048b55b","danielz__","BR","1","2071","","","","","","","1","1","1","1","false","false","","","","","","","","","","","","","","","","","","","","","","","",""
"b028db9e-6dca-4dda-b939-faef76ca197b","jovemerick","BR","1","2072","","","","","","","1","1","1","1","false","false","","","","","","","","","","","","","","","","","","","","","","","",""
"394861bc-f719-4698-800e-6666cb1c8ec3","edkna","BR","1","2073","","","","","","","1","1","1","1","false","false","","","","","","","","","","","","","","","","","","","","","","","",""
"32f56824-15d0-4845-914d-8236cc22e949","Dyunax","BR","1","2074","1","1","1","1","false","false","","","","","","","","","","","","","","","","","","","","","","","","","","","","","",""
"c5f4c906-8493-4fe8-b5dd-0e6f2181c1c6","rricoo","BR","1","2075","","","","","","","1","1","1","1","false","false","","","","","","","","","","","","","","","","","","","","","","","",""
"9bb6bf7d-abea-4ca4-a3cd-735153dfbda7","lefils22","BR","1","2076","1","1","1","1","false","false","","","","","","","","","","","","","","","","","","","","","","","","","","","","","",""
"60b85bfe-624a-4256-ab18-b11c10cfecc2","cowanyclt","BR","1","2077","1","1","1","1","false","false","","","","","","","","","","","","","","","","","","","","","","","","","","","","","",""
"2aca284d-7aa6-465c-8249-59bd9fba5ce9","TezalindoAURA","BR","1","2078","","","","","","","1","1","1","1","false","false","","","","","","","","","","","","","","","","","","","","","","","",""
"91e74c93-db9c-4477-8251-2b0d4660e759","ym4xz","BR","1","2079","","","","","","","1","1","1","1","false","false","","","","","","","","","","","","","","","","","","","","","","","",""
"7bd31157-8ca8-4980-96f4-ca7202d34cbe","oMaisAuraEgo","BR","1","2080","","","","","","","1","1","1","1","false","false","","","","","","","","","","","","","","","","","","","","","","","",""
"92b219f2-4339-4f6b-b7dd-280a82b4137e","P4zteleiro","BR","1","2081","","","","","","","1","1","1","1","false","false","","","","","","","","","","","","","","","","","","","","","","","",""
"c8471880-3ded-4f5d-a226-af3eb2d63977","festiinha","BR","1","2082","","","","","","","1","1","1","1","false","false","","","","","","","","","","","","","","","","","","","","","","","",""
"285f9096-7a48-4e66-ac2c-09a6ccc8a63b","seteeew","BR","1","2083","1","1","1","1","false","false","","","","","","","","","","","","","","","","","","","","","","","","","","","","","",""
"bb150477-4a52-45a0-b24b-e890335e88a1","sbdias251","BR","1","2084","","","","","","","1","1","1","1","false","false","","","","","","","","","","","","","","","","","","","","","","","",""
"8f7c73af-3db9-4b6c-8544-30c3bfa6933a","99mil","BR","1","2085","1","1","1","1","false","false","","","","","","","","","","","","","","","","","","","","","","","","","","","","","",""
"68cb9039-8695-43a9-96bf-0e2accbc0eb2","qwz___","BR","1","2086","","","","","","","1","1","1","1","false","false","","","","","","","","","","","","","","","","","","","","","","","",""
"e9ffd437-7baa-4e47-92b7-5629fdc74701","httxd","BR","1","2087","","","","","","","1","1","1","1","false","false","","","","","","","","","","","","","","","","","","","","","","","",""
"2251fd28-fa09-4507-a5d1-fb01caf289aa","gd9u","BR","1","2088","1","1","1","1","false","false","","","","","","","","","","","","","","","","","","","","","","","","","","","","","",""
"c27bc3af-8231-4083-9cbf-bdd8cd082b34","Marlow0__0","BR","1","2089","1","1","1","1","false","false","","","","","","","","","","","","","","","","","","","","","","","","","","","","","",""
"5413474b-cd2f-4fac-a72a-65a546a04023","NaoSabDtap","BR","1","2090","1","1","1","1","false","false","","","","","","","","","","","","","","","","","","","","","","","","","","","","","",""
"a091fa1e-5e3e-4446-ac08-ad258b3f0877","Axgxstw","BR","1","2091","1","1","1","1","false","false","","","","","","","","","","","","","","","","","","","","","","","","","","","","","",""
"d83daa56-7fae-4980-ad5d-87481cf58603","RealItzBlaze","BR","1","2092","1","1","1","1","false","false","","","","","","","","","","","","","","","","","","","","","","","","","","","","","",""
"4e5b3f8c-1d3a-4c9d-8fe7-91a68c3e47b6","_Loa_Loading_","BR","1","2093","1","1","1","1","false","false","","","","","","","","","","","","","","","","","","","","","","","","","","","","","",""
"725583a3-f571-4282-b48e-98fd19aa3cab","detetiv67","BR","1","2094","1","1","1","1","false","false","","","","","","","","","","","","","","","","","","","","","","","","","","","","","",""
"be018a69-124d-4224-84be-b48f58a390ed","Ryzenn54","BR","1","2095","","","","","","","1","1","1","1","false","false","","","","","","","","","","","","","","","","","","","","","","","",""
"82712c06-3984-4942-806a-80e998c6deda","vastnzk013","BR","1","2096","","","","","","","1","1","1","1","false","false","","","","","","","","","","","","","","","","","","","","","","","",""
"2017a769-5aa6-4e22-8431-e9ee1020ddfc","FR0STKILL___","BR","1","2097","","","","","","","","","","","","","","","","","","","1","1","1","1","false","false","","","","","","","","","","","",""
"666c6679-66af-4220-ac72-ef447027fda1","Joseph_01","BR","1","2098","","","","","","","","","","","","","","","","","","","1","1","1","1","false","false","","","","","","","","","","","",""
"cd38792a-2298-457d-a962-f620fbb1a980","wGrabert","BR","1","2099","","","","","","","1","1","1","1","false","false","","","","","","","","","","","","","","","","","","","","","","","",""
"c56574f6-ace6-44c9-af8c-77e1382250a7","pro_maguin","BR","1","2100","","","","","","","","","","","","","","","","","","","1","1","1","1","false","false","","","","","","","","","","","",""
"f4094033-651e-495b-b6b9-072bef89ddbe","prdruxx","BR","1","2101","","","","","","","","","","","","","1","1","1","1","false","false","","","","","","","","","","","","","","","","","",""
"0c4f9bd3-6d11-46c8-a1be-7646471ee501","psyquee","BR","1","2102","","","","","","","1","1","1","1","false","false","","","","","","","","","","","","","","","","","","","","","","","",""
"8e950e51-5ab4-49b4-a7ee-ad1791ccf358","erickbe4r","BR","1","2103","1","1","1","1","false","false","","","","","","","","","","","","","","","","","","","","","","","","","","","","","",""
"0c4b1099-e96d-473a-b5c9-fc1ed215ab22","Tww_L","BR","1","2104","1","1","1","1","false","false","","","","","","","","","","","","","","","","","","","","","","","","","","","","","",""
"97777d55-fd70-4036-9e79-405e3f947277","iKyzen7","BR","1","2105","","","","","","","","","","","","","","","","","","","","","","","","","1","1","1","1","false","false","","","","","",""
"3edb9f7b-8458-47f2-a4a2-b6d5df38a615","yezzyu","BR","1","2106","","","","","","","","","","","","","","","","","","","1","1","1","1","false","false","","","","","","","","","","","",""
"ddb817d8-9a38-4f29-8d5b-6286306ac8d2","ZbunnyIsPrime","BR","1","2107","","","","","","","1","1","1","1","false","false","","","","","","","","","","","","","","","","","","","","","","","",""
"8513d476-d245-451d-b0a2-4d114be12206","ItzNoReal","BR","1","2108","","","","","","","1","1","1","1","false","false","","","","","","","","","","","","","","","","","","","","","","","",""
"309c3565-3107-4e0e-a182-072ee0639f2f","lksvoid","BR","1","2109","","","","","","","","","","","","","","","","","","","","","","","","","1","1","1","1","false","false","","","","","",""
"a1b57551-2d1d-4d83-b244-48cbed06139a","kylaz7","BR","1","2110","","","","","","","","","","","","","","","","","","","","","","","","","1","1","1","1","false","false","","","","","",""
"1e9b383c-d84a-441e-b9c9-b03658056fbb","xVytinn","BR","1","2111","1","1","1","1","false","false","","","","","","","","","","","","","","","","","","","","","","","","","","","","","",""
"58da97dc-5b44-438e-8910-4bf5cbc1c717","Bortolosso","BR","1","2112","1","1","1","1","false","false","","","","","","","","","","","","","","","","","","","","","","","","","","","","","",""
"6cef8e0e-355f-4749-b2d6-a2640e397d66","12wuu","BR","1","2113","","","","","","","1","1","1","1","false","false","","","","","","","","","","","","","","","","","","","","","","","",""
"33399eff-d4b7-4ad5-8e97-a05667293f76","_nerd2","BR","1","2114","1","1","1","1","false","false","","","","","","","","","","","","","","","","","","","","","","","","","","","","","",""
"cb134a38-0061-49c1-b411-f4f236ca56d0","ezlucasbw","BR","1","2115","1","1","1","1","false","false","","","","","","","","","","","","","","","","","","","","","","","","","","","","","",""
"1c6b0c62-1627-4f6a-bb34-0e39d468d8e6","PALAQUINHA","BR","1","2116","1","1","1","1","false","false","","","","","","","","","","","","","","","","","","","","","","","","","","","","","",""
"4b8e817f-4248-4b08-91c9-96af3a378c67","Gbxzin_13","BR","1","2117","1","1","1","1","false","false","","","","","","","","","","","","","","","","","","","","","","","","","","","","","",""
"63b448fb-5515-48b6-81cb-0e66d8bef68e","Aishen934","BR","1","2118","","","","","","","","","","","","","","","","","","","1","1","1","1","false","false","","","","","","","","","","","",""
"75b5b03a-04a4-4d76-8990-e8e531217f67","ghostklr7","BR","1","2119","","","","","","","","","","","","","","","","","","","1","1","1","1","false","false","","","","","","","","","","","",""
"b2366b3b-b4ac-49ac-ad66-637dd5a57dea","Tempestade90123","BR","1","2120","1","1","1","1","false","false","","","","","","","","","","","","","","","","","","","","","","","","","","","","","",""
"5cc33dee-24ea-4a8c-9aad-fa7be92925bc","iSkyzera","BR","1","2121","","","","","","","1","1","1","1","false","false","","","","","","","","","","","","","","","","","","","","","","","",""
"b24641c5-dcd5-4ea3-baa7-4af799e5e566","RAPHIXZZ","BR","1","2122","","","","","","","","","","","","","","","","","","","1","1","1","1","false","false","","","","","","","","","","","",""
"eaedd550-2cb0-4796-aada-01a689181169","Thegodzzz","BR","1","2123","1","1","1","1","false","false","","","","","","","","","","","","","","","","","","","","","","","","","","","","","",""
"0ec543ca-e795-4998-bd26-22d4bfed953b","Klink0502","BR","1","2124","","","","","","","","","","","","","","","","","","","","","","","","","1","1","1","1","false","false","","","","","",""
"57ce710a-dbc7-45aa-af46-01cc5ea609a7","FelpBW","BR","1","2125","1","1","1","1","false","false","","","","","","","","","","","","","","","","","","","","","","","","","","","","","",""
"f461363e-9e35-4b9e-8ca5-259dbfc8d4d3","_nyuu_","BR","1","2126","","","","","","","","","","","","","1","1","1","1","false","false","","","","","","","","","","","","","","","","","",""
"ceb0a1d9-8cbf-40fe-b3b2-4b27a3094c1e","NebuZX","BR","1","2127","","","","","","","1","1","1","1","false","false","","","","","","","","","","","","","","","","","","","","","","","",""
"6db428bf-05a4-4a3e-b470-7dde6a907cb5","JustScyly","BR","1","2128","","","","","","","","","","","","","","","","","","","1","1","1","1","false","false","","","","","","","","","","","",""
"56952666-6eb5-425f-92a1-a4734fe6c091","ImToshy","BR","1","2129","","","","","","","1","1","1","1","false","false","","","","","","","","","","","","","","","","","","","","","","","",""
"83b24050-a32d-4d88-9d83-6d8d70c40b4c","Locks_NL","BR","1","2130","","","","","","","","","","","","","1","1","1","1","false","false","","","","","","","","","","","","","","","","","",""
"e4a74da4-c3b7-4efd-8d0f-0667fcbc8881","cardy2131","BR","1","2131","","","","","","","","","","","","","","","","","","","1","1","1","1","false","false","","","","","","","","","","","",""
"6d4aa52e-3c6b-4965-a65c-9c4215e5aceb","Leokkj03","BR","1","2132","1","1","1","1","false","false","","","","","","","","","","","","","","","","","","","","","","","","","","","","","",""
"cfed48f9-6027-42bb-9cbe-dcbc9444b488","SNTdani","BR","1","2133","1","1","1","1","false","false","","","","","","","","","","","","","","","","","","","","","","","","","","","","","",""
"05a4f807-4f18-4de3-84ed-7819270fc00b","Daviqueprobionic","BR","1","2134","","","","","","","1","1","1","1","false","false","","","","","","","","","","","","","","","","","","","","","","","",""
"224790bc-df91-4763-b8f2-391dfb99a771","Jhowpix","BR","1","2135","","","","","","","1","1","1","1","false","false","","","","","","","","","","","","","","","","","","","","","","","",""
"9859f605-93a3-4e05-bf69-73b00d351508","Isaquezin007","BR","1","2136","","","","","","","1","1","1","1","false","false","","","","","","","","","","","","","","","","","","","","","","","",""
"fb0cfd6e-49fc-488e-b494-3d4586d24ee0","OiPedrificado","BR","1","2137","","","","","","","1","1","1","1","false","false","","","","","","","","","","","","","","","","","","","","","","","",""
"d5a192b4-dd50-4a01-a21f-1fb723a20efe","jp23102013","BR","1","2138","","","","","","","","","","","","","","","","","","","1","1","1","1","false","false","","","","","","","","","","","",""
"94b1a52a-2e2a-468e-b5bc-b993cbf7e69d","PulseOverDose","BR","1","2139","","","","","","","","","","","","","1","1","1","1","false","false","","","","","","","","","","","","","","","","","",""
"06348312-b66b-4000-b895-29c96884a7c8","Bit_Realz","BR","1","2140","1","1","1","1","false","false","","","","","","","","","","","","","","","","","","","","","","","","","","","","","",""
"72540ce7-f189-4e6f-b51d-f905c594d852","yDraxGG_","BR","1","2141","","","","","","","","","","","","","1","1","1","1","false","false","","","","","","","","","","","","","","","","","",""
"f0e6527e-90d9-4974-a874-c31a956a0fc5","MrBolacha","BR","1","2142","1","1","1","1","false","false","","","","","","","","","","","","","","","","","","","","","","","","","","","","","",""
"d5dc6ecb-091c-4da1-8a50-4f32fe2ae6d6","BebeAura","BR","1","2143","1","1","1","1","false","false","","","","","","","","","","","","","","","","","","","","","","","","","","","","","",""
"01702845-7d80-49a4-90a0-c52e80cfac3a","ykfzz7xp","BR","1","2144","","","","","","","","","","","","","1","1","1","1","false","false","","","","","","","","","","","","","","","","","",""
"c78f2a58-a081-48f8-8212-09d17a8db083","BrunoSDC","BR","1","2145","","","","","","","","","","","","","","","","","","","1","1","1","1","false","false","","","","","","","","","","","",""
"21db7ee2-d713-4262-9067-6c0517006f7f","Umiko__","BR","1","2146","","","","","","","","","","","","","1","1","1","1","false","false","","","","","","","","","","","","","","","","","",""
"67a67366-26e7-4348-9392-e8db2e11ffa6","MuitoCringe_","BR","0","2147","0","0","0","0","false","false","","","","","","","","","","","","","","","","","","","","","","","","","","","","","",""
"168f7751-4bfe-4ec4-a238-d7a2e7645cc3","zGomes","BR","0","2148","","","","","","","","","","","","","","","","","","","","","","","","","","","","","","","","","","","",""
"2492aefa-b2cb-4bee-bf3c-cb994c0739be","CAPUTTINNO","BR","0","2149","","","","","","","","","","","","","","","","","","","","","","","","","","","","","","","","","","","",""
"cbc21e16-0ec8-4495-8cb9-b0af32c8d062","Peixe_Pulmonado_","BR","0","2150","","","","","","","","","","","","","","","","","","","","","","","","","","","","","","","","","","","",""
"f119451f-2ac4-4081-b441-afb9aacd21d9","hatetheparanoia","BR","0","2151","","","","","","","","","","","","","","","","","","","","","","","","","","","","","","","","","","","",""
"755bef62-4dec-42e5-9733-5eec9b991b30","ic3333","BR","0","2152","","","","","","","","","","","","","","","","","","","","","","","","","","","","","","","","","","","",""
"859a6a13-6a0b-4698-b1ee-f13701145d92","namel7ss","BR","0","2153","","","","","","","","","","","","","","","","","","","","","","","","","","","","","","","","","","","",""
"6bb3b96e-ddc1-401e-b132-5f021337da59","Duzinha11","BR","0","2154","","","","","","","","","","","","","","","","","","","","","","","","","","","","","","","","","","","",""
"e4120522-cd0f-44c9-8d2e-1ff0dcdd4a4f","CarlaoMatador123","BR","0","2155","","","","","","","","","","","","","","","","","","","","","","","","","","","","","","","","","","","",""
"e9270112-0b85-4598-b3cf-de79d2a140fb","luizin222","BR","0","2156","","","","","","","","","","","","","","","","","","","","","","","","","","","","","","","","","","","",""
"19f1131c-a5c9-497e-be7c-069341c48617","NuggetNuggetSN","BR","0","2157","","","","","","","","","","","","","","","","","","","","","","","","","","","","","","","","","","","",""
"db7f4272-22cb-4b38-bd58-f8a96fb84364","CapitanPreppucio","CL","0","2158","","","","","","","","","","","","","","","","","","","","","","","","","","","","","","","","","","","",""
"db769006-75dc-4533-b4c5-b1cce9836e52","xertXd","BR","0","2159","","","","","","","","","","","","","","","","","","","","","","","","","","","","","","","","","","","",""
"a8d0e5c5-dafd-4ad6-b9d2-23a81bc9f798","ItsYoko_","BR","0","2160","","","","","","","","","","","","","","","","","","","","","","","","","","","","","","","","","","","",""
"35dd9b29-b45d-474d-bffe-588e0faf1c60","galboykz","CL","0","2161","","","","","","","","","","","","","","","","","","","","","","","","","","","","","","","","","","","",""
"b48506ac-42a2-46c7-8787-f91a5be9897e","endersinn","PA","0","2162","","","","","","","","","","","","","","","","","","","","","","","","","","","","","","","","","","","",""
"da14830e-6b5d-40c1-826a-c8c9d5e38403","stalkursocials","PE","0","2163","","","","","","","","","","","","","","","","","","","","","","","","","","","","","","","","","","","",""
"747f9acc-aba0-4583-9951-a6f87e724018","DiosDelCoseno","BR","0","2164","","","","","","","","","","","","","","","","","","","","","","","","","","","","","","","","","","","",""
"a4cb512c-0d4d-4d2b-892a-dc8a01a20162","Elcheloso420","AR","0","2165","","","","","","","","","","","","","","","","","","","","","","","","","","","","","","","","","","","",""
"5192e2de-92de-4225-9442-5d14aa63eab5","Biniix","CL","0","2166","","","","","","","","","","","","","","","","","","","","","","","","","","","","","","","","","","","",""
"30b24093-1e01-46ad-96ea-f47bce5fce6f","ZSeku","AR","0","2167","","","","","","","","","","","","","","","","","","","","","","","","","","","","","","","","","","","",""
"03473a07-4d52-40c5-9adf-043460aa6d00","QuezyBark","BR","0","2168","","","","","","","","","","","","","","","","","","","","","","","","","","","","","","","","","","","",""
"36691ff1-2220-482d-8e2c-7e35b90565cc","TungTungSaves","BR","0","2169","","","","","","","","","","","","","","","","","","","","","","","","","","","","","","","","","","","",""
"2152aa83-4847-4c85-868b-73ab3bb95684","wMacros","BR","0","2170","","","","","","","","","","","","","","","","","","","","","","","","","","","","","","","","","","","",""
"a87995f7-757f-45ce-b5e9-bc7a560d6072","gbxzw7","BR","0","2171","","","","","","","","","","","","","","","","","","","","","","","","","","","","","","","","","","","",""
"efaa9f89-65bb-49c1-961c-eb0c4e9108e2","StwBr123","BR","0","2172","","","","","","","","","","","","","","","","","","","","","","","","","","","","","","","","","","","",""
"defb69d3-a6e5-4f43-a549-eff7938c2bac","vxsyz","BR","0","2173","","","","","","","","","","","","","","","","","","","","","","","","","","","","","","","","","","","",""
"5c9964cb-db3f-4ef8-abad-5b0944c1f238","Realksy","PY","0","2174","","","","","","","","","","","","","","","","","","","","","","","","","","","","","","","","","","","",""
"1b06e62c-4125-4b74-802e-5319f36c1eb0","Nachth","BR","0","2175","","","","","","","","","","","","","","","","","","","","","","","","","","","","","","","","","","","",""
"ab72532b-1431-4589-baa8-2fd488db37e7","openldap","BR","0","2176","","","","","","","","","","","","","","","","","","","","","","","","","","","","","","","","","","","",""
"f059acb1-ffbe-4e77-8926-02c7db6e78c5","zlyzii","BR","0","2177","","","","","","","","","","","","","","","","","","","","","","","","","","","","","","","","","","","",""
"846d693f-df02-439d-88da-258a8657015c","Pikas67","BR","0","2178","","","","","","","","","","","","","","","","","","","","","","","","","","","","","","","","","","","",""
"84b865e8-20bf-4091-9317-38496db66bb0","Jvxdd","BR","0","2179","","","","","","","","","","","","","","","","","","","","","","","","","","","","","","","","","","","",""
"42a15c66-f182-4940-96f0-1f5ff0f5ff9b","gamepreydokey","BR","0","2180","","","","","","","","","","","","","","","","","","","","","","","","","","","","","","","","","","","",""
"809df458-73fa-4e50-86f9-6347157182a0","zJasonMX","MX","0","2181","","","","","","","","","","","","","","","","","","","","","","","","","","","","","","","","","","","",""
"14b06d6d-2cd5-4cd3-995d-b1c758798087","IcreBW","BR","0","2182","","","","","","","","","","","","","","","","","","","","","","","","","","","","","","","","","","","",""
"66515889-56a6-46f8-a65a-be769c7d8234","Tochazim","BR","0","2183","","","","","","","","","","","","","","","","","","","","","","","","","","","","","","","","","","","",""
"29698838-bcd4-4040-beca-3d5fc7cba308","rafisxstormxyz","BR","0","2184","","","","","","","","","","","","","","","","","","","","","","","","","","","","","","","","","","","",""
"f4c8bb7d-76f8-4a07-af8d-a42ab60f1fa3","70kky","BR","0","2185","","","","","","","","","","","","","","","","","","","","","","","","","","","","","","","","","","","",""
"a69586e9-2b29-4d01-b7a5-2ea0b4746f6b","ALADELINDO","CL","0","2186","","","","","","","","","","","","","","","","","","","","","","","","","","","","","","","","","","","",""
"17b59222-561b-48e9-8664-eac2aed2d1e2","Olokw","BR","0","2187","","","","","","","","","","","","","","","","","","","","","","","","","","","","","","","","","","","",""
"22943b3b-d58c-4eee-a257-a78f14134829","Xzyzrz","BR","0","2188","","","","","","","","","","","","","","","","","","","","","","","","","","","","","","","","","","","",""
"2572c262-eab1-416b-b688-483df178bb68","Blancon09","PE","0","2189","","","","","","","","","","","","","","","","","","","","","","","","","","","","","","","","","","","",""
"35aafe2f-c668-4c61-b0fb-ac8a9a3c369e","Samuu_MC","VE","0","2190","","","","","","","","","","","","","","","","","","","","","","","","","","","","","","","","","","","",""
"d08042b1-7b24-4c0c-9129-1f3b957befea","bastigang","CL","0","2191","","","","","","","","","","","","","","","","","","","","","","","","","","","","","","","","","","","",""
"0060e949-a9bd-48ec-9f00-6dc632d654da","Dagvyn","BR","0","2192","","","","","","","","","","","","","","","","","","","","","","","","","","","","","","","","","","","",""
"11eea0d5-73f9-407e-8e90-4fc3932558fa","Tlywynsx","BR","0","2193","","","","","","","","","","","","","","","","","","","","","","","","","","","","","","","","","","","",""
"e5bccbfe-29a0-4ea9-9de0-c022eb6081b7","IFROM_ADRI","AR","0","2194","","","","","","","","","","","","","","","","","","","","","","","","","","","","","","","","","","","",""
"c0d7b623-b308-4da5-8950-d4712a6c9b23","Samuperdido","BR","0","2195","","","","","","","","","","","","","","","","","","","","","","","","","","","","","","","","","","","",""
"69ec4b8c-d7fc-4b73-8c9a-bca94646e630","Toddynx","BR","0","2196","","","","","","","","","","","","","","","","","","","","","","","","","","","","","","","","","","","",""
"040bcd46-1e5f-4ebf-a518-03fe15ffd8da","SixEyeShadow","PE","0","2197","","","","","","","","","","","","","","","","","","","","","","","","","","","","","","","","","","","",""
"ecac0130-fb6a-4d6c-8a9b-0a99faf171ea","xrexr","BR","0","2198","","","","","","","","","","","","","","","","","","","","","","","","","","","","","","","","","","","",""
"f22ef7ce-862f-4c73-8a67-d9696032d85f","3144km","BR","0","2199","","","","","","","","","","","","","","","","","","","","","","","","","","","","","","","","","","","",""
"8183be64-ffd0-4bbe-85f5-415738f3d814","SoyCPL","CL","0","2200","","","","","","","","","","","","","","","","","","","","","","","","","","","","","","","","","","","",""
"9da996c1-4641-4907-af5e-6f7eefd8d882","rm_rf_me","CL","0","2201","","","","","","","","","","","","","","","","","","","","","","","","","","","","","","","","","","","",""
"d05b540b-c63e-46c9-82b1-ef12f30e5954","5k47","BR","0","2202","","","","","","","","","","","","","","","","","","","","","","","","","","","","","","","","","","","",""
"2ac53a6d-09ab-408c-8ef5-028f59c24ead","ElJoker","AR","0","2203","","","","","","","","","","","","","","","","","","","","","","","","","","","","","","","","","","","",""
"0f60a885-11bd-49fd-a623-5e3a82ff1c25","ba_ctm","CL","0","2204","","","","","","","","","","","","","","","","","","","","","","","","","","","","","","","","","","","",""
"adfeabdc-3cc8-48f3-ae87-35b22151df44","alblack_777","BR","0","2205","","","","","","","","","","","","","","","","","","","","","","","","","","","","","","","","","","","",""
"3a44febb-39ab-47b0-8b31-87ac1755f7cc","24816248","BR","0","2206","","","","","","","","","","","","","","","","","","","","","","","","","","","","","","","","","","","",""
"7da54249-b00f-4d69-a71c-960a078bbb76","TsukishimaYuna","BR","0","2207","","","","","","","","","","","","","","","","","","","","","","","","","","","","","","","","","","","",""
"9f708fc1-6a3b-425c-8a15-a8aabf55489e","beijaxx","BR","0","2208","","","","","","","","","","","","","","","","","","","","","","","","","","","","","","","","","","","",""
"79361e31-5b79-4eeb-9a34-426af4b1aeff","snchzowo","PA","0","2209","","","","","","","","","","","","","","","","","","","","","","","","","","","","","","","","","","","",""
"ac922e72-6d13-46aa-aafe-9f470bcf7797","yMillyz","BR","0","2210","","","","","","","","","","","","","","","","","","","","","","","","","","","","","","","","","","","",""
"34134e2e-fedb-4704-8215-ebcc6bf2be41","Layuk","BR","0","2211","","","","","","","","","","","","","","","","","","","","","","","","","","","","","","","","","","","",""
"c54a99dd-8477-4b2e-9149-737695bcb657","blackwhite77","BR","0","2212","","","","","","","","","","","","","","","","","","","","","","","","","","","","","","","","","","","",""
"fdc80d62-6f87-460d-8dd3-cf0cbbea427d","SrDoougX","BR","0","2213","","","","","","","","","","","","","","","","","","","","","","","","","","","","","","","","","","","",""
"6c476ea9-6686-4f91-8800-afc9ca27905b","KingMinerMaster","BR","0","2214","","","","","","","","","","","","","","","","","","","","","","","","","","","","","","","","","","","",""
"5dc606b9-2260-403f-98e5-c0f483505c56","NeverSeeeMeAgain","BR","0","2215","","","","","","","","","","","","","","","","","","","","","","","","","","","","","","","","","","","",""
"0d767878-9534-44a2-b4d5-1cd90d798781","MystiC_af03","BR","0","2216","","","","","","","","","","","","","","","","","","","","","","","","","","","","","","","","","","","",""
"24fe1006-9fe7-4987-8b81-368c3d000c1a","KauezinnhuONTOP_","BR","0","2217","","","","","","","","","","","","","","","","","","","","","","","","","","","","","","","","","","","",""
"bfa63b9f-3fc9-4be4-819e-e17ae3e092a2","Amorverdadeiro1","BR","0","2218","","","","","","","","","","","","","","","","","","","","","","","","","","","","","","","","","","","",""
"2a08f4e1-c12e-4a6e-8966-2ca6d25c2757","_MrBubble_","BR","0","2219","","","","","","","","","","","","","","","","","","","","","","","","","","","","","","","","","","","",""
"39ce8730-62e9-4e54-b5ae-445ee87aa620","Rynzox","BR","0","2220","","","","","","","","","","","","","","","","","","","","","","","","","","","","","","","","","","","",""
"77a5dc54-062f-443b-b4ef-704b1d113189","__TeuzHpX","BR","0","2221","","","","","","","","","","","","","","","","","","","","","","","","","","","","","","","","","","","",""
"04dca7a0-7814-4d13-aebf-4f8fa57ef228","gordindarosquinh","BR","0","2222","","","","","","","","","","","","","","","","","","","","","","","","","","","","","","","","","","","",""
"ddbf3441-6287-48c6-9e87-c85c163d3ef1","fifty_fifty341","BR","0","2223","","","","","","","","","","","","","","","","","","","","","","","","","","","","","","","","","","","",""
"680d071e-5a3b-48d8-b143-e191bc17e76e","Paul0__O","PE","0","2224","","","","","","","","","","","","","","","","","","","","","","","","","","","","","","","","","","","",""
"4c437dc6-049f-43a5-ae6c-830caa26af93","_Cafexx","BR","0","2225","","","","","","","","","","","","","","","","","","","","","","","","","","","","","","","","","","","",""
"c4176875-b882-4cc0-8730-e34265cb9d83","fergususus","CL","0","2226","","","","","","","","","","","","","","","","","","","","","","","","","","","","","","","","","","","",""
"3167d278-42e1-4273-90d9-252c2da0ea6b","seapAsh","BR","0","2227","","","","","","","","","","","","","","","","","","","","","","","","","","","","","","","","","","","",""
"3c77c7b6-10c1-43c8-a94d-6316fa22fbe2","YutaNoXit","BR","0","2228","","","","","","","","","","","","","","","","","","","","","","","","","","","","","","","","","","","",""
"3afca822-f66b-4593-95e6-dcf21cf0134f","Heroibosta","BR","0","2229","","","","","","","","","","","","","","","","","","","","","","","","","","","","","","","","","","","",""
"a2d4cbc6-db4d-423f-be26-f3659abbab63","_batataao","BR","0","2230","","","","","","","","","","","","","","","","","","","","","","","","","","","","","","","","","","","",""
"ecd679e4-51ac-4770-ae6f-14832d027645","ZeroFx_","BR","0","2231","","","","","","","","","","","","","","","","","","","","","","","","","","","","","","","","","","","",""
"69d8ad8a-c176-4078-97a6-bd44ac85ab8e","brunnows_","BR","0","2232","","","","","","","","","","","","","","","","","","","","","","","","","","","","","","","","","","","",""
"450f418c-0381-412e-b517-4193563fc642","paudesebo","BR","0","2233","","","","","","","","","","","","","","","","","","","","","","","","","","","","","","","","","","","",""
"1e0b0541-a5ec-4883-864d-9059e8e0c2c2","Saquei","BR","0","2234","","","","","","","","","","","","","","","","","","","","","","","","","","","","","","","","","","","",""
"68dc457e-31d4-4f4a-9ce8-7c74df53dc88","Personnalite","BR","0","2235","","","","","","","","","","","","","","","","","","","","","","","","","","","","","","","","","","","",""
"401db710-0271-4213-ba71-6d5f2fefb8fb","Capitao_Cuecao","BR","0","2236","","","","","","","","","","","","","","","","","","","","","","","","","","","","","","","","","","","",""
"21eb1338-1151-45d9-b561-139aee2d159d","everydaysamee","BR","0","2237","","","","","","","","","","","","","","","","","","","","","","","","","","","","","","","","","","","",""
"34acafba-6c21-4fd9-a5ff-0e308b2a11cb","LZABWOFC","BR","0","2238","","","","","","","","","","","","","","","","","","","","","","","","","","","","","","","","","","","",""
"d91f1eb8-8a39-4150-a611-33d041c53910","novinhasafada","BR","0","2239","","","","","","","","","","","","","","","","","","","","","","","","","","","","","","","","","","","",""
"17d74b10-b40c-4ef2-a43f-9cd668a296f3","Lwqrxz","BR","0","2240","","","","","","","","","","","","","","","","","","","","","","","","","","","","","","","","","","","",""
"4c1726c5-3912-439f-99a4-396c5d9d21cf","leosocapa","BR","0","2241","","","","","","","","","","","","","","","","","","","","","","","","","","","","","","","","","","","",""
"a66b74b3-f85d-449d-9a15-681cd777ea15","diamanteffhz","BR","0","2242","","","","","","","","","","","","","","","","","","","","","","","","","","","","","","","","","","","",""
"7e01e408-93c6-4bb0-ab7b-6a29f7859c60","bananakkj__","BR","0","2243","","","","","","","","","","","","","","","","","","","","","","","","","","","","","","","","","","","",""
"5db1324f-21bb-4d45-aed8-db3537d9a074","Abhimanyuk","BR","0","2244","","","","","","","","","","","","","","","","","","","","","","","","","","","","","","","","","","","",""
"b2da9f0e-08ab-41fe-b76c-03204ae121f7","rek_afk","BR","0","2245","","","","","","","","","","","","","","","","","","","","","","","","","","","","","","","","","","","",""
"b6440d26-913b-48e3-b114-5bcb44ed7d41","TideArmorTrim","BR","0","2246","","","","","","","","","","","","","","","","","","","","","","","","","","","","","","","","","","","",""
"2de989b4-f9e5-4771-a9c4-7566696a23fa","lastiqq","BR","0","2247","","","","","","","","","","","","","","","","","","","","","","","","","","","","","","","","","","","",""
"d9a8646c-335b-4a1e-90de-b853eb3c6207","HungDox_48","BR","0","2248","","","","","","","","","","","","","","","","","","","","","","","","","","","","","","","","","","","",""
"90684686-ffec-4fc9-81d8-aa323c191a52","NovoWareOnTop","AR","0","2249","","","","","","","","","","","","","","","","","","","","","","","","","","","","","","","","","","","",""
"929ba791-e0a3-43b6-94c4-8ef7895fbafe","Fidelezz","BR","0","2250","","","","","","","","","","","","","","","","","","","","","","","","","","","","","","","","","","","",""
"83e38c28-e4a7-4716-abd3-394299ace8ac","jovtpp","BR","0","2251","","","","","","","","","","","","","","","","","","","","","","","","","","","","","","","","","","","",""
"c36c8d39-0be7-4c37-bcce-d50c67a54f20","Vinilasher","BR","0","2252","","","","","","","","","","","","","","","","","","","","","","","","","","","","","","","","","","","",""
"4d8cc30b-f754-4685-a66b-de8b37371778","iisxbela","BR","0","2253","","","","","","","","","","","","","","","","","","","","","","","","","","","","","","","","","","","",""
"d3f6cfa3-789c-46d4-938e-646449b195b6","ZappyCraft","BR","0","2254","","","","","","","","","","","","","","","","","","","","","","","","","","","","","","","","","","","",""
"655ae90d-27d1-4fba-996e-8b4b00b72674","cardhdhh","BR","0","2255","","","","","","","","","","","","","","","","","","","","","","","","","","","","","","","","","","","",""
"a5d0583e-b27f-4eb7-8df4-9f9a40278751","12O4","BR","0","2256","","","","","","","","","","","","","","","","","","","","","","","","","","","","","","","","","","","",""
"2d37b6c9-50a6-46ce-8127-87190d37161e","Sx_Leo","BR","0","2257","","","","","","","","","","","","","","","","","","","","","","","","","","","","","","","","","","","",""
"2430630e-cbf1-4313-95ab-502f808f570a","Randolbuti","BR","0","2258","","","","","","","","","","","","","","","","","","","","","","","","","","","","","","","","","","","",""
"d2a42324-959a-4b0c-9f1c-e93b81e219b8","giyann","BR","0","2259","","","","","","","","","","","","","","","","","","","","","","","","","","","","","","","","","","","",""
"e164deb2-f7f6-4b4b-bda6-f4d46ca33928","Kvielay","BR","0","2260","","","","","","","","","","","","","","","","","","","","","","","","","","","","","","","","","","","",""
"f97f362f-455a-40b1-84eb-f134f4636d82","A_X_Z_C_B_E_D_F_","BR","0","2261","","","","","","","","","","","","","","","","","","","","","","","","","","","","","","","","","","","",""
"9251a23b-1b00-4a33-b59b-55d0b7b19bbb","Daniel093","BR","0","2262","","","","","","","","","","","","","","","","","","","","","","","","","","","","","","","","","","","",""
"b09656ab-baf0-4dd0-99a1-ba91a0470d59","maskeddreams","BR","0","2263","","","","","","","","","","","","","","","","","","","","","","","","","","","","","","","","","","","",""
"7716a98a-f633-42b5-9fe3-733bfe4afbc3","hoouly","BR","0","2264","","","","","","","","","","","","","","","","","","","","","","","","","","","","","","","","","","","",""
"69cdc169-8250-4626-9da9-91a2fa31f1a8","matzinkkj","BR","0","2265","","","","","","","","","","","","","","","","","","","","","","","","","","","","","","","","","","","",""
"5e265704-6a3b-40e8-978e-8e6d8d8ef5de","LutrixZ","BR","0","2266","","","","","","","","","","","","","","","","","","","","","","","","","","","","","","","","","","","",""
"edc0cdcd-a423-440d-9613-089ad88b9c59","BIGBOLINHAda17","BR","0","2267","","","","","","","","","","","","","","","","","","","","","","","","","","","","","","","","","","","",""
"3ad5d63e-5ea2-4d81-9a3e-5badf1185172","yXtr","BR","0","2268","","","","","","","","","","","","","","","","","","","","","","","","","","","","","","","","","","","",""
"3e11fa71-ec45-45f4-a26a-f01d80f18a96","_guxy","BR","0","2269","","","","","","","","","","","","","","","","","","","","","","","","","","","","","","","","","","","",""
"27b7a2f7-cc27-4844-aaa6-789a6782b26f","AmigoPerverso","BR","0","2270","","","","","","","","","","","","","","","","","","","","","","","","","","","","","","","","","","","",""
"336bfa11-fac4-4141-88f8-eb0140122ac8","milkmuuCAVALARIA","BR","0","2271","","","","","","","","","","","","","","","","","","","","","","","","","","","","","","","","","","","",""
"5800272a-82ee-48f0-8d68-324a6e7bcef2","RunToAtlanta","BR","0","2272","","","","","","","","","","","","","","","","","","","","","","","","","","","","","","","","","","","",""
"6d7d163a-105d-4322-a975-521775e76d30","Detert_wealthy6","BR","0","2273","","","","","","","","","","","","","","","","","","","","","","","","","","","","","","","","","","","",""
"f4ae7fd5-d78d-4631-af94-f9ba6623e76a","LawlessEra","BR","0","2274","","","","","","","","","","","","","","","","","","","","","","","","","","","","","","","","","","","",""
"57e1ca0e-2f52-42b3-86f8-0e58f49cb42f","buscolaburo","AR","0","2275","","","","","","","","","","","","","","","","","","","","","","","","","","","","","","","","","","","",""
"40eeeb09-1776-430b-a342-62735f9bf6cb","kowazalski","BR","0","2276","","","","","","","","","","","","","","","","","","","","","","","","","","","","","","","","","","","",""
"5c6ab907-25c9-4e0d-ac16-ae1027b84cec","Darianseli","BR","0","2277","","","","","","","","","","","","","","","","","","","","","","","","","","","","","","","","","","","",""
"121a1fed-1e94-43ce-b2e8-8ece2e73dc0e","Lunarp","BR","0","2278","","","","","","","","","","","","","","","","","","","","","","","","","","","","","","","","","","","",""
"f47cdde7-26c0-4ae2-9eb6-55c94d154240","draginbmo","BR","0","2279","","","","","","","","","","","","","","","","","","","","","","","","","","","","","","","","","","","",""
"39e039d7-68d8-43cb-9d33-9d5019f065c4","ArthurGFox","BR","0","2280","","","","","","","","","","","","","","","","","","","","","","","","","","","","","","","","","","","",""
"4b1e99fe-b6e2-423a-ac83-090e7a74eb39","LACTO3294","BR","0","2281","","","","","","","","","","","","","","","","","","","","","","","","","","","","","","","","","","","",""
"137e5ec6-5ecc-4549-93cc-e4a09d56c183","Thales_748","BR","0","2282","","","","","","","","","","","","","","","","","","","","","","","","","","","","","","","","","","","",""
"ef244a44-6d77-4b87-a9fb-44af5650579f","Chimera_Rx","BR","0","2283","","","","","","","","","","","","","","","","","","","","","","","","","","","","","","","","","","","",""
"8f7d041d-6342-41c1-898b-4cce73736d65","menor_progresso7","BR","0","2284","","","","","","","","","","","","","","","","","","","","","","","","","","","","","","","","","","","",""
"3801d820-534f-4ea2-bf42-46a7dca9eb8b","MacTusk","UY","0","2285","","","","","","","","","","","","","","","","","","","","","","","","","","","","","","","","","","","",""
"7b5d6f76-a54a-4a2f-be9b-141127ad331c","David1516_","BR","0","2286","","","","","","","","","","","","","","","","","","","","","","","","","","","","","","","","","","","",""
"c5fec17b-0ee7-44bf-b372-a5d4bcd99f5c","Colheita","BR","0","2287","","","","","","","","","","","","","","","","","","","","","","","","","","","","","","","","","","","",""
"810684db-cb46-43b4-9151-7a385d2615af","Condemnedd","AR","0","2288","","","","","","","","","","","","","","","","","","","","","","","","","","","","","","","","","","","",""
"a3335cd5-311a-4e86-9cb8-4d2d511dfab8","Bluudyy","BR","0","2289","","","","","","","","","","","","","","","","","","","","","","","","","","","","","","","","","","","",""
"219bdde4-f995-4a0d-b9d1-d65ed57cbfd6","Mxzdz","BR","0","2290","","","","","","","","","","","","","","","","","","","","","","","","","","","","","","","","","","","",""
"5c00c9e4-1dbd-4f0c-9101-e1b8dbb9430f","egzodz","BR","0","2291","","","","","","","","","","","","","","","","","","","","","","","","","","","","","","","","","","","",""
"335d49ae-c201-41ae-a7be-d81903816abf","PedroNox","BR","0","2292","","","","","","","","","","","","","","","","","","","","","","","","","","","","","","","","","","","",""
"83f1b8ea-ca61-41bf-8a52-1f9c480fd22e","Toriyen","BR","0","2293","","","","","","","","","","","","","","","","","","","","","","","","","","","","","","","","","","","",""
"1a76c789-a944-4a54-a977-60dd96832a1d","OnlyHG","BR","0","2294","","","","","","","","","","","","","","","","","","","","","","","","","","","","","","","","","","","",""
"b2b3a68b-5bdf-45aa-9b8e-e8f0f63c73f7","jayminho10","BR","0","2295","","","","","","","","","","","","","","","","","","","","","","","","","","","","","","","","","","","",""
"69aea7fe-ccee-4644-b328-c62f060c2b68","BrllxIsBack","BR","0","2296","","","","","","","","","","","","","","","","","","","","","","","","","","","","","","","","","","","",""
"8728069a-1b9b-41a6-99e2-451bfdd4e608","montydz","AR","0","2297","","","","","","","","","","","","","","","","","","","","","","","","","","","","","","","","","","","",""
"0ccf3648-fb5a-443c-9a34-1f2d88c52db4","fireBW","BR","0","2298","","","","","","","","","","","","","","","","","","","","","","","","","","","","","","","","","","","",""
"4518db70-2ebe-495b-ba18-7bd2fd49a778","endercrack28","AR","0","2299","","","","","","","","","","","","","","","","","","","","","","","","","","","","","","","","","","","",""
"8446537d-b9ac-4f9b-9ffa-faeef711aade","Guilh3rme4","BR","0","2300","","","","","","","","","","","","","","","","","","","","","","","","","","","","","","","","","","","",""
"ee88602b-26a3-47f9-a851-02dd61cf219e","Autumnzzzzz","BR","0","2301","","","","","","","","","","","","","","","","","","","","","","","","","","","","","","","","","","","",""
"f3d17ce4-6f94-44a0-ae85-c736ad5a764c","suck1china","BR","0","2302","","","","","","","","","","","","","","","","","","","","","","","","","","","","","","","","","","","",""
"b1897084-f488-4083-8710-55663e1beb9d","Oginceto","BR","0","2303","","","","","","","","","","","","","","","","","","","","","","","","","","","","","","","","","","","",""
"d3e31e4b-b5e3-4f65-b781-0163c17929a6","DxrkKnightAragon","BR","0","2304","","","","","","","","","","","","","","","","","","","","","","","","","","","","","","","","","","","",""
"14915b5b-1b35-4463-b446-fcbad86e093f","SouzaxExtreme","BR","0","2305","","","","","","","","","","","","","","","","","","","","","","","","","","","","","","","","","","","",""
"537c39da-e3b0-41d3-82de-c05b07594245","Mijarei","BR","0","2306","","","","","","","","","","","","","","","","","","","","","","","","","","","","","","","","","","","",""
"0ddc955a-0a8f-4f42-9adc-4db74882694b","PepeuXs10","BR","0","2307","","","","","","","","","","","","","","","","","","","","","","","","","","","","","","","","","","","",""
"cdba60d2-f8b9-4013-a142-db90a93e559b","Inxctive","BR","0","2308","","","","","","","","","","","","","","","","","","","","","","","","","","","","","","","","","","","",""
"58aef247-f6e5-4cca-b6ae-1cf44a8428ad","indiozz","BR","0","2309","","","","","","","","","","","","","","","","","","","","","","","","","","","","","","","","","","","",""
"a972348a-8f6d-4c1c-b068-cb4aec637f95","Main2Packets","BR","0","2310","","","","","","","","","","","","","","","","","","","","","","","","","","","","","","","","","","","",""
"75f836a2-4ee3-4494-a0dc-89c20725063c","hszin_","BR","0","2311","","","","","","","","","","","","","","","","","","","","","","","","","","","","","","","","","","","",""
"6f7f6e40-aa2b-44b3-92cb-9a859e92c864","agario156_","BR","0","2312","","","","","","","","","","","","","","","","","","","","","","","","","","","","","","","","","","","",""
"47788174-28c6-4938-9dc8-c23f951c5210","meduza13","BR","0","2313","","","","","","","","","","","","","","","","","","","","","","","","","","","","","","","","","","","",""
"bc17e512-bf38-408b-acde-5a1987a2797e","lt3crystal","BR","0","2314","","","","","","","","","","","","","","","","","","","","","","","","","","","","","","","","","","","",""
"cbf1a258-dc7d-40df-ad95-675c10904a33","FOGAOELET","BR","0","2315","","","","","","","","","","","","","","","","","","","","","","","","","","","","","","","","","","","",""
"af4f1c82-dc71-4685-9987-4499e5472a10","oiGama","BR","0","2316","","","","","","","","","","","","","","","","","","","","","","","","","","","","","","","","","","","",""
"f090eefd-ba70-47fa-ab96-ac718586e037","jvfmg","BR","0","2317","","","","","","","","","","","","","","","","","","","","","","","","","","","","","","","","","","","",""
"176d0877-e19d-4010-be9f-0f0adea34d73","Dogzin","BR","0","2318","","","","","","","","","","","","","","","","","","","","","","","","","","","","","","","","","","","",""
"3a7e82d2-bed0-44f8-9c04-e2314d97f3ca","acid_sun","BR","0","2319","","","","","","","","","","","","","","","","","","","","","","","","","","","","","","","","","","","",""
"a463b499-4d75-44c8-9643-63473e92131b","Ilegxl","BR","0","2320","","","","","","","","","","","","","","","","","","","","","","","","","","","","","","","","","","","",""
"f80a2ff4-919b-4eae-b330-8d849e681a76","femdon","BR","0","2321","","","","","","","","","","","","","","","","","","","","","","","","","","","","","","","","","","","",""
"7474bd3e-1c8d-47d2-88f1-a5a305ed2efe","ITomasxMC","CL","0","2322","","","","","","","","","","","","","","","","","","","","","","","","","","","","","","","","","","","",""
"29744804-797d-4231-89cb-aa50d5be64e0","PH_skorp","BR","0","2323","","","","","","","","","","","","","","","","","","","","","","","","","","","","","","","","","","","",""
"e9a8870f-d62d-4d18-b2b4-b884774fe0a3","notnixis","BR","0","2324","","","","","","","","","","","","","","","","","","","","","","","","","","","","","","","","","","","",""
"017be971-d2bb-4964-8604-b9cf7b869b31","MineAxoMasterBR","BR","0","2325","","","","","","","","","","","","","","","","","","","","","","","","","","","","","","","","","","","",""
"6c2bc2f9-6d76-482e-825d-ee51d213bad8","eusoujoao1","BR","0","2326","","","","","","","","","","","","","","","","","","","","","","","","","","","","","","","","","","","",""
"0b8c13ec-9127-4776-b068-309f3ce292c9","iKissMe_","UY","0","2327","","","","","","","","","","","","","","","","","","","","","","","","","","","","","","","","","","","",""
"d1408c0a-956a-4bc0-9972-30bab354d9d6","Browwnie_","PE","0","2328","","","","","","","","","","","","","","","","","","","","","","","","","","","","","","","","","","","",""
"6fc8b7c3-9b96-4cb2-8e6b-32c52a5bccce","BRX444","BR","0","2329","","","","","","","","","","","","","","","","","","","","","","","","","","","","","","","","","","","",""
"9e68e339-d53b-4809-ba31-5c27c56589cb","normalizadamente","BR","0","2330","","","","","","","","","","","","","","","","","","","","","","","","","","","","","","","","","","","",""
"36e87fe1-b651-4237-a6ae-9ab4ee88c999","LenaSobczak6769","BR","0","2331","","","","","","","","","","","","","","","","","","","","","","","","","","","","","","","","","","","",""
"2c75f01c-a044-429d-b389-e30c82518d69","DSMuller11","BR","0","2332","","","","","","","","","","","","","","","","","","","","","","","","","","","","","","","","","","","",""
"28bd228c-8577-4d41-ab92-e085c8b5fb62","bieldeda","BR","0","2333","","","","","","","","","","","","","","","","","","","","","","","","","","","","","","","","","","","",""
"a86f14a6-29e7-4b38-bc6f-3db348c30506","NextronBW","BR","0","2334","","","","","","","","","","","","","","","","","","","","","","","","","","","","","","","","","","","",""
"6d4f8be3-60c2-44b6-92ec-49e876b1f5ee","Derrotarei","BR","0","2335","","","","","","","","","","","","","","","","","","","","","","","","","","","","","","","","","","","",""
"4861046c-938a-4059-8c15-19b013232246","vit0ri4no","BR","0","2336","","","","","","","","","","","","","","","","","","","","","","","","","","","","","","","","","","","",""
"a886d373-f50b-402c-9574-b061aa012440","a5th","BR","0","2337","","","","","","","","","","","","","","","","","","","","","","","","","","","","","","","","","","","",""
"a8d6ca68-bd2c-457f-b40d-f0387e44cc9a","overfied","BR","0","2338","","","","","","","","","","","","","","","","","","","","","","","","","","","","","","","","","","","",""
"e9e44021-895e-4a58-8944-7f453d02234a","revogar","BR","0","2339","","","","","","","","","","","","","","","","","","","","","","","","","","","","","","","","","","","",""
"1e2d7960-c639-443b-b9a2-78f390ec834a","Nkztanchor","BR","0","2340","","","","","","","","","","","","","","","","","","","","","","","","","","","","","","","","","","","",""
"46f19f99-9815-4755-8154-68172cc85634","_Fazenda","BR","0","2341","","","","","","","","","","","","","","","","","","","","","","","","","","","","","","","","","","","",""
"d5f4eb3f-a064-4d49-b7d2-667075e20421","Akio_123hahagg","BR","0","2342","","","","","","","","","","","","","","","","","","","","","","","","","","","","","","","","","","","",""
"48e7c38a-c027-470e-aad2-7832be30f134","9_r4","BR","0","2343","","","","","","","","","","","","","","","","","","","","","","","","","","","","","","","","","","","",""
"e26b3955-cbe3-4ce3-8b3d-864594beeb25","Zaw0_","BR","0","2344","","","","","","","","","","","","","","","","","","","","","","","","","","","","","","","","","","","",""
"d7c119e5-a21e-44ec-87c4-506993d2f88c","MaeBlqzee","CL","0","2345","","","","","","","","","","","","","","","","","","","","","","","","","","","","","","","","","","","",""
"78732371-53d4-4660-9877-ec833b13bd33","L7RK","BR","0","2346","","","","","","","","","","","","","","","","","","","","","","","","","","","","","","","","","","","",""
"17344df6-26e8-4c81-b6cf-dc7aaf58a85f","Comprometimento","BR","0","2347","","","","","","","","","","","","","","","","","","","","","","","","","","","","","","","","","","","",""
"1cd84062-60be-4ea8-b944-51870ddff628","Anormalidade","BR","0","2348","","","","","","","","","","","","","","","","","","","","","","","","","","","","","","","","","","","",""
"e9ba23f1-f18a-4542-b7d3-f0b02482bd1f","t66k","AR","0","2349","","","","","","","","","","","","","","","","","","","","","","","","","","","","","","","","","","","",""
"183c678a-d630-4554-b98d-2e370589813c","Breachzz","BR","0","2350","","","","","","","","","","","","","","","","","","","","","","","","","","","","","","","","","","","",""
"1186d682-2c30-4e91-9184-379ddc0b09d4","_tifi","BR","0","2351","","","","","","","","","","","","","","","","","","","","","","","","","","","","","","","","","","","",""
"0b1e4937-a79d-45c2-8d12-25c210e4080d","Shift_Sad","BR","0","2352","","","","","","","","","","","","","","","","","","","","","","","","","","","","","","","","","","","",""
"8697d143-d915-44d2-ade6-71c848d1de5e","Sepulcrario","BR","0","2353","","","","","","","","","","","","","","","","","","","","","","","","","","","","","","","","","","","",""
"ed735bea-2a2d-4d3d-931e-db47c8f915f5","RayKaudy","BR","0","2354","","","","","","","","","","","","","","","","","","","","","","","","","","","","","","","","","","","",""
"7aa920d4-d160-4174-96a1-74b0ec574555","FinBW","BR","0","2355","","","","","","","","","","","","","","","","","","","","","","","","","","","","","","","","","","","",""
"5bad46ca-c3e6-4136-b33d-90ef46dde0cf","GXFT_","BR","0","2356","","","","","","","","","","","","","","","","","","","","","","","","","","","","","","","","","","","",""
"ad5a546a-74a3-4284-a560-7d6a45f2cc29","01lf","BR","0","2357","","","","","","","","","","","","","","","","","","","","","","","","","","","","","","","","","","","",""
"c7d6c3a8-0d61-4fff-86e2-02a2a6b9c4ee","leorioBOT","BR","0","2358","","","","","","","","","","","","","","","","","","","","","","","","","","","","","","","","","","","",""
"5eac33bd-f2f1-4cf5-9955-c4439565b5cc","ManleyKetchup","BR","0","2359","","","","","","","","","","","","","","","","","","","","","","","","","","","","","","","","","","","",""
"ace31385-48fd-4c54-a054-a3719172b174","777_zeus","BR","0","2360","","","","","","","","","","","","","","","","","","","","","","","","","","","","","","","","","","","",""
"f672fe81-aab8-444f-a9e7-0c63c772c73b","OnlyDrax","BR","0","2361","","","","","","","","","","","","","","","","","","","","","","","","","","","","","","","","","","","",""
"0f92e549-b944-49c1-a0d3-df30e58a7a9c","hlov","BR","0","2362","","","","","","","","","","","","","","","","","","","","","","","","","","","","","","","","","","","",""
"005b6eb3-faf2-463b-94a4-907c6765da7f","mercurio_bw","BR","0","2363","","","","","","","","","","","","","","","","","","","","","","","","","","","","","","","","","","","",""
"7d8d44e5-289f-4cbc-aca8-22bd0e10cd68","Lucas2k2t","BR","0","2364","","","","","","","","","","","","","","","","","","","","","","","","","","","","","","","","","","","",""
"31fa0d42-5df7-4e46-99a0-9ddd4816abe6","Mourataboss","BR","0","2365","","","","","","","","","","","","","","","","","","","","","","","","","","","","","","","","","","","",""
"74286556-8f4b-41f4-a6ac-d2373d201ce0","net0x_x","BR","0","2366","","","","","","","","","","","","","","","","","","","","","","","","","","","","","","","","","","","",""
"6d47ce81-d407-4b58-9886-47ebc11c94a3","Juju_Bene1804","BR","0","2367","","","","","","","","","","","","","","","","","","","","","","","","","","","","","","","","","","","",""
"7661a5fe-d57c-4cfd-9ef6-3f95f9e068b9","tiasgs","BR","0","2368","","","","","","","","","","","","","","","","","","","","","","","","","","","","","","","","","","","",""
"bfa9a702-988b-4307-8d2f-558033bc5557","WhyDk_","BR","0","2369","","","","","","","","","","","","","","","","","","","","","","","","","","","","","","","","","","","",""
"96fbd09a-90b1-4c8b-ada2-38b3b15f8ae2","xperafemboy","BR","0","2370","","","","","","","","","","","","","","","","","","","","","","","","","0","0","0","0","false","false","","","","","",""
"0597f4a1-0f68-4be2-9345-c78934a6d907","LnziNxPrime","BR","0","2371","","","","","","","","","","","","","","","","","","","","","","","","","","","","","","","","","","","",""
"a7ca507d-dec6-403b-b1ac-f3e872469be3","10wuu","BR","0","2372","","","","","","","","","","","","","","","","","","","","","","","","","","","","","","","","","","","",""
"c043b1ca-8c2c-4ab2-a475-c91e29de4cb6","Skibidi67_42","BR","0","2373","","","","","","","","","","","","","","","","","","","","","","","","","","","","","","","","","","","",""
"d3955072-843f-4498-bfc4-e612054c1774","Supremekelvin33","BR","0","2374","","","","","","","","","","","","","","","","","","","","","","","","","","","","","","","","","","","",""
"09c58dca-b2b3-4adb-87f8-234d52e6458d","Agurix","CL","0","2375","","","","","","","","","","","","","","","","","","","","","","","","","","","","","","","","","","","",""
"34cee2c0-4a3a-483c-a3f6-e9f39b1c0a30","typerror","BR","0","2376","","","","","","","","","","","","","","","","","","","","","","","","","","","","","","","","","","","",""
"00210400-c2a6-422d-81f3-57a91884bed2","TwotimeM4","BR","0","2377","","","","","","","","","","","","","","","","","","","","","","","","","","","","","","","","","","","",""
"81c9d2e7-d757-48ec-b077-6362201b916a","ausentee","BR","0","2378","","","","","","","","","","","","","","","","","","","","","","","","","","","","","","","","","","","",""
"b075c61d-0bff-4033-9417-962c4e9bf03d","SavageDtap","BR","0","2379","","","","","","","","","","","","","","","","","","","","","","","","","","","","","","","","","","","",""
"83e81ed9-6c50-4170-b239-27942df84448","IsaacOliveira__","BR","0","2380","","","","","","","","","","","","","","","","","","","","","","","","","","","","","","","","","","","",""
"44b51663-dfd5-43e2-a29c-ed77b0e91c1d","a4gy","BR","0","2381","","","","","","","","","","","","","","","","","","","","","","","","","","","","","","","","","","","",""
"45ab7c2c-079c-4d88-9ae3-73b5baac04a3","congelado09","BR","0","2382","","","","","","","","","","","","","","","","","","","","","","","","","","","","","","","","","","","",""
"1920c400-dbea-4d63-bebf-ac2465132f40","zNyon7","BR","0","2383","","","","","","","","","","","","","","","","","","","","","","","","","","","","","","","","","","","",""
"e764866c-ab3b-4cba-bda9-5cc4fe7c2dc4","rodrigo12345xd","BO","0","2384","","","","","","","","","","","","","","","","","","","","","","","","","","","","","","","","","","","",""
"e0efcc66-1675-4f59-8088-01565c8b6ea3","becametrue","BR","0","2385","","","","","","","","","","","","","","","","","","","","","","","","","","","","","","","","","","","",""
"184f2ffa-e249-4926-87de-8b023a44d564","Comar29","BR","0","2386","","","","","","","","","","","","","","","","","","","","","","","","","","","","","","","","","","","",""
"71e5ec42-af27-400b-91ec-57d26330d951","Lastercpvp","BR","0","2387","","","","","","","","","","","","","","","","","","","","","","","","","","","","","","","","","","","",""
"c078ee5e-83e5-4634-b900-e01c24320905","ib0brik","BR","0","2388","","","","","","","","","","","","","","","","","","","","","","","","","","","","","","","","","","","",""
"6afb14fc-8760-4272-b634-37b3af9cb66f","ZonenPvP","BR","0","2389","","","","","","","","","","","","","","","","","","","","","","","","","","","","","","","","","","","",""
"98fca8e9-1901-429a-8054-4df906138dd3","Jorginhouuu","BR","0","2390","","","","","","","","","","","","","","","","","","","","","","","","","","","","","","","","","","","",""
"e03a36c8-138d-4cdf-a0eb-fc3f642f4d8d","Zigqri","BR","0","2391","","","","","","","","","","","","","","","","","","","","","","","","","","","","","","","","","","","",""
"c32dbdda-1813-45a6-b059-e35061d5e611","NoctyxWS","BR","0","2392","","","","","","","","","","","","","","","","","","","","","","","","","","","","","","","","","","","",""
"cd08c6cb-a6e8-4029-8e65-21d62358c42a","Soldado_Oriental","BR","0","2393","","","","","","","","","","","","","","","","","","","","","","","","","","","","","","","","","","","",""
"91d168d3-b89b-4652-988e-39dfd8c708ae","joel0018","BR","0","2394","","","","","","","","","","","","","","","","","","","","","","","","","","","","","","","","","","","",""
"2d481208-55a3-48f8-a35f-e43a25987a9d","clr2","BR","0","2395","","","","","","","","","","","","","","","","","","","","","","","","","","","","","","","","","","","",""
"aaea4916-b2f2-4bad-9823-07b9572eadca","Jmszxis_","BR","0","2396","","","","","","","","","","","","","","","","","","","","","","","","","","","","","","","","","","","",""
"7ca4d325-eeab-42bd-9f77-6ba5dbd0136e","_S3m_nome_","BR","0","2397","","","","","","","","","","","","","","","","","","","","","","","","","","","","","","","","","","","",""
"88b77fce-2ccf-4720-9bf8-d8bb59172587","Spakoatako","BR","0","2398","","","","","","","","","","","","","","","","","","","","","","","","","","","","","","","","","","","",""
"1da76184-0fa4-4cd7-93e2-5abfb6386fa8","MerwenSmith","BR","0","2399","","","","","","","","","","","","","","","","","","","","","","","","","","","","","","","","","","","",""
"81a4d6c7-b622-4c1a-a091-1d31757ef8d7","d3mon_77","BR","0","2400","","","","","","","","","","","","","","","","","","","","","","","","","","","","","","","","","","","",""
"71bcf7ca-0553-42f6-a174-bbd0ac25939e","bl0odd","BR","0","2401","","","","","","","","","","","","","","","","","","","","","","","","","","","","","","","","","","","",""
"505fab92-3152-47e8-82f1-cbe87bd936df","TvBr303","BR","0","2402","","","","","","","","","","","","","","","","","","","","","","","","","","","","","","","","","","","",""
"de282609-dcbb-4590-ac18-d90db450450a","MQQpenit","BR","0","2403","","","","","","","","","","","","","","","","","","","","","","","","","","","","","","","","","","","",""
"4f70c3bf-f327-4628-a1f2-9c3012dd159b","Sigmaggs","BR","0","2404","","","","","","","","","","","","","","","","","","","","","","","","","","","","","","","","","","","",""
"253836b6-8e97-4cd8-8391-095bc13a4a68","Twinc0q","BR","0","2405","","","","","","","","","","","","","","","","","","","","","","","","","","","","","","","","","","","",""
"d9e665aa-a080-49a2-9028-4703503c4644","gabriel12365477","BR","0","2406","","","","","","","","","","","","","","","","","","","","","","","","","","","","","","","","","","","",""
"2f5d86e1-50ef-4c50-80a6-3a2ba0a15cec","Alternativo_","BR","0","2407","","","","","","","","","","","","","","","","","","","","","","","","","","","","","","","","","","","",""
"0828c2c0-5e10-4422-a7c8-68a0339e1bd3","Pepx_","BR","0","2408","","","","","","","","","","","","","","","","","","","","","","","","","","","","","","","","","","","",""
"1b63c66f-30ad-44a9-a4c6-82825db05f6f","zzzkss","BR","0","2409","","","","","","","","","","","","","","","","","","","","","","","","","","","","","","","","","","","",""
"9c94f2e1-ab11-4f59-a59c-38e0a8521bc9","BeaYellow_","BR","0","2410","","","","","","","","","","","","","","","","","","","","","","","","","","","","","","","","","","","",""
"bc116c06-47a1-41b4-a35f-329214988ab1","2ashzz","BR","0","2411","","","","","","","","","","","","","","","","","","","","","","","","","","","","","","","","","","","",""
"edef704e-cc61-4579-b4f4-7ecd999025b0","awkward4059","BR","0","2412","","","","","","","","","","","","","","","","","","","","","","","","","","","","","","","","","","","",""
"1e8a1cc6-6612-47d0-a21f-47190bce711b","Klug3","BR","0","2413","","","","","","","","","","","","","","","","","","","","","","","","","","","","","","","","","","","",""
"fecf3da7-348d-4658-902d-5cb7f2c19b04","Amik1337","BR","0","2414","","","","","","","","","","","","","","","","","","","","","","","","","","","","","","","","","","","",""
"12e2e665-d4dd-46e6-8e8b-1f759ecd9da2","winter341","BR","0","2415","","","","","","","","","","","","","","","","","","","","","","","","","","","","","","","","","","","",""
"f5fd9222-55fd-49ed-a0e0-03a121398bc5","zonit_","AR","0","2416","","","","","","","","","","","","","","","","","","","","","","","","","","","","","","","","","","","",""
"82265ce2-d751-4dee-8b76-9ad6d8c336f7","Feelxz","BR","0","2417","","","","","","","","","","","","","","","","","","","","","","","","","","","","","","","","","","","",""
"5bb52e23-33ef-4259-aa1b-7936ca6fe98a","zzbtt","AR","0","2418","","","","","","","","","","","","","","","","","","","","","","","","","","","","","","","","","","","",""
"86269c9e-a044-4aa0-9f7b-e7b6b28b456e","ItzRealBlackz","BR","0","2419","","","","","","","","","","","","","","","","","","","","","","","","","","","","","","","","","","","",""
"729aa81c-7336-40c2-9665-c8a7469afa4d","idkmaconila","BR","0","2420","","","","","","","","","","","","","","","","","","","","","","","","","","","","","","","","","","","",""
"44c9b46a-e5da-4cc7-bb60-7b16f16af13c","ImPepopo","BR","0","2421","","","","","","","","","","","","","","","","","","","","","","","","","","","","","","","","","","","",""
"83096580-7268-4c76-a589-a780e9846725","Raf_Br1","BR","0","2422","","","","","","","","","","","","","","","","","","","","","","","","","","","","","","","","","","","",""
"c1e41b91-1d5a-4042-bdb2-116e3237d0a9","MeSchulz","BR","0","2423","","","","","","","","","","","","","","","","","","","","","","","","","","","","","","","","","","","",""
"09a9bc02-c542-40d2-80d2-4c820ceb52c6","afiadinho__","BR","0","2424","","","","","","","","","","","","","","","","","","","","","","","","","","","","","","","","","","","",""
"1daadba8-bb34-43ee-b534-549c6844ef3e","Divine_Arrow","BR","0","2425","","","","","","","","","","","","","","","","","","","","","","","","","","","","","","","","","","","",""
"788df8a4-cfac-455c-83ab-4eaebf1cfb49","daraleys","BR","0","2426","","","","","","","","","","","","","","","","","","","","","","","","","","","","","","","","","","","",""
"e749a13b-6799-41e5-91e5-d194b9d2633a","m8sxn","BR","0","2427","","","","","","","","","","","","","","","","","","","","","","","","","","","","","","","","","","","",""
"31b8d620-cb24-4bed-acb6-4217cc140862","awca223545","BR","0","2428","","","","","","","","","","","","","","","","","","","","","","","","","","","","","","","","","","","",""
"4d45f0aa-f308-4e3c-95ca-07c08025cf91","EuCoringando_","BR","0","2429","","","","","","","","","","","","","","","","","","","","","","","","","","","","","","","","","","","",""
"2bc73a9b-d6c3-4317-8122-14135b20d489","legit10","BR","0","2430","","","","","","","","","","","","","","","","","","","","","","","","","","","","","","","","","","","",""
"5b2f468b-7435-457b-9caa-4146827aafd4","vitoor1","BR","0","2431","","","","","","","","","","","","","","","","","","","","","","","","","","","","","","","","","","","",""
"ce903769-732e-4ee3-9218-6c7f1b0dbcf6","Flawre13","BR","0","2432","","","","","","","","","","","","","","","","","","","","","","","","","","","","","","","","","","","",""
"b114712d-3cf3-48ef-8573-e0a4a141c698","Logeyy00","BR","0","2433","","","","","","","","","","","","","","","","","","","","","","","","","","","","","","","","","","","",""
"7d300f31-859a-44a1-9e51-f41c7e16b952","Flipergamer456y","BR","0","2434","","","","","","","","","","","","","","","","","","","","","","","","","","","","","","","","","","","",""
"feacc458-b2b3-4cc4-8729-03317ae38f0e","Ucas475INTZ","BR","0","2435","","","","","","","","","","","","","","","","","","","","","","","","","","","","","","","","","","","",""
"2b19f911-d0cd-4b8a-a1b9-dc681584bd89","mbranco","BR","0","2436","","","","","","","","","","","","","","","","","","","","","","","","","","","","","","","","","","","",""
"954e7d18-be82-4e96-a97c-c08b4e7afe2f","Johnpork1952","BR","0","2437","","","","","","","","","","","","","","","","","","","","","","","","","","","","","","","","","","","",""
"68dc1dd3-8ac2-4458-9583-6e95b34974cb","dracoqmanz","BR","0","2438","","","","","","","","","","","","","","","","","","","","","","","","","","","","","","","","","","","",""
"083b554c-f335-410c-a02d-715644602569","bigodismo","BR","0","2439","","","","","","","","","","","","","","","","","","","","","","","","","","","","","","","","","","","",""
"242a24e8-f97f-43f9-8adb-abe941756fe7","brSWERZ","BR","0","2440","","","","","","","","","","","","","","","","","","","","","","","","","","","","","","","","","","","",""
"b8498f13-49c8-44a0-a548-0dd0c7077237","rwxz_","BR","0","2441","","","","","","","","","","","","","","","","","","","","","","","","","","","","","","","","","","","",""
"477692cd-e574-49a3-92cc-65062d58ad8d","amphemanY7_","BR","0","2442","","","","","","","","","","","","","","","","","","","","","","","","","","","","","","","","","","","",""
"c13289e5-169b-405c-b159-5a66fc94bcc2","Bediaas","BR","0","2443","","","","","","","","","","","","","","","","","","","","","","","","","","","","","","","","","","","",""
"ef809015-6c9a-427c-a2a6-d6797c263288","_Chelby","BR","0","2444","","","","","","","","","","","","","","","","","","","","","","","","","","","","","","","","","","","",""
"c654b424-9add-47a4-8078-4835c93349f9","EnderXS2","BR","0","2445","","","","","","","","","","","","","","","","","","","","","","","","","","","","","","","","","","","",""
"63f0f8ee-9c4d-4175-bc81-21223e542e88","zPaladin","BR","0","2446","","","","","","","","","","","","","","","","","","","","","","","","","","","","","","","","","","","",""
"031c2c0f-6e30-487c-8d03-605091f0f7bf","yra__","BR","0","2447","","","","","","","","","","","","","","","","","","","","","","","","","","","","","","","","","","","",""
"99b995a2-c0c1-4d9f-98b1-86551f2671db","Indeterminado_","BR","0","2448","","","","","","","","","","","","","","","","","","","","","","","","","","","","","","","","","","","",""
"03b30ad7-ab74-450a-b826-23d0412ca81f","thomaznoc","BR","0","2449","","","","","","","","","","","","","","","","","","","","","","","","","","","","","","","","","","","",""
"a174528c-5088-4c7b-a266-bcbc7e83debb","Luanzinnx","BR","0","2450","","","","","","","","","","","","","","","","","","","","","","","","","","","","","","","","","","","",""
"c61f3f9f-7e47-4492-bcf2-a42bfcf7782a","SrJoguinhos","BR","0","2451","","","","","","","","","","","","","","","","","","","","","","","","","","","","","","","","","","","",""
"50e4823d-1dbb-46e9-8f27-836d48ff510b","Tutuzimm","BR","0","2452","","","","","","","","","","","","","","","","","","","","","","","","","","","","","","","","","","","",""
"0e0ca095-52d5-4ee1-b481-660403ffe2d2","fe12soares","BR","0","2453","","","","","","","","","","","","","","","","","","","","","","","","","","","","","","","","","","","",""
"6ac322f6-ad62-47a0-b72a-854b05f8972c","Bebado","BR","0","2454","","","","","","","","","","","","","","","","","","","","","","","","","","","","","","","","","","","",""
"d0bb3b0b-53b9-40f3-842e-6b32564d3d44","Estrelo_Guy","BR","0","2455","","","","","","","","","","","","","","","","","","","","","","","","","","","","","","","","","","","",""
"aa57444c-af87-4647-a171-29253001ce8d","unknw7","BR","0","2456","","","","","","","","","","","","","","","","","","","","","","","","","","","","","","","","","","","",""
"69d2fce7-0cd7-4865-9baa-5b1127614c98","Santin_Speedzinn","BR","0","2457","","","","","","","","","","","","","","","","","","","","","","","","","","","","","","","","","","","",""
"04685851-13d0-4139-8afc-9fe8e9fc362d","balzur","BR","0","2458","","","","","","","","","","","","","","","","","","","","","","","","","","","","","","","","","","","",""
"d9426a61-3e10-4d26-9693-797b7637fdde","molinaiou","BR","0","2459","","","","","","","","","","","","","","","","","","","","","","","","","","","","","","","","","","","",""
"082c9f35-125a-4a2a-916f-d3efec5e9e1b","tomijado00","BR","0","2460","","","","","","","","","","","","","","","","","","","","","","","","","","","","","","","","","","","",""
"dc845e1a-6922-47cc-ab19-b683010d2ade","Akira_Miss","BR","0","2461","","","","","","","","","","","","","","","","","","","","","","","","","","","","","","","","","","","",""
"bdc2a412-6b02-46c5-be63-8da06cb4ac93","robogg133","BR","0","2462","","","","","","","","","","","","","","","","","","","","","","","","","","","","","","","","","","","",""
"d46091f9-b2ca-4bc0-93b8-29444c60f03c","koster77","BR","0","2463","","","","","","","","","","","","","","","","","","","","","","","","","","","","","","","","","","","",""
"62b5fda3-232c-4243-a8d4-8bb5ec39eeb4","cloudyhzzx","BR","0","2464","","","","","","","","","","","","","","","","","","","","","","","","","","","","","","","","","","","",""
"42e4c1dc-0fef-4a01-ad0a-4fa0a9e92211","Pankratt","BR","0","2465","","","","","","","","","","","","","","","","","","","","","","","","","","","","","","","","","","","",""
"71e1e7f8-7fb0-4c32-8e8d-3c6bbb5ad432","RyasTheKiller","BR","0","2466","","","","","","","","","","","","","","","","","","","","","","","","","","","","","","","","","","","",""
"83220bd7-0922-4962-93fd-56ced8da1103","ENALDINHO6767","BR","0","2467","","","","","","","","","","","","","","","","","","","","","","","","","","","","","","","","","","","",""
"05366417-0e0b-488b-b268-3aa4a00fbf1c","highsamuca","BR","0","2468","","","","","","","","","","","","","","","","","","","","","","","","","","","","","","","","","","","",""
"c4a79662-c1f8-4261-b934-37e38cde61d7","Referi_","AR","0","2469","","","","","","","","","","","","","","","","","","","","","","","","","","","","","","","","","","","",""
"8f6c4142-0c20-4202-b674-7345ae18de70","AresYasui","BR","0","2470","","","","","","","","","","","","","","","","","","","","","","","","","","","","","","","","","","","",""
"f0488f5a-1886-42a7-918a-15a13dc4b689","fallenas","BR","0","2471","","","","","","","","","","","","","","","","","","","","","","","","","","","","","","","","","","","",""
"52bd51b6-505b-42d2-a7b0-882f7e863b96","z1__","BR","0","2472","","","","","","","","","","","","","","","","","","","","","","","","","","","","","","","","","","","",""
"ac3a5d0c-1e75-4d4a-ba81-bc618fb8b83a","h4teboy","BR","0","2473","","","","","","","","","","","","","","","","","","","","","","","","","","","","","","","","","","","",""
"013db61b-857c-445f-8a88-6fd6e55f240e","skitw","BR","0","2474","","","","","","","","","","","","","","","","","","","","","","","","","","","","","","","","","","","",""
"675cbdda-ffd2-4f75-90db-2e7082566280","Gustaw112","BR","0","2475","","","","","","","","","","","","","","","","","","","","","","","","","","","","","","","","","","","",""
"d00db922-3e20-461c-adae-3a4efdc51865","Redizin","BR","0","2476","","","","","","","","","","","","","","","","","","","","","","","","","","","","","","","","","","","",""
"95735492-2a62-4537-829c-9e584c8e4173","gwbzin","BR","0","2477","","","","","","","","","","","","","","","","","","","","","","","","","","","","","","","","","","","",""
"d0a206c4-4146-48e4-a5c6-5db4a0eba251","HHenriqueGamer","BR","0","2478","","","","","","","","","","","","","","","","","","","","","","","","","","","","","","","","","","","",""
"731c8be4-e470-4c68-8dbb-8b062c05b864","PintinhoMc","BR","0","2479","","","","","","","","","","","","","","","","","","","","","","","","","","","","","","","","","","","",""
"881d0a7c-e706-4d1f-a505-44a5ae5a993c","Dabbsmcz","BR","0","2480","","","","","","","","","","","","","","","","","","","","","","","","","","","","","","","","","","","",""
"a792c93c-f53b-4c5b-8a1b-0a7151de663e","situacaodificil","BR","0","2481","","","","","","","","","","","","","","","","","","","","","","","","","","","","","","","","","","","",""
"617fd34f-b040-4b30-8472-b870e492b13e","DadiYankii","CL","0","2482","","","","","","","","","","","","","","","","","","","","","","","","","","","","","","","","","","","",""
"5f24f40c-a426-43cc-a5ec-2cbaf03f7c0d","Vqzxc","BR","0","2483","","","","","","","","","","","","","","","","","","","","","","","","","","","","","","","","","","","",""
"656bcfcc-4207-4b1d-a55f-92cdff19a49d","Kaizotto","BR","0","2484","","","","","","","","","","","","","","","","","","","","","","","","","","","","","","","","","","","",""
"cdc4c411-f5f6-4778-811a-24b2010287e0","575x","BR","0","2485","","","","","","","","","","","","","","","","","","","","","","","","","","","","","","","","","","","",""
"037729cd-e8f5-436d-96b7-9f6ba6e1a06a","yLeoft","BR","0","2486","","","","","","","","","","","","","","","","","","","","","","","","","","","","","","","","","","","",""
"e7ef1e98-63fc-4b3a-9342-22fff4c52e1a","SatanicClubstep","BR","0","2487","","","","","","","","","","","","","","","","","","","","","","","","","","","","","","","","","","","",""
"621f8f5f-5cee-414f-89ae-6e1a7675acd7","Manerin_","BR","0","2488","","","","","","","","","","","","","","","","","","","","","","","","","","","","","","","","","","","",""
"1a3ed147-443f-46d5-8310-fe62418ae417","therealjonahhhhh","BR","0","2489","","","","","","","","","","","","","","","","","","","","","","","","","","","","","","","","","","","",""
"66310734-4619-4e76-a336-dad60e8abd2f","heepphoff","BR","0","2490","","","","","","","","","","","","","","","","","","","","","","","","","","","","","","","","","","","",""
"6cd80784-2786-4dce-b095-1280f7a2ee03","SantoDaEspada","BR","0","2491","","","","","","","","","","","","","","","","","","","","","","","","","","","","","","","","","","","",""
"71bc0e52-f5da-4b8d-afd7-76978e3ca91a","six_lord","BR","0","2492","","","","","","","","","","","","","","","","","","","","","","","","","","","","","","","","","","","",""
"27493d52-c761-4e65-9f8b-e1a4bc6b415d","Saltitao","BR","0","2493","","","","","","","","","","","","","","","","","","","","","","","","","","","","","","","","","","","",""
"bb1198b1-fa48-4bcf-afdd-0ae715d9e9ce","DREXX0A1","BR","0","2494","","","","","","","","","","","","","","","","","","","","","","","","","","","","","","","","","","","",""
"3581ee93-fb36-4ec3-b66c-279e0ebefcd8","LucasPA147","BR","0","2495","","","","","","","","","","","","","","","","","","","","","","","","","","","","","","","","","","","",""
"83544784-2948-4666-bf58-634f49f1bee2","Kaudotdev","BR","0","2496","","","","","","","","","","","","","","","","","","","","","","","","","","","","","","","","","","","",""
"3fe91457-2998-4a00-b8ad-ecee7237fed6","Duds_33","BR","0","2497","","","","","","","","","","","","","","","","","","","","","","","","","","","","","","","","","","","",""
"f0f383c5-74bf-4e04-b2b6-cf88e0e18012","NagiiGG","BR","0","2498","","","","","","","","","","","","","","","","","","","","","","","","","","","","","","","","","","","",""
"c63dc61c-714b-4e91-9675-f789905695e8","chef_penguim","BR","0","2499","","","","","","","","","","","","","","","","","","","","","","","","","","","","","","","","","","","",""
"f33240c4-92e9-4bd9-bef9-ef27045b6f69","migels_","BR","0","2500","","","","","","","","","","","","","","","","","","","","","","","","","","","","","","","","","","","",""
"61712c5e-eaa4-477a-a13c-26939baf1824","leozintrevas","BR","0","2501","","","","","","","","","","","","","","","","","","","","","","","","","","","","","","","","","","","",""
"b737caff-13e0-4a3c-a914-6010b72d9667","CleanCombed","BR","0","2502","","","","","","","","","","","","","","","","","","","","","","","","","","","","","","","","","","","",""
"a28c4437-28ef-4d2d-8c9b-2ba07e7fe123","miguelschramm","BR","0","2503","","","","","","","","","","","","","","","","","","","","","","","","","","","","","","","","","","","",""
"40b3ce07-85f8-4f36-9b14-84af372f7bad","Jaca_","BR","0","2504","","","","","","","","","","","","","","","","","","","","","","","","","","","","","","","","","","","",""
"9652da49-4eb8-4777-8782-53074a38a68f","REI_DELAS_LINDO","BR","0","2505","","","","","","","","","","","","","","","","","","","","","","","","","","","","","","","","","","","",""
"bd7751e7-de6d-4a99-8550-90ad8b1125cb","Ignos02","BR","0","2506","","","","","","","","","","","","","","","","","","","","","","","","","","","","","","","","","","","",""
"6ac7725f-e805-4c5b-a31a-e6211ca304d5","kuuhaku41","BR","0","2507","","","","","","","","","","","","","","","","","","","","","","","","","","","","","","","","","","","",""
"3d2883d1-b731-42b9-8921-da694bc5dcd0","Tsuki_Fodasa","BR","0","2508","","","","","","","","","","","","","","","","","","","","","","","","","","","","","","","","","","","",""
"916fb16c-b4b2-4144-9ccd-c99fd448de1c","pedemeia_","BR","0","2509","","","","","","","","","","","","","","","","","","","","","","","","","","","","","","","","","","","",""
"12afef5b-d6c7-4f33-8612-c706c7fdc7c9","Davi6372","BR","0","2510","","","","","","","","","","","","","","","","","","","","","","","","","","","","","","","","","","","",""
"73fd8d07-c027-4195-ae4f-df82e79ae164","NotOnlyFabs","BO","0","2511","","","","","","","","","","","","","","","","","","","","","","","","","","","","","","","","","","","",""
"e7a0794e-7c64-424d-b0ae-a6826731c004","Tupirani","BR","0","2512","","","","","","","","","","","","","","","","","","","","","","","","","","","","","","","","","","","",""
"408348ba-9ed7-4fb0-9ffa-ea3bc4dc2b11","TENHO_AURA","BR","0","2513","","","","","","","","","","","","","","","","","","","","","","","","","","","","","","","","","","","",""
"b61a8f07-7e14-40e8-b342-ca96768f3dfd","YourL0ve1sToxiC","BR","0","2514","","","","","","","","","","","","","","","","","","","","","","","","","","","","","","","","","","","",""
"89a2621c-1557-4f12-90ab-de80cf18efd4","LinhCbqoQ0221","BR","0","2515","","","","","","","","","","","","","","","","","","","","","","","","","","","","","","","","","","","",""
"a214134a-c2bf-4cf3-af8c-6a386a3ea6f4","rip_chooper","UY","0","2516","","","","","","","","","","","","","","","","","","","","","","","","","","","","","","","","","","","",""
"bf68ebec-94d7-4961-a67c-8133cedb1383","ExcamDtaps","BR","0","2517","","","","","","","","","","","","","","","","","","","","","","","","","","","","","","","","","","","",""
"3e9fa544-0b1a-48b5-95ea-e1a6170b7149","MigszxPNG","BR","0","2518","","","","","","","","","","","","","","","","","","","","","","","","","","","","","","","","","","","",""
"d7fb0dd7-91af-4542-9e85-c81e942b5d37","17kzn","BR","0","2519","","","","","","","","","","","","","","","","","","","","","","","","","","","","","","","","","","","",""
"389173ec-f29a-4716-b0fc-6106aab2dcf8","lord40L","BR","0","2520","","","","","","","","","","","","","","","","","","","","","","","","","","","","","","","","","","","",""
"2c7cac24-d147-44e6-9b24-bd03d366556e","Hs_legends","BR","0","2521","","","","","","","","","","","","","","","","","","","","","","","","","","","","","","","","","","","",""
"bfd3658a-4094-4387-b7c6-4b5cc8ad9cac","JreqMaster","BR","0","2522","","","","","","","","","","","","","","","","","","","","","","","","","","","","","","","","","","","",""
"fcdaa957-594e-4f71-9439-08100b403c36","Maarco_","BR","0","2523","","","","","","","","","","","","","","","","","","","","","","","","","","","","","","","","","","","",""
"5a60c5ea-3a6a-4644-b0df-08016fe06f17","jaozinGG","BR","0","2524","","","","","","","","","","","","","","","","","","","","","","","","","","","","","","","","","","","",""
"bfb99ebd-75cf-4a90-9b87-700db984afd3","rafahulk_","BR","0","2525","","","","","","","","","","","","","","","","","","","","","","","","","","","","","","","","","","","",""
"bd341472-04d2-4dea-a838-a6b30b69d48b","arthuff","BR","0","2526","","","","","","","","","","","","","","","","","","","","","","","","","","","","","","","","","","","",""
"652d8ca0-c101-4eaa-9b1f-b7a27ded8a5b","Linuxz_","BR","0","2527","","","","","","","","","","","","","","","","","","","","","","","","","","","","","","","","","","","",""
"82d84931-1c63-4d4c-bbb6-a8fb1ef23eb9","yDawkzz","BR","0","2528","","","","","","","","","","","","","","","","","","","","","","","","","","","","","","","","","","","",""
"082caff8-fa8b-466e-9aa5-7a1dd56d0003","Braianzs","BR","0","2529","","","","","","","","","","","","","","","","","","","","","","","","","","","","","","","","","","","",""
"36538d0c-50ce-4810-b0d4-f692d7fece42","gordomariguana","AR","0","2530","","","","","","","","","","","","","","","","","","","","","","","","","","","","","","","","","","","",""
"4b945592-dc56-4758-81c7-e44d631c2039","_Spectrum7","BR","0","2531","","","","","","","","","","","","","","","","","","","","","","","","","","","","","","","","","","","",""
"bbd20420-f9de-4b1c-af9c-84ad992f2228","Kauazinzx7","BR","0","2532","","","","","","","","","","","","","","","","","","","","","","","","","","","","","","","","","","","",""
"bb2a2427-8c80-48bd-84a0-4553550aafc8","brianoobr","BR","0","2533","","","","","","","","","","","","","","","","","","","","","","","","","","","","","","","","","","","",""
"5522dcfe-f529-440c-b592-50b149585b10","scoby900","BR","0","2534","","","","","","","","","","","","","","","","","","","","","","","","","","","","","","","","","","","",""
"82f9d863-2712-42aa-8f49-e1ccf2c269df","Bag_inteR","BR","0","2535","","","","","","","","","","","","","","","","","","","","","","","","","","","","","","","","","","","",""
"2c2f6aec-a20e-4f14-ad95-0c7cc2e6ce7c","Vantaskull","BR","0","2536","","","","","","","","","","","","","","","","","","","","","","","","","","","","","","","","","","","",""
"a3af0d6c-a3a4-44fd-a00c-88c90c9cfb3d","imthebest888","BR","0","2537","","","","","","","","","","","","","","","","","","","","","","","","","","","","","","","","","","","",""
"499cb4b3-e689-4e24-8413-5ab87d0f8cd6","4xaim","BR","0","2538","","","","","","","","","","","","","","","","","","","","","","","","","","","","","","","","","","","",""
"3b75ea46-9ee2-413d-a6a7-704617eadf43","LIGHTPLAS","BR","0","2539","","","","","","","","","","","","","","","","","","","","","","","","","","","","","","","","","","","",""
"b6d254dd-baf3-45d1-9dea-3e7e8515c118","carlinhadograu","BR","0","2540","","","","","","","","","","","","","","","","","","","","","","","","","","","","","","","","","","","",""
"486dfba0-703c-4488-b210-c7c0009b34a1","LynLynus","BR","0","2541","","","","","","","","","","","","","","","","","","","","","","","","","","","","","","","","","","","",""
"92edba45-bdba-4851-b2ae-35a69cf99bfe","wagnerizxs","BR","0","2542","","","","","","","","","","","","","","","","","","","","","","","","","","","","","","","","","","","",""
"36a76355-6da6-4b71-bfce-16de0b5af9ad","Cleitenn3X","BR","0","2543","","","","","","","","","","","","","","","","","","","","","","","","","","","","","","","","","","","",""
"8e470b1e-3307-4039-8407-64507bfe2958","lulukrl3","BR","0","2544","","","","","","","","","","","","","","","","","","","","","","","","","","","","","","","","","","","",""
"829875b7-a4ac-4653-a72d-07000ee94703","Xrkq7","BR","0","2545","","","","","","","","","","","","","","","","","","","","","","","","","","","","","","","","","","","",""
"bd71fefa-6ab6-40d1-9402-20422c41447a","Eluard","BR","0","2546","","","","","","","","","","","","","","","","","","","","","","","","","","","","","","","","","","","",""
"a1005405-373d-4dd4-a3c3-850379831804","NotMasonnn","BR","0","2547","","","","","","","","","","","","","","","","","","","","","","","","","","","","","","","","","","","",""
"76df4240-2e05-4d50-868a-6a34136356c8","snakyzin_rs","BR","0","2548","","","","","","","","","","","","","","","","","","","","","","","","","","","","","","","","","","","",""
"b65c9be0-d139-404b-9505-3914f7f507d6","PorialZzZ","BR","0","2549","","","","","","","","","","","","","","","","","","","","","","","","","","","","","","","","","","","",""
"a77dc2a4-bcca-4f7c-97ad-ec685d9237f0","ElMalditoH","AR","0","2550","","","","","","","","","","","","","","","","","","","","","","","","","","","","","","","","","","","",""
"909ef898-522d-4949-8b55-a6bd052aedb9","Askeeland","BO","0","2551","","","","","","","","","","","","","","","","","","","","","","","","","","","","","","","","","","","",""
"9b6d53ad-6d2a-4c0e-9e04-846f1fe43869","johnnwy","BR","0","2552","","","","","","","","","","","","","","","","","","","","","","","","","","","","","","","","","","","",""
"96f586f1-9d5c-4ed9-9597-7230e806c01e","ignRaid","BR","0","2553","","","","","","","","","","","","","","","","","","","","","","","","","","","","","","","","","","","",""
"ad750514-edef-4552-bc53-7dd13e35aafe","haiseXIT","BR","0","2554","","","","","","","","","","","","","","","","","","","","","","","","","","","","","","","","","","","",""
"e2c696d7-2e22-4407-be03-269dd0bdc414","Rain16","BR","0","2555","","","","","","","","","","","","","","","","","","","","","","","","","","","","","","","","","","","",""
"3c7f8129-8457-4748-a3b1-b9eb73e6353f","arcanix_vlg","BR","0","2556","","","","","","","","","","","","","","","","","","","","","","","","","","","","","","","","","","","",""
"67d661e7-dd2c-486b-96c3-b410b963c9bb","qwloy","BR","0","2557","","","","","","","","","","","","","","","","","","","","","","","","","","","","","","","","","","","",""
"0f399a85-6c85-495d-b488-af0bda60c81c","TheGameFalcon","BR","0","2558","","","","","","","","","","","","","","","","","","","","","","","","","","","","","","","","","","","",""
"a8bae728-11f4-4f71-bd54-74ea587398b2","Hutts_","BR","0","2559","","","","","","","","","","","","","","","","","","","","","","","","","","","","","","","","","","","",""
"ec24d5a8-9fe6-4c20-85f9-8a02e7f03350","Tr1kst3rz","BR","0","2560","","","","","","","","","","","","","","","","","","","","","","","","","","","","","","","","","","","",""
"7d5eb023-7c88-4239-b853-cd366b864d89","velaspretas","BR","0","2561","","","","","","","","","","","","","","","","","","","","","","","","","","","","","","","","","","","",""
"c26aecd5-2355-47bb-a163-9a6db48e30f0","Toss762","BR","0","2562","","","","","","","","","","","","","","","","","","","","","","","","","","","","","","","","","","","",""
"34008485-5f9b-408a-af08-509b5f1cd19e","hykx_","BR","0","2563","","","","","","","","","","","","","","","","","","","","","","","","","","","","","","","","","","","",""
"fb630935-6f86-43f4-9cbb-30933ccc326b","Juliaexplays","BR","0","2564","","","","","","","","","","","","","","","","","","","","","","","","","","","","","","","","","","","",""
"4298eee9-285b-43fc-917c-ef12b0e08774","caduri","BR","0","2565","","","","","","","","","","","","","","","","","","","","","","","","","","","","","","","","","","","",""
"4f87f040-a613-4958-afd1-192c2c5429ef","paprxit_","BR","0","2566","","","","","","","","","","","","","","","","","","","","","","","","","","","","","","","","","","","",""
"656000f9-8770-4c39-9232-3b3e4447bac5","DesceTiraRoupa","BR","0","2567","","","","","","","","","","","","","","","","","","","","","","","","","","","","","","","","","","","",""
"9a7e7889-8e91-4053-a1d6-5e84bb68ff2b","BarkieSchade","BR","0","2568","","","","","","","","","","","","","","","","","","","","","","","","","","","","","","","","","","","",""
"0773d1b7-e0ee-41fa-99e4-d7211d00f701","gosto2020","BR","0","2569","","","","","","","","","","","","","","","","","","","","","","","","","","","","","","","","","","","",""
"2c05778d-677c-4a7e-b24d-888ab77cb96e","sunivy","BR","0","2570","","","","","","","","","","","","","","","","","","","","","","","","","","","","","","","","","","","",""
"22fe37b7-5e8e-4937-8bc3-72781d01de9c","SnowPNG","BR","0","2571","","","","","","","","","","","","","","","","","","","","","","","","","","","","","","","","","","","",""
"350dbcad-10f5-44d2-a3a9-1c3024d54d20","SkyCoffeeh","BR","0","2572","","","","","","","","","","","","","","","","","","","","","","","","","","","","","","","","","","","",""
"ababb3b8-5b20-4730-8f13-7ad061d42d55","Lightz_Dog","BR","0","2573","","","","","","","","","","","","","","","","","","","","","","","","","","","","","","","","","","","",""
"9a9c1c3d-c502-4279-8d97-37d33c8c62ab","UserTheKiller","BR","0","2574","","","","","","","","","","","","","","","","","","","","","","","","","","","","","","","","","","","",""
"65931f96-9917-40c0-b28b-0cc5be52b9c9","miguxin","BR","0","2575","","","","","","","","","","","","","","","","","","","","","","","","","","","","","","","","","","","",""
"1d25ac92-df28-40bd-a20e-ed8b4e4bda70","pensaativo","BR","0","2576","","","","","","","","","","","","","","","","","","","","","","","","","","","","","","","","","","","",""
"b968ed62-f863-445d-bc02-2701f8f6773d","murhl_","BR","0","2577","","","","","","","","","","","","","","","","","","","","","","","","","","","","","","","","","","","",""
"3eba1b50-a4b5-49e4-b242-a75b53de4d34","lhutii","BR","0","2578","","","","","","","","","","","","","","","","","","","","","","","","","","","","","","","","","","","",""
"4dc24047-0a35-4eaa-b8c2-2eb6a0e072b5","Asther1x","BR","0","2579","","","","","","","","","","","","","","","","","","","","","","","","","","","","","","","","","","","",""
"832c5f8b-8e87-4b67-9e76-0c7356ff16e8","TaiZen4","BR","0","2580","","","","","","","","","","","","","","","","","","","","","","","","","","","","","","","","","","","",""
"0d9fd11c-4e10-45a7-9b7e-8fdc1da5de74","SrMyojo","BR","0","2581","","","","","","","","","","","","","","","","","","","","","","","","","","","","","","","","","","","",""
"d0d7f078-96de-4f64-829d-fa2a5cadc263","CabelinXpz71","BR","0","2582","","","","","","","","","","","","","","","","","","","","","","","","","","","","","","","","","","","",""
"080bc488-c96e-4396-8cee-d8327f9a93fe","Valve_w","BR","0","2583","","","","","","","","","","","","","","","","","","","","","","","","","","","","","","","","","","","",""
"520981d1-a6f9-4cf1-95db-fca103e11a38","SrJoao_","BR","0","2584","","","","","","","","","","","","","","","","","","","","","","","","","","","","","","","","","","","",""
"72a65326-fdd3-4c6f-9c9a-5c681f8579e5","CruizCredo","BR","0","2585","","","","","","","","","","","","","","","","","","","","","","","","","","","","","","","","","","","",""
"9da396d4-2386-4b21-aeda-ab2f00ed84eb","XENO1V1","BR","0","2586","","","","","","","","","","","","","","","","","","","","","","","","","","","","","","","","","","","",""
"234549ab-eaa4-4cd2-a3ec-8088cca82940","PEPEXIN_CPVP","BR","0","2587","","","","","","","","","","","","","","","","","","","","","","","","","","","","","","","","","","","",""
"310f2813-1016-4aa1-9c79-10bd85da23c0","CosmicHXH","BR","0","2588","","","","","","","","","","","","","","","","","","","","","","","","","","","","","","","","","","","",""
"63dbe43a-b3bd-4116-b903-b2dce0207488","Same_lonny","BR","0","2589","","","","","","","","","","","","","","","","","","","","","","","","","","","","","","","","","","","",""
"00af557c-3c16-42b4-88a5-66d8b9d712ca","ralopy","BR","0","2590","","","","","","","","","","","","","","","","","","","","","","","","","","","","","","","","","","","",""
"189b8f4c-66dc-4280-b3c7-8888f16c830f","NetRuim","BR","0","2591","","","","","","","","","","","","","","","","","","","","","","","","","","","","","","","","","","","",""
"9dbb523c-9b53-4d8c-83d5-b5cf6dd930be","cremild0","BR","0","2592","","","","","","","","","","","","","","","","","","","","","","","","","","","","","","","","","","","",""
"110661d8-57f8-4495-ae78-33e2dd8c6505","ZeyMorgan","CL","0","2593","","","","","","","","","","","","","","","","","","","","","","","","","","","","","","","","","","","",""
"70b1d3a8-0e71-40c5-bbc8-d35310b1bcc0","leozinho1","BR","0","2594","","","","","","","","","","","","","","","","","","","","","","","","","","","","","","","","","","","",""
"e37f3df1-54e1-4498-b581-12671b02a611","PaHe_","BR","0","2595","","","","","","","","","","","","","","","","","","","","","","","","","","","","","","","","","","","",""
"7f089098-ae54-4c8e-8598-052067e71749","M1R7","BR","0","2596","","","","","","","","","","","","","","","","","","","","","","","","","","","","","","","","","","","",""
"71a790aa-22c2-4fba-a76b-50491d187ba8","Z4Tempest7_","BR","0","2597","","","","","","","","","","","","","","","","","","","","","","","","","","","","","","","","","","","",""
"541b086f-9fe5-46de-8976-7e3f4147bc26","belfortzs","BR","0","2598","","","","","","","","","","","","","","","","","","","","","","","","","","","","","","","","","","","",""
"e4928a93-a4df-40c2-ad30-990ba32edf0f","ItsKall_","BR","0","2599","","","","","","","","","","","","","","","","","","","","","","","","","","","","","","","","","","","",""
"5b0ff4db-1f09-4bab-8b9e-460bd526d1da","Pedrin2120","BR","0","2600","","","","","","","","","","","","","","","","","","","","","","","","","","","","","","","","","","","",""
"c2954692-fcb1-4f9f-9a6d-b6e69657539f","juganiBR","BR","0","2601","","","","","","","","","","","","","","","","","","","","","","","","","","","","","","","","","","","",""
"0e0e3f3e-1a55-4e45-b6db-57729c23bdac","aura_solalalule","BR","0","2602","","","","","","","","","","","","","","","","","","","","","","","","","","","","","","","","","","","",""
"51ea4c1c-db28-4bb4-bfc3-462b3bf9034b","Lwz1n","BR","0","2603","","","","","","","","","","","","","","","","","","","","","","","","","","","","","","","","","","","",""
"ef6d7769-ac9f-4275-917f-be0ff17eee04","Nwoxyz","BR","0","2604","","","","","","","","","","","","","","","","","","","","","","","","","","","","","","","","","","","",""
"62201ecb-b7e8-4209-b3cd-26c5e9e6da81","PrinceOfTheHell","BR","0","2605","","","","","","","","","","","","","","","","","","","","","","","","","","","","","","","","","","","",""
"2ab1fdf1-0981-4a75-9783-bb14fb666377","Hollowdt","PE","0","2606","","","","","","","","","","","","","","","","","","","","","","","","","","","","","","","","","","","",""
"69b3d583-d9cb-4462-bffb-531d111d751a","butijao29","BR","0","2607","","","","","","","","","","","","","","","","","","","","","","","","","","","","","","","","","","","",""
"a114c54c-71a6-4550-8c09-5a297572c2a0","LochyXx","BR","0","2608","","","","","","","","","","","","","","","","","","","","","","","","","","","","","","","","","","","",""
"8d0f0836-6be2-4d1d-a2af-4355a3e258c2","Gabriel_100712","BR","0","2609","","","","","","","","","","","","","","","","","","","","","","","","","","","","","","","","","","","",""
"52289772-67dd-4f2f-b55e-62af39abf0f8","juninww7","BR","0","2610","","","","","","","","","","","","","","","","","","","","","","","","","","","","","","","","","","","",""
"8757bb2d-bcdf-4a3b-9b0e-f63833f8da7f","blazer3x7","BR","0","2611","","","","","","","","","","","","","","","","","","","","","","","","","","","","","","","","","","","",""
"2622d9d2-4cba-4cc1-bd52-d2feee332dac","canponchiro","BR","0","2612","","","","","","","","","","","","","","","","","","","","","","","","","","","","","","","","","","","",""
"89be1d6f-982f-4e74-a791-fc9379db33e8","Mikey_G2J","BR","0","2613","","","","","","","","","","","","","","","","","","","","","","","","","","","","","","","","","","","",""
"20db92af-c777-4778-bba8-498a904de0b2","ItsMarshyy","BR","0","2614","","","","","","","","","","","","","","","","","","","","","","","","","","","","","","","","","","","",""
"f218a034-0697-43dd-bcab-33c128a71aa5","skcaiu","BR","0","2615","","","","","","","","","","","","","","","","","","","","","","","","","","","","","","","","","","","",""
"d2869fc0-e11a-42d5-ad7d-8220553f1434","PerkeoMaster2000","PY","0","2616","","","","","","","","","","","","","","","","","","","","","","","","","","","","","","","","","","","",""
"5c7907d3-f5a8-49ea-b25e-e43ffab21614","MrPedrozx","BR","0","2617","","","","","","","","","","","","","","","","","","","","","","","","","","","","","","","","","","","",""
"d1d8c4ef-f3e8-4b27-85b4-3fe0df0abe45","uinw","BR","0","2618","","","","","","","","","","","","","","","","","","","","","","","","","","","","","","","","","","","",""
"772a0455-18af-4371-b012-a2b36038fe34","neitzelz","BR","0","2619","","","","","","","","","","","","","","","","","","","","","","","","","","","","","","","","","","","",""
"7af3f940-8afe-447b-ab57-89fcf8fb4283","Systenia","BR","0","2620","","","","","","","","","","","","","","","","","","","","","","","","","","","","","","","","","","","",""
"5ab4ef97-c27d-4446-bcf8-5fb5b6a875b8","7c3z","BR","0","2621","","","","","","","","","","","","","","","","","","","","","","","","","","","","","","","","","","","",""
"6d0e98de-64ab-44fa-b1f4-216ca7eee049","DidizinhoGod","BR","0","2622","","","","","","","","","","","","","","","","","","","","","","","","","","","","","","","","","","","",""
"b1e72b33-08c7-42ed-9411-46bd58c9462b","camu0615","BR","0","2623","","","","","","","","","","","","","","","","","","","","","","","","","","","","","","","","","","","",""
"e3d04083-94d9-4c75-80df-786676cdd720","jessealuvik","BR","0","2624","","","","","","","","","","","","","","","","","","","","","","","","","","","","","","","","","","","",""
"d1b0b5e5-f6f1-4d9b-9108-fc4eebe1fdef","Bhximxz","BR","0","2625","","","","","","","","","","","","","","","","","","","","","","","","","","","","","","","","","","","",""
"3689cb60-68fa-423e-9be5-189c7affa219","TungTungSaguino","BR","0","2626","","","","","","","","","","","","","","","","","","","","","","","","","","","","","","","","","","","",""
"a66d4d8b-451b-49c0-88db-2cc7d5a8213d","sharkzin_","BR","0","2627","","","","","","","","","","","","","","","","","","","","","","","","","","","","","","","","","","","",""
"525f6c06-a5a1-41c4-b23e-c943e0337516","numbZn","BR","0","2628","","","","","","","","","","","","","","","","","","","","","","","","","","","","","","","","","","","",""
"0a61494e-9f1a-4600-a48a-3d594019606d","MisakiIlQ","BR","0","2629","","","","","","","","","","","","","","","","","","","","","","","","","","","","","","","","","","","",""
"4680040a-d2e5-4cd1-8daa-db51ab9c0a61","ocqi","BR","0","2630","","","","","","","","","","","","","","","","","","","","","","","","","","","","","","","","","","","",""
"1656c03c-ad00-4450-948b-13b1603e2d96","_Htz","BR","0","2631","","","","","","","","","","","","","","","","","","","","","","","","","","","","","","","","","","","",""
"b506ef4e-ae08-48ca-8447-5d81a9737c09","Theoportuga","BR","0","2632","","","","","","","","","","","","","","","","","","","","","","","","","","","","","","","","","","","",""
"54c908b4-72a2-4607-ba61-1de9657d2c5a","FySkill","BR","0","2633","","","","","","","","","","","","","","","","","","","","","","","","","","","","","","","","","","","",""
"7dfd423d-11eb-40b7-98bd-bdfe12608068","EasyAnchor","BR","0","2634","","","","","","","","","","","","","","","","","","","","","","","","","","","","","","","","","","","",""
"2dabf372-b0ec-443e-869f-2546fec39e36","lig2","BR","0","2635","","","","","","","","","","","","","","","","","","","","","","","","","","","","","","","","","","","",""
"249cd457-2bf3-4f3f-902e-829a29c1966d","R4F43L_BW","BR","0","2636","","","","","","","","","","","","","","","","","","","","","","","","","","","","","","","","","","","",""
"548d6bb4-052f-403c-a4f1-a682bd7c85f9","WokenPvP","BR","0","2637","","","","","","","","","","","","","","","","","","","","","","","","","","","","","","","","","","","",""
"10476b9d-1522-4c3b-9911-1855fa8b12a6","Abaddon_Fiot","BR","0","2638","","","","","","","","","","","","","","","","","","","","","","","","","","","","","","","","","","","",""
"ccc22a79-4261-4ed6-b16a-155833554b64","Shiny_deluxe","BR","0","2639","","","","","","","","","","","","","","","","","","","","","","","","","","","","","","","","","","","",""
"998e6443-0e66-449f-9b8a-432c182af337","5siNerfa","BR","0","2640","","","","","","","","","","","","","","","","","","","","","","","","","","","","","","","","","","","",""
"bafede14-a9a0-4447-a580-59753e847ccc","paocumpao","BR","0","2641","","","","","","","","","","","","","","","","","","","","","","","","","","","","","","","","","","","",""
"58ed161d-5ebb-4e69-b30e-7d0175339ecd","drevonsfang","BR","0","2642","","","","","","","","","","","","","","","","","","","","","","","","","","","","","","","","","","","",""
"eafbf4dd-1a72-49f3-bdd5-d8f1e6ce0028","henripro","BR","0","2643","","","","","","","","","","","","","","","","","","","","","","","","","","","","","","","","","","","",""
"31633ba5-2905-41d0-af28-183fab3bfbab","ayocxrrupted","BR","0","2644","","","","","","","","","","","","","","","","","","","","","","","","","","","","","","","","","","","",""
"6a3cf364-6707-4f0d-b0f1-44bcd9151681","L428482","BR","0","2645","","","","","","","","","","","","","","","","","","","","","","","","","","","","","","","","","","","",""
"2ac46dc9-e3b6-419b-be93-34643d9df2eb","wannabecrystal","BR","0","2646","","","","","","","","","","","","","","","","","","","","","","","","","","","","","","","","","","","",""
"4caa83ab-6e3b-4eaa-8327-4901015ceca3","SammukaV8","BR","0","2647","","","","","","","","","","","","","","","","","","","","","","","","","","","","","","","","","","","",""
"61a5fce7-e43c-42a0-b858-9614830b3bcb","PHmauu_","BR","0","2648","","","","","","","","","","","","","","","","","","","","","","","","","","","","","","","","","","","",""
"087a5b66-b921-4bfc-996f-0773d801eef9","oasias","BR","0","2649","","","","","","","","","","","","","","","","","","","","","","","","","","","","","","","","","","","",""
"5d678618-0bfd-4fb2-bcb0-a119eff09d1b","jreq","BR","0","2650","","","","","","","","","","","","","","","","","","","","","","","","","","","","","","","","","","","",""
"111ab7a6-b829-457e-a3c6-c3d3b793ce68","HeroiBosta67","BR","0","2651","","","","","","","","","","","","","","","","","","","","","","","","","","","","","","","","","","","",""
"34c17e2a-6fca-4cca-939d-71b724112c27","HlpVladiator_","BR","0","2652","","","","","","","","","","","","","","","","","","","","","","","","","","","","","","","","","","","",""
"9893d7f8-b615-411e-9d6b-4eb556498ec6","Namebasing","CL","0","2653","","","","","","","","","","","","","","","","","","","","","","","","","","","","","","","","","","","",""
"7cd0881f-655c-4c06-8605-543ebc080f35","rdzx7","BR","0","2654","","","","","","","","","","","","","","","","","","","","","","","","","","","","","","","","","","","",""
"b6b35fbc-03f6-4333-b5d9-a2d3c052f3e3","KiurachiY","BR","0","2655","","","","","","","","","","","","","","","","","","","","","","","","","","","","","","","","","","","",""
"98f50f3c-59b6-428a-9098-a604fc122394","Killua210","BR","0","2656","","","","","","","","","","","","","","","","","","","","","","","","","","","","","","","","","","","",""
"19e6e5a6-a721-437d-9c8b-6ce9d7b33780","Yohanisback","BR","0","2657","","","","","","","","","","","","","","","","","","","","","","","","","","","","","","","","","","","",""
"0908f7d7-2c03-49a2-80b5-620c570cb3d0","gslapp","BR","0","2658","","","","","","","","","","","","","","","","","","","","","","","","","","","","","","","","","","","",""
"a8409ec2-5a82-476e-aba3-0b25888f9c5f","FrBobu","BR","0","2659","","","","","","","","","","","","","","","","","","","","","","","","","","","","","","","","","","","",""
"6fb96331-0abc-4f74-bba0-77100e0a37d6","thx12367","BR","0","2660","","","","","","","","","","","","","","","","","","","","","","","","","","","","","","","","","","","",""
"9130691a-8531-46dd-881b-4c5781ee1f3f","Apaixonadamente","BR","0","2661","","","","","","","","","","","","","","","","","","","","","","","","","","","","","","","","","","","",""
"6907101a-5670-4f9c-8fd7-14ffa9948c3d","Blexzzz","BR","0","2662","","","","","","","","","","","","","","","","","","","","","","","","","","","","","","","","","","","",""
"52015da7-288e-4504-8965-05b389618384","_ketes_","BR","0","2663","","","","","","","","","","","","","","","","","","","","","","","","","","","","","","","","","","","",""
"dfd10cfc-2387-4957-9efe-9b2bc13efd9f","Brenindmz","BR","0","2664","","","","","","","","","","","","","","","","","","","","","","","","","","","","","","","","","","","",""
"3f6d1771-d087-488a-8436-fa9e58f0bcf0","davizim11pro","BR","0","2665","","","","","","","","","","","","","","","","","","","","","","","","","","","","","","","","","","","",""
"18cc48a6-7cff-4ba6-88c0-8f46e290f934","Marcelo_Shark","BR","0","2666","","","","","","","","","","","","","","","","","","","","","","","","","","","","","","","","","","","",""
"1ead5eab-a45c-4ee5-8532-a05e331beebe","iTatos","BR","0","2667","","","","","","","","","","","","","","","","","","","","","","","","","","","","","","","","","","","",""
"1e027ad6-9064-4568-baa5-fb8508a4f40c","Eguinoaa","BR","0","2668","","","","","","","","","","","","","","","","","","","","","","","","","","","","","","","","","","","",""
"640d0764-a8f0-4b08-8258-89509fe8c13a","opuqui","BR","0","2669","","","","","","","","","","","","","","","","","","","","","","","","","","","","","","","","","","","",""
"3c583f46-0027-4c24-896f-f886737f503f","Flopesss","BR","0","2670","","","","","","","","","","","","","","","","","","","","","","","","","","","","","","","","","","","",""
"d987d04f-eb73-41bd-a99d-66b7f08d99f8","Mell_Lay","BR","0","2671","","","","","","","","","","","","","","","","","","","","","","","","","","","","","","","","","","","",""
"aa1687da-4018-4828-b78c-2019363af6ce","arthurdumb","BR","0","2672","","","","","","","","","","","","","","","","","","","","","","","","","","","","","","","","","","","",""
"82128e6f-3d97-4b37-853d-8acb5f5770fa","157cv","BR","0","2673","","","","","","","","","","","","","","","","","","","","","","","","","","","","","","","","","","","",""
"b96c67dd-a6e9-4730-885f-b4024d8773d4","ASTRAL07X","BR","0","2674","","","","","","","","","","","","","","","","","","","","","","","","","","","","","","","","","","","",""
"932a9ac9-c0c9-4475-a1dc-c4c1511b96d4","Qytherax","BR","0","2675","","","","","","","","","","","","","","","","","","","","","","","","","","","","","","","","","","","",""
"a4e3c3b7-1c61-4fe6-a355-75f49844e52a","Sebastiao","BR","0","2676","","","","","","","","","","","","","","","","","","","","","","","","","","","","","","","","","","","",""
"e3d89086-3928-4b65-9269-8175d4a31b98","leckpapao","BR","0","2677","","","","","","","","","","","","","","","","","","","","","","","","","","","","","","","","","","","",""
"204dd0fb-2c31-48b4-b1ed-7d4df2360bf4","AhKanji","BR","0","2678","","","","","","","","","","","","","","","","","","","","","","","","","","","","","","","","","","","",""
"64a354be-9eac-47fb-8446-fba2127776cf","ovotodorecheado","BR","0","2679","","","","","","","","","","","","","","","","","","","","","","","","","","","","","","","","","","","",""
"85e04d4b-7907-4a35-8dac-bf2728dc4aa6","jubilu_xz","BR","0","2680","","","","","","","","","","","","","","","","","","","","","","","","","","","","","","","","","","","",""
"02b158e0-d7d0-409e-bbbe-6a57397b7c0c","nothingmatters_","BR","0","2681","","","","","","","","","","","","","","","","","","","","","","","","","","","","","","","","","","","",""
"ede00e35-0d4f-4b21-9348-8cb6c00b82f0","KDHAZZzz","BR","0","2682","","","","","","","","","","","","","","","","","","","","","","","","","","","","","","","","","","","",""
"182dd409-e153-496b-9f59-45938c69c128","esconde_","BR","0","2683","","","","","","","","","","","","","","","","","","","","","","","","","","","","","","","","","","","",""
"922a6e3f-eb9a-4f46-a147-adc870a9fafa","nxvais","BR","0","2684","","","","","","","","","","","","","","","","","","","","","","","","","","","","","","","","","","","",""
"a6b2508b-57b3-470e-b9d0-b7b934f49436","H1brid_z","BR","0","2685","","","","","","","","","","","","","","","","","","","","","","","","","","","","","","","","","","","",""
"2a8f2073-8d1a-4f64-ae68-1e6cb8e1051e","anciaopeludo","BR","0","2686","","","","","","","","","","","","","","","","","","","","","","","","","","","","","","","","","","","",""
"7218b346-39f0-4b65-9e0b-8eddce257968","newjot","BR","0","2687","","","","","","","","","","","","","","","","","","","","","","","","","","","","","","","","","","","",""
"5cc48df1-146e-4fb7-b23f-e11cc6b82a8c","Tarkaskdi","BR","0","2688","","","","","","","","","","","","","","","","","","","","","","","","","","","","","","","","","","","",""
"2718135c-3cd9-4963-9c59-9c9d99078b16","JorgeBolaVela","BR","0","2689","","","","","","","","","","","","","","","","","","","","","","","","","","","","","","","","","","","",""
"39d55408-c231-4c35-8efd-0ceb26606264","Jotatoon_","BR","0","2690","","","","","","","","","","","","","","","","","","","","","","","","","","","","","","","","","","","",""
"17642a90-40a6-4d6d-98ef-d6d732134600","Flowdryk","BR","0","2691","","","","","","","","","","","","","","","","","","","","","","","","","","","","","","","","","","","",""
"76364a85-1e9c-48df-975c-11eb045d5a51","oq_coloco_aq_mds","BR","0","2692","","","","","","","","","","","","","","","","","","","","","","","","","","","","","","","","","","","",""
"89790f36-d2ed-4b10-8c3e-43a01bd32714","Scotzada","BR","0","2693","","","","","","","","","","","","","","","","","","","","","","","","","","","","","","","","","","","",""
"eab76d99-fda9-4978-8a9f-b686867560be","Yamatosx","BR","0","2694","","","","","","","","","","","","","","","","","","","","","","","","","","","","","","","","","","","",""
"eb1069a3-fd99-4ae3-98ae-4994c5767537","rdg_zx","BR","0","2695","","","","","","","","","","","","","","","","","","","","","","","","","","","","","","","","","","","",""
"4033e94c-67e2-457d-b053-c2b4a7804ba1","PlexPNG","BR","0","2696","","","","","","","","","","","","","","","","","","","","","","","","","","","","","","","","","","","",""
"906e83fb-8153-4ea2-bd94-e5acf1d44f5b","uano","BR","0","2697","","","","","","","","","","","","","","","","","","","","","","","","","","","","","","","","","","","",""
"01645c55-ad5c-4c1e-8773-47bc1b166734","JdubWaffles","BR","0","2698","","","","","","","","","","","","","","","","","","","","","","","","","","","","","","","","","","","",""
"099f2e68-ef1d-4501-8b9c-68056345f866","RaseK_31","AR","0","2699","","","","","","","","","","","","","","","","","","","","","","","","","","","","","","","","","","","",""
"e317bf70-29bd-449c-8ba6-697e0dd00974","catcherbraw","BR","0","2700","","","","","","","","","","","","","","","","","","","","","","","","","","","","","","","","","","","",""
"a86b1109-1486-41c5-b83e-44e878272c28","Vexxts","BR","0","2701","","","","","","","","","","","","","","","","","","","","","","","","","","","","","","","","","","","",""
"ede441e9-6ad8-4904-bc5f-8b9b7c31a0cb","L0BX","BR","0","2702","","","","","","","","","","","","","","","","","","","","","","","","","","","","","","","","","","","",""
"8c92f159-1758-45f5-a7e4-45305862fdcf","neon_avatar","BR","0","2703","","","","","","","","","","","","","","","","","","","","","","","","","","","","","","","","","","","",""
"804e1ef2-c3ae-457b-bf13-817ac49c57d0","KingAbysss","BR","0","2704","","","","","","","","","","","","","","","","","","","","","","","","","","","","","","","","","","","",""
"6ea533f6-c41c-4662-ac8b-efe2ab492f78","jefaosex","BR","0","2705","","","","","","","","","","","","","","","","","","","","","","","","","","","","","","","","","","","",""
"d179ff65-4bce-4039-a632-a8b56a419f93","jota7_fpx","BR","0","2706","","","","","","","","","","","","","","","","","","","","","","","","","","","","","","","","","","","",""
"50ae7ee2-be86-4bf1-91ad-845309780e60","apolloszxkkj_","BR","0","2707","","","","","","","","","","","","","","","","","","","","","","","","","","","","","","","","","","","",""
"5a800754-83f2-4c32-94fa-6bf2bcd0bfea","spectro00","BR","0","2708","","","","","","","","","","","","","","","","","","","","","","","","","","","","","","","","","","","",""
"366578c3-812f-4b6f-a573-3360b685ab39","3q0c","BR","0","2709","","","","","","","","","","","","","","","","","","","","","","","","","","","","","","","","","","","",""
"f7a35642-e964-47b3-a01c-398e4e0ca647","9lolo","AR","0","2710","","","","","","","","","","","","","","","","","","","","","","","","","","","","","","","","","","","",""
"39a39c6c-f33d-48c0-ae8e-b3cb5fb39962","Howl1ll","BR","0","2711","","","","","","","","","","","","","","","","","","","","","","","","","","","","","","","","","","","",""
"dba0ab76-becf-464f-bd3b-f2725a2e8e17","t144hz__","BR","0","2712","","","","","","","","","","","","","","","","","","","","","","","","","","","","","","","","","","","",""
"2ba9dc76-79da-427c-ada4-c638814fb403","LunarStriker1","BR","0","2713","","","","","","","","","","","","","","","","","","","","","","","","","","","","","","","","","","","",""
"69600668-cf77-4c47-91f0-f3d54ecfe2d9","Tkaie","BR","0","2714","","","","","","","","","","","","","","","","","","","","","","","","","","","","","","","","","","","",""
"5f02da37-e4f3-4094-b436-0326eb0ddf62","JamezBr2010","BR","0","2715","","","","","","","","","","","","","","","","","","","","","","","","","","","","","","","","","","","",""
"b7589fac-1ee9-4559-91ab-d0c28d8d5a1a","Berdara_xD","BR","0","2716","","","","","","","","","","","","","","","","","","","","","","","","","","","","","","","","","","","",""
"6390688d-5dd3-4ba5-be11-19e3c2c1ddee","MatTry_","BR","0","2717","","","","","","","","","","","","","","","","","","","","","","","","","","","","","","","","","","","",""
"762cdbf7-f78a-40e8-8bbe-f557a23a79fe","Ryanloja","BR","0","2718","","","","","","","","","","","","","","","","","","","","","","","","","","","","","","","","","","","",""
"c1c4f6b0-b932-46cd-a114-b8472d071c33","mystoguana","BR","0","2719","","","","","","","","","","","","","","","","","","","","","","","","","","","","","","","","","","","",""
"e9ded848-c06c-40f8-8476-5c15ef100d8e","MeninoDeVila","BR","0","2720","","","","","","","","","","","","","","","","","","","","","","","","","","","","","","","","","","","",""
"ac1e5c43-11e3-408f-a1e2-10b781033e2b","Rickkbr","BR","0","2721","","","","","","","","","","","","","","","","","","","","","","","","","","","","","","","","","","","",""
"e9375733-05ed-411d-b64d-00b5a8a12681","WPeagh","BR","0","2722","","","","","","","","","","","","","","","","","","","","","","","","","","","","","","","","","","","",""
"554b6286-481a-4fd3-9454-9e7c6af7c01c","ggaabri","BR","0","2723","","","","","","","","","","","","","","","","","","","","","","","","","","","","","","","","","","","",""
"459065dc-f76f-4459-a8f8-d7590c145657","Pmdraths0","BR","0","2724","","","","","","","","","","","","","","","","","","","","","","","","","","","","","","","","","","","",""
"e952382a-9720-4a28-b137-9f12e1e1013a","Tutyis","BR","0","2725","","","","","","","","","","","","","","","","","","","","","","","","","","","","","","","","","","","",""
"e44e007a-d429-4d20-8109-3db90fa20046","Samurai_Branco","BR","0","2726","","","","","","","","","","","","","","","","","","","","","","","","","","","","","","","","","","","",""
"bb82c928-db22-4592-ad62-9427b32bd9a0","Mv7X_","BR","0","2727","","","","","","","","","","","","","","","","","","","","","","","","","","","","","","","","","","","",""
"3176c744-f853-42e3-a4ee-562a74e11421","shinygabw","BR","0","2728","","","","","","","","","","","","","","","","","","","","","","","","","","","","","","","","","","","",""
"7964bc6f-6616-496f-9e21-93ee1e911043","altizinf4","BR","0","2729","","","","","","","","","","","","","","","","","","","","","","","","","","","","","","","","","","","",""
"7d11bfbf-a3a7-4b36-973d-f0e0963f97cb","fem__bo__y","BR","0","2730","","","","","","","","","","","","","","","","","","","","","","","","","","","","","","","","","","","",""
"0e09788d-17e7-4a05-8873-070fd8ca4bbf","ChevyzZ","BR","0","2731","","","","","","","","","","","","","","","","","","","","","","","","","","","","","","","","","","","",""
"c9c999a9-9081-4fb4-889c-923836efb306","AdamWickid","PE","0","2732","","","","","","","","","","","","","","","","","","","","","","","","","","","","","","","","","","","",""
"93f5eecb-631a-47e3-ba70-e19498c833bd","excanearcpl","BR","0","2733","","","","","","","","","","","","","","","","","","","","","","","","","","","","","","","","","","","",""
"d76271c0-1529-456a-b65f-a3d922a8c5d7","ImLinuz__","BR","0","2734","","","","","","","","","","","","","","","","","","","","","","","","","","","","","","","","","","","",""
"1dc0f00f-6649-4006-ab0f-86f0fb7cc937","_aier1_","BR","0","2735","","","","","","","","","","","","","","","","","","","","","","","","","","","","","","","","","","","",""
"a97753a3-631f-43af-a2fc-84ede9a3bd22","ZpkGhost_","BR","0","2736","","","","","","","","","","","","","","","","","","","","","","","","","","","","","","","","","","","",""
"29d49410-d363-445a-84ca-f442d0555a05","TheMonkeyX","BR","0","2737","","","","","","","","","","","","","","","","","","","","","","","","","","","","","","","","","","","",""
"8c813f70-aa29-4b69-95bc-fdf59fc90992","u_bigode","BR","0","2738","","","","","","","","","","","","","","","","","","","","","","","","","","","","","","","","","","","",""
"4b4a1491-7d14-492d-9697-5052181663a1","jhdtmc12","BR","0","2739","","","","","","","","","","","","","","","","","","","","","","","","","","","","","","","","","","","",""
"c8cb2d81-acd6-4b55-8130-af075c490b67","Zynqz7","BR","0","2740","","","","","","","","","","","","","","","","","","","","","","","","","","","","","","","","","","","",""
"f3b1feca-238e-4616-a502-158b36447f56","ilyValy","UY","0","2741","","","","","","","","","","","","","","","","","","","","","","","","","","","","","","","","","","","",""
"24afe590-3c67-4977-930a-b0b57018b25b","sas_WARF","BR","0","2742","","","","","","","","","","","","","","","","","","","","","","","","","","","","","","","","","","","",""
"2391f5f0-9e7c-44ae-bf78-fbcb2d907513","kawangg777","BR","0","2743","","","","","","","","","","","","","","","","","","","","","","","","","","","","","","","","","","","",""
"c475e30a-1e4b-4b35-a69d-b23bebe6eb3d","JoseBR_","BR","0","2744","","","","","","","","","","","","","","","","","","","","","","","","","","","","","","","","","","","",""
"7d48bcad-34bd-4417-ba9a-c7d94b69dd68","ProfessorPastelP","BR","0","2745","","","","","","","","","","","","","","","","","","","","","","","","","","","","","","","","","","","",""
"71f93d2d-ac42-41f7-8ed6-3e3e7b83397e","bomenovo01","BR","0","2746","","","","","","","","","","","","","","","","","","","","","","","","","","","","","","","","","","","",""
"104e016a-07d6-4b54-bb38-76da048539a9","_BotMonster_","BR","0","2747","","","","","","","","","","","","","","","","","","","","","","","","","","","","","","","","","","","",""
"fd9c5fa0-7b55-4b3d-a1f5-58d8211326df","Vaelqir","BR","0","2748","","","","","","","","","","","","","","","","","","","","","","","","","","","","","","","","","","","",""
"97c01d7e-a41a-41f6-b623-f5994a1b4299","ImChip_","BR","0","2749","","","","","","","","","","","","","","","","","","","","","","","","","","","","","","","","","","","",""
"8ccf660b-9eb0-4507-b4b7-c8d6d8c4a4fb","SlayerGG_","BR","0","2750","","","","","","","","","","","","","","","","","","","","","","","","","","","","","","","","","","","",""
"71436df0-c700-4700-a04a-6bc98ad42c41","iDrakoSlowed","AR","0","2751","","","","","","","","","","","","","","","","","","","","","","","","","","","","","","","","","","","",""
"dd1cb97c-a616-4f9d-9ca7-4da6c32a74be","d4nqx","BR","0","2752","","","","","","","","","","","","","","","","","","","","","","","","","","","","","","","","","","","",""
"532e3cd9-39b8-4a79-977a-ce8deae07faf","venceslauofc","BR","0","2753","","","","","","","","","","","","","","","","","","","","","","","","","","","","","","","","","","","",""
"84c6045f-2f97-4bad-b880-5bd6fccd42a5","caiovdantas","BR","0","2754","","","","","","","","","","","","","","","","","","","","","","","","","","","","","","","","","","","",""
"160a427d-bc88-4873-af30-0a6b03d47cb8","Akirafura_","BR","0","2755","","","","","","","","","","","","","","","","","","","","","","","","","","","","","","","","","","","",""
"d360b257-5bcc-4baf-8e2e-813ca425613d","iMystic_430","BR","0","2756","","","","","","","","","","","","","","","","","","","","","","","","","","","","","","","","","","","",""
"2b2318de-b6aa-41a4-afc6-05c825dc21eb","itph","BR","0","2757","","","","","","","","","","","","","","","","","","","","","","","","","","","","","","","","","","","",""
"700a9262-c3f3-4514-892d-6a95510e3d39","Mpotter_","BR","0","2758","","","","","","","","","","","","","","","","","","","","","","","","","","","","","","","","","","","",""
"c4ff5ac2-8862-422b-8061-8932e9e552e9","segurei","BR","0","2759","","","","","","","","","","","","","","","","","","","","","","","","","","","","","","","","","","","",""
"58e3c4f8-c3ec-494a-b87c-fdb1ce5755ba","Soul_zy","BR","0","2760","","","","","","","","","","","","","","","","","","","","","","","","","","","","","","","","","","","",""
"b9fe18a9-be80-4281-88a6-450b6bd90e82","rqwse","PY","0","2761","","","","","","","","","","","","","","","","","","","","","","","","","","","","","","","","","","","",""
"33522462-7d49-47ea-b395-76dc598eda86","DaviReptiliano","BR","0","2762","","","","","","","","","","","","","","","","","","","","","","","","","","","","","","","","","","","",""
"48a86dc6-f86e-459a-99df-f0df6bb186a1","GABz4k","BR","0","2763","","","","","","","","","","","","","","","","","","","","","","","","","","","","","","","","","","","",""
"b4469465-3603-4447-983e-3b0bf82199d8","ThGoiano","BR","0","2764","","","","","","","","","","","","","","","","","","","","","","","","","","","","","","","","","","","",""
"161e1a91-65f3-4341-b959-80432919e348","notiw","BR","0","2765","","","","","","","","","","","","","","","","","","","","","","","","","","","","","","","","","","","",""
"52dea6e5-85e0-48aa-8ef0-7a13379b84f6","vCleave","BR","0","2766","","","","","","","","","","","","","","","","","","","","","","","","","","","","","","","","","","","",""
"ca3e976b-cca1-4e96-a116-4695b5782505","yGuzi01","BR","0","2767","","","","","","","","","","","","","","","","","","","","","","","","","","","","","","","","","","","",""
"6081a292-0505-4b29-9787-460d5821f962","_BrunoTryhard","BR","0","2768","","","","","","","","","","","","","","","","","","","","","","","","","","","","","","","","","","","",""
"ad3bc183-1837-4bca-a42a-5b57bd0311b6","MigOFC","BR","0","2769","","","","","","","","","","","","","","","","","","","","","","","","","","","","","","","","","","","",""
"6eeabe74-2577-4c7b-acec-211e4fefa04a","fluxitionum","BR","0","2770","","","","","","","","","","","","","","","","","","","","","","","","","","","","","","","","","","","",""
"219ade63-a4dc-4bfd-acda-2e79a80ab5cb","brunobrg","BR","0","2771","","","","","","","","","","","","","","","","","","","","","","","","","","","","","","","","","","","",""
"4c9e6636-df64-47a7-8993-00548f8a6b4c","NeonBios","BR","0","2772","","","","","","","","","","","","","","","","","","","","","","","","","","","","","","","","","","","",""
"9a50e051-40bf-4286-9a14-34e055c0dff1","maik_ofc","BR","0","2773","","","","","","","","","","","","","","","","","","","","","","","","","","","","","","","","","","","",""
"e039e35a-257d-4969-9ed0-2194032c2e6d","OyasumiXI","CL","0","2774","","","","","","","","","","","","","","","","","","","","","","","","","","","","","","","","","","","",""
"f8e79c5d-4575-4ad4-83c7-b9dab14d9942","vynxpd","BR","0","2775","","","","","","","","","","","","","","","","","","","","","","","","","","","","","","","","","","","",""
"3f735f99-3897-4b69-a265-c4dd16689c4d","yBomdia_","BR","0","2776","","","","","","","","","","","","","","","","","","","","","","","","","","","","","","","","","","","",""
"3af0391f-79cf-4c70-a533-6f847dd62fa0","zyxissyxz","BR","0","2777","","","","","","","","","","","","","","","","","","","","","","","","","","","","","","","","","","","",""
"40b7dc56-0c56-4539-a7bc-750dccce7231","TsukiYato_lua","BR","0","2778","","","","","","","","","","","","","","","","","","","","","","","","","","","","","","","","","","","",""
"5f79b2c8-8d95-46a4-8b3a-a58ef449441d","SrSus_","BR","0","2779","","","","","","","","","","","","","","","","","","","","","","","","","","","","","","","","","","","",""
"532ee1ba-65d4-49bc-8e70-2adf1e27072a","SpeedSilverx1","BR","0","2780","","","","","","","","","","","","","","","","","","","","","","","","","","","","","","","","","","","",""
"45e22cba-50fb-4fc3-b056-cb6641cf9a29","endzo0e","BR","0","2781","","","","","","","","","","","","","","","","","","","","","","","","","","","","","","","","","","","",""
"f11d10af-ef07-4f01-9123-cc9d57309ef8","gelogeladoKK","BR","0","2782","","","","","","","","","","","","","","","","","","","","","","","","","","","","","","","","","","","",""
"2075a7dd-de14-494e-ada6-816c391f3695","davezenho_games","BR","0","2783","","","","","","","","","","","","","","","","","","","","","","","","","","","","","","","","","","","",""
"77fca38f-a958-476e-905c-3dfc1bda5bdb","_MythicShadow_","BR","0","2784","","","","","","","","","","","","","","","","","","","","","","","","","","","","","","","","","","","",""
"1b45049f-3262-4008-9c7d-8bcf7a57fee4","S4dzinn___","BR","0","2785","","","","","","","","","","","","","","","","","","","","","","","","","","","","","","","","","","","",""
"ee29a7a0-7538-405b-b42e-f3f2ee71c1b5","vtzx1e","BR","0","2786","","","","","","","","","","","","","","","","","","","","","","","","","","","","","","","","","","","",""
"0d258e66-ec83-4a0e-862a-b4e87b1848ad","Sozyeon","BR","0","2787","","","","","","","","","","","","","","","","","","","","","","","","","","","","","","","","","","","",""
"41e70725-e506-43d7-9a90-02bed63afbe5","ElPiscoEsPeruano","PE","0","2788","","","","","","","","","","","","","","","","","","","","","","","","","","","","","","","","","","","",""
"7c6b3d8f-e012-444c-96c8-42884ee6a6f8","AntiCalvice2","BR","0","2789","","","","","","","","","","","","","","","","","","","","","","","","","","","","","","","","","","","",""
"1994b2ba-ad85-4cdc-9464-98b799c66cc6","Obyx__jr","BR","0","2790","","","","","","","","","","","","","","","","","","","","","","","","","","","","","","","","","","","",""
"1d9e7b57-f10b-46a9-81d6-e3a34359c87a","qzzr__","BR","0","2791","","","","","","","","","","","","","","","","","","","","","","","","","","","","","","","","","","","",""
"87b05578-199e-46d1-aa53-c776c3f523b2","JotaGG_zx","BR","0","2792","","","","","","","","","","","","","","","","","","","","","","","","","","","","","","","","","","","",""
"213c9eb5-fb34-4392-8178-a51f3ca50fc7","ianzincapa","BR","0","2793","","","","","","","","","","","","","","","","","","","","","","","","","","","","","","","","","","","",""
"89d016b4-f726-4f7a-ba48-73221e21f2a1","pdrxzc","BR","0","2794","","","","","","","","","","","","","","","","","","","","","","","","","","","","","","","","","","","",""
"504ef2bb-1e9d-4834-9ca1-682bc947c248","H4igry","BR","0","2795","","","","","","","","","","","","","","","","","","","","","","","","","","","","","","","","","","","",""
"3810da46-48ed-4470-a496-6ac7503c390a","Purplezin01x","BR","0","2796","","","","","","","","","","","","","","","","","","","","","","","","","","","","","","","","","","","",""
"6b28aaf1-68f1-4fbb-b043-4121247719ac","rikeo","BR","0","2797","","","","","","","","","","","","","","","","","","","","","","","","","","","","","","","","","","","",""
"7cdfe8f6-d763-462e-93e6-f83f9627da48","weesboywife","BR","0","2798","","","","","","","","","","","","","","","","","","","","","","","","","","","","","","","","","","","",""
"a437c970-2eb7-413c-9336-6bdda5d432c7","FreestylePK","BR","0","2799","","","","","","","","","","","","","","","","","","","","","","","","","","","","","","","","","","","",""
"10bc5ce5-e27f-4b53-8f21-6245b208964c","zMoon7","BR","0","2800","","","","","","","","","","","","","","","","","","","","","","","","","","","","","","","","","","","",""
"5d2e62cf-9845-4d30-8887-68a57b3eb531","_280","BR","0","2801","","","","","","","","","","","","","","","","","","","","","","","","","","","","","","","","","","","",""
"8eb6af8f-98c4-4c5a-be30-ecdc08ec0efd","Timeless047","BR","0","2802","","","","","","","","","","","","","","","","","","","","","","","","","","","","","","","","","","","",""
"c9c9f70d-e721-474b-9c4c-3d21fb1a9728","FlameGG10_","BR","0","2803","","","","","","","","","","","","","","","","","","","","","","","","","","","","","","","","","","","",""
"409f24ca-d6a1-4077-ac01-cdb8e5bdec75","falafino924","BR","0","2804","","","","","","","","","","","","","","","","","","","","","","","","","","","","","","","","","","","",""
"f13cab6d-03d2-4fc7-899e-00979b08f65e","TheRealHnk_davd","BR","0","2805","","","","","","","","","","","","","","","","","","","","","","","","","","","","","","","","","","","",""
"e2f88258-f4d9-4114-8da2-a7696823afcb","__SamuelJr","BR","0","2806","","","","","","","","","","","","","","","","","","","","","","","","","","","","","","","","","","","",""
"15c12d6a-3b6b-484b-9ce1-7eea07f44741","asdkjijdiuwjadij","CL","0","2807","","","","","","","","","","","","","","","","","","","","","","","","","","","","","","","","","","","",""
"cb4fc3d3-460c-465b-b964-c255c1926cec","Yumixyo3","BR","0","2808","","","","","","","","","","","","","","","","","","","","","","","","","","","","","","","","","","","",""
"315e2976-5134-4b49-aad9-3b9c92ec3919","WmatrixDtaps","BR","0","2809","","","","","","","","","","","","","","","","","","","","","","","","","","","","","","","","","","","",""
"a6677fe2-90b5-4d98-a9d5-b17808f40119","BUUUB1183","BR","0","2810","","","","","","","","","","","","","","","","","","","","","","","","","","","","","","","","","","","",""
"426dccbd-7e7a-498b-b2a2-cd37411f6097","TiagoOH01","BR","0","2811","","","","","","","","","","","","","","","","","","","","","","","","","","","","","","","","","","","",""
"829aeccf-357e-4d86-bae3-eb14107a20fe","Unkk_","CL","0","2812","","","","","","","","","","","","","","","","","","","","","","","","","","","","","","","","","","","",""
"5d0c5d90-9cf3-4aef-8093-887c6aa75768","amigo_honesto9","BR","0","2813","","","","","","","","","","","","","","","","","","","","","","","","","","","","","","","","","","","",""
"600ef8c9-adc4-4c9b-afac-98f8920fe643","Swaloww","BR","0","2814","","","","","","","","","","","","","","","","","","","","","","","","","","","","","","","","","","","",""
"c8be9932-58fa-4127-bb1e-7f4268aca41d","Cauansansat","BR","0","2815","","","","","","","","","","","","","","","","","","","","","","","","","","","","","","","","","","","",""
"50753119-b639-442d-99e6-ba846c3246e5","NotMePls_","BR","0","2816","","","","","","","","","","","","","","","","","","","","","","","","","","","","","","","","","","","",""
"f74461c2-086a-4bbf-91e3-2a9c1b307775","LabubuWasTaken","BR","0","2817","","","","","","","","","","","","","","","","","","","","","","","","","","","","","","","","","","","",""
"dd3b4ce2-abc1-4cb2-95a4-a3ed04ad3c96","KchorroMal","BR","0","2818","","","","","","","","","","","","","","","","","","","","","","","","","","","","","","","","","","","",""
"ee7590fa-77aa-4eeb-a549-6bbd5835dfa8","Cebolinhapvp","BR","0","2819","","","","","","","","","","","","","","","","","","","","","","","","","","","","","","","","","","","",""
"86b9157b-f5ba-475e-9c0b-655e2dd087d8","kzzqy","BR","0","2820","","","","","","","","","","","","","","","","","","","","","","","","","","","","","","","","","","","",""
"3e235bf9-01b9-40ab-a796-ee297d4816b6","Astro_Nicolas18","BR","0","2821","","","","","","","","","","","","","","","","","","","","","","","","","","","","","","","","","","","",""
"d2c93058-f0c4-452e-9874-f7463af7064a","D3VIL3YES","BR","0","2822","","","","","","","","","","","","","","","","","","","","","","","","","","","","","","","","","","","",""
"6958914d-c13a-4616-8075-6c786f5fc2b0","ycassiogg_","BR","0","2823","","","","","","","","","","","","","","","","","","","","","","","","","","","","","","","","","","","",""
"c59f6a12-26c8-4a65-85e4-d5c02ca2c038","Mrgoaaattt","BR","0","2824","","","","","","","","","","","","","","","","","","","","","","","","","","","","","","","","","","","",""
"12c9e9d6-2e40-4e45-8546-228a075551b5","BlackHearth_","BR","0","2825","","","","","","","","","","","","","","","","","","","","","","","","","","","","","","","","","","","",""
"07b185d4-fdf2-46be-b565-46845d252469","kniprohec","BR","0","2826","","","","","","","","","","","","","","","","","","","","","","","","","","","","","","","","","","","",""
"77051313-6aa0-439a-9e6d-073cfadde8b7","Ana_laurad","BR","0","2827","","","","","","","","","","","","","","","","","","","","","","","","","","","","","","","","","","","",""
"0d529f8b-f1c6-47dc-be6c-ccd8c3adbc67","RJI6007","BR","0","2828","","","","","","","","","","","","","","","","","","","","","","","","","","","","","","","","","","","",""
"b1e734df-1a99-42a0-91f2-b75e24c6a7b2","Indeterminadov","BR","0","2829","","","","","","","","","","","","","","","","","","","","","","","","","","","","","","","","","","","",""
"7624ea57-59e7-43a2-86b7-9f500153a23e","chora_pra_espad1","BR","0","2830","","","","","","","","","","","","","","","","","","","","","","","","","","","","","","","","","","","",""
"d609f334-43ab-40b6-a070-33614ca09c26","NebulaKawai","BR","0","2831","","","","","","","","","","","","","","","","","","","","","","","","","","","","","","","","","","","",""
"fc8014d0-a80d-4567-ab37-c84120afc815","mathgc010","BR","0","2832","","","","","","","","","","","","","","","","","","","","","","","","","","","","","","","","","","","",""
"22bddd56-7b0a-4c83-8af7-660f4539dbda","Julio34827","BR","0","2833","","","","","","","","","","","","","","","","","","","","","","","","","","","","","","","","","","","",""
"f9807de7-7f63-4eea-9b36-bd1ee56ec5c3","LeaoDoExCorre","BR","0","2834","","","","","","","","","","","","","","","","","","","","","","","","","","","","","","","","","","","",""
"590906ef-8a4c-4e72-81be-b9d11bdacf69","At0mic_temperado","BR","0","2835","","","","","","","","","","","","","","","","","","","","","","","","","","","","","","","","","","","",""
"4bef7a34-9f35-4002-ae2b-e721b45f2f8f","JPMorgan06","BR","0","2836","","","","","","","","","","","","","","","","","","","","","","","","","","","","","","","","","","","",""
"c5e1a23b-0ec2-4415-96d5-9d8ee0033b75","_Spectyr","BR","0","2837","","","","","","","","","","","","","","","","","","","","","","","","","","","","","","","","","","","",""
"91476868-4f2f-4071-aaa7-71d05bef992d","Spop_","BR","0","2838","","","","","","","","","","","","","","","","","","","","","","","","","","","","","","","","","","","",""
"828e2895-0ea4-465c-8bbb-ee9328cbe317","Srkirby0","BR","0","2839","","","","","","","","","","","","","","","","","","","","","","","","","","","","","","","","","","","",""
"ec7c2976-e906-4f5f-b538-c6291ce4587a","chiggur","BR","0","2840","","","","","","","","","","","","","","","","","","","","","","","","","","","","","","","","","","","",""
"13153fe7-474b-40ec-afa1-24ff2e9a6e0d","Rzulzx","BR","0","2841","","","","","","","","","","","","","","","","","","","","","","","","","","","","","","","","","","","",""
"6b05fd1f-457f-47f4-b62e-90a1eb2ac48b","Pearl157hz","BR","0","2842","","","","","","","","","","","","","","","","","","","","","","","","","","","","","","","","","","","",""
"43781459-9c3f-49a7-804a-260e944984a1","scapuu","BR","0","2843","","","","","","","","","","","","","","","","","","","","","","","","","","","","","","","","","","","",""
"dbbf9c9b-e88b-4d8a-8f44-0a8157f56072","Jalamk2","BR","0","2844","","","","","","","","","","","","","","","","","","","","","","","","","","","","","","","","","","","",""
"1c64f985-7299-449e-a36f-a44a36b95899","Mmss2014","BR","0","2845","","","","","","","","","","","","","","","","","","","","","","","","","","","","","","","","","","","",""
"d3ca16d5-5432-424a-b155-17fee67d621a","Shallom_odx22","BR","0","2846","","","","","","","","","","","","","","","","","","","","","","","","","","","","","","","","","","","",""
"0f16e9b4-0fff-4415-8dc5-6ba2744fb5bc","isaakewv","CL","0","2847","","","","","","","","","","","","","","","","","","","","","","","","","","","","","","","","","","","",""
"7c954cf1-5ceb-400b-bed0-b4697df48e71","mlodybadiura","BR","0","2848","","","","","","","","","","","","","","","","","","","","","","","","","","","","","","","","","","","",""
"00e20519-f838-4619-8a9e-49aadd5f1a0b","Guingas","BR","0","2849","","","","","","","","","","","","","","","","","","","","","","","","","","","","","","","","","","","",""
"58155dc9-d2f5-4add-9067-5a39b8d359ec","Yestey","BR","0","2850","","","","","","","","","","","","","","","","","","","","","","","","","","","","","","","","","","","",""
"c4ce7568-a95f-4ff2-a701-51c81c6ea27f","42rs","BR","0","2851","","","","","","","","","","","","","","","","","","","","","","","","","","","","","","","","","","","",""
"0cd99ad2-49fa-4f05-8c7d-f3d58dcb08b3","Sh1nyK","BR","0","2852","","","","","","","","","","","","","","","","","","","","","","","","","","","","","","","","","","","",""
"2ac49ec4-bb8f-437b-967a-ba6e609ab3e5","gameRafael","BR","0","2853","","","","","","","","","","","","","","","","","","","","","","","","","","","","","","","","","","","",""
"370a2dd7-88dc-4c1e-a978-4a0fb7420fff","IBreno1","BR","0","2854","","","","","","","","","","","","","","","","","","","","","","","","","","","","","","","","","","","",""
"7ef0ad14-2ba7-4b7e-b493-6773cd480715","1iSeak","BR","0","2855","","","","","","","","","","","","","","","","","","","","","","","","","","","","","","","","","","","",""
"257c3542-8de3-4eb0-9119-b1aac4999d6f","Owxoow","AR","0","2856","","","","","","","","","","","","","","","","","","","","","","","","","","","","","","","","","","","",""
"7d89c52f-3270-43c0-9ce4-9c451a82be93","dzyhihi","BR","0","2857","","","","","","","","","","","","","","","","","","","","","","","","","","","","","","","","","","","",""
"56612336-8127-4e92-a1bd-cded6178bb1a","JexPrimez","AR","0","2858","","","","","","","","","","","","","","","","","","","","","","","","","","","","","","","","","","","",""
"1b8f8de8-e6f8-4eca-bb43-c2f7bcb07a76","HateIsMe","BR","0","2859","","","","","","","","","","","","","","","","","","","","","","","","","","","","","","","","","","","",""
"fe5572c9-d385-491a-a601-20dae6111ee8","SuperJkk","BR","0","2860","","","","","","","","","","","","","","","","","","","","","","","","","","","","","","","","","","","",""
"68b60c06-dffd-42b4-b65d-4f9bad6b4d83","yuki_konnomo","BR","0","2861","","","","","","","","","","","","","","","","","","","","","","","","","","","","","","","","","","","",""
"6553a241-462b-462d-b573-bf4c20c281e7","TheEndzs","BR","0","2862","","","","","","","","","","","","","","","","","","","","","","","","","","","","","","","","","","","",""
"fa0c26da-cc04-42f8-9ae8-adf85a814e64","gabejapa","BR","0","2863","","","","","","","","","","","","","","","","","","","","","","","","","","","","","","","","","","","",""
"2dea1f47-28ba-46ba-a8d0-8d46cf9af6cb","Muuh238","BR","0","2864","","","","","","","","","","","","","","","","","","","","","","","","","","","","","","","","","","","",""
"74cd4c47-cbf5-4d75-be90-d6b3c8838143","L3uthf1","BR","0","2865","","","","","","","","","","","","","","","","","","","","","","","","","","","","","","","","","","","",""
"ae9bcdb0-e8b5-4347-822e-397515139c29","goweyxd","BR","0","2866","","","","","","","","","","","","","","","","","","","","","","","","","","","","","","","","","","","",""
"cff8d3d1-934f-4265-b380-1f1506e7ac40","Logar1tmos","CL","0","2867","","","","","","","","","","","","","","","","","","","","","","","","","","","","","","","","","","","",""
"d68d50ad-7fc0-48bf-99ea-3a890c3e819b","CanuteMP4","BR","0","2868","","","","","","","","","","","","","","","","","","","","","","","","","","","","","","","","","","","",""
"84c2879f-eb65-4fc0-860e-197a64167c19","brigavam","BR","0","2869","","","","","","","","","","","","","","","","","","","","","","","","","","","","","","","","","","","",""
"f2c22ba3-5754-481f-9216-1a16b88962f3","vyrxpro","BR","0","2870","","","","","","","","","","","","","","","","","","","","","","","","","","","","","","","","","","","",""
"245723a6-7a37-41fa-a285-9d9d3109c986","wRavena_","BR","0","2871","","","","","","","","","","","","","","","","","","","","","","","","","","","","","","","","","","","",""
"b0cec854-142a-4c3e-a3b4-05772606f0b9","ScytheLarp","BR","0","2872","","","","","","","","","","","","","","","","","","","","","","","","","","","","","","","","","","","",""
"d7578d53-5849-46f1-bb0b-7f6aac416453","Birulinhax","BR","0","2873","","","","","","","","","","","","","","","","","","","","","","","","","","","","","","","","","","","",""
"5931411a-bd58-439d-b87f-10d848599c9e","EsmirilhaBolas","BR","0","2874","","","","","","","","","","","","","","","","","","","","","","","","","","","","","","","","","","","",""
"eac742f5-608f-4f6b-9d56-b615684b4a5a","Serzide","PE","0","2875","","","","","","","","","","","","","","","","","","","","","","","","","","","","","","","","","","","",""
"75dfa8f5-74ed-4fee-b954-b108a8203bcb","GabiMall","BR","0","2876","","","","","","","","","","","","","","","","","","","","","","","","","","","","","","","","","","","",""
"8b7eb582-8785-43ce-a8fa-c325964b007a","bolsolilo","BR","0","2877","","","","","","","","","","","","","","","","","","","","","","","","","","","","","","","","","","","",""
"d1f0b918-41b6-4054-9af4-157e0f301a78","66qw","AR","0","2878","","","","","","","","","","","","","","","","","","","","","","","","","","","","","","","","","","","",""
"58e83fb9-60f2-4e72-a6b0-9af7e1d05d6a","earteasy_","BR","0","2879","","","","","","","","","","","","","","","","","","","","","","","","","","","","","","","","","","","",""
"eaadb935-a1fa-47ca-a24f-359c549dfd81","Pan_Suave","AR","0","2880","","","","","","","","","","","","","","","","","","","","","","","","","","","","","","","","","","","",""
"3344e8d7-3ad9-4bb7-b56f-d5fc1f16d10c","aurax_67","BR","0","2881","","","","","","","","","","","","","","","","","","","","","","","","","","","","","","","","","","","",""
"f71bfe4b-0d90-45ce-a001-1e13ec676b6d","Yortzx","BR","0","2882","","","","","","","","","","","","","","","","","","","","","","","","","","","","","","","","","","","",""
"f7cb9150-6005-4841-8816-c6e601bea1f9","5hitas","BR","0","2883","","","","","","","","","","","","","","","","","","","","","","","","","","","","","","","","","","","",""
"c26336c9-aafc-4c0f-bbf0-a3fbb481149c","t_alexander_","BR","0","2884","","","","","","","","","","","","","","","","","","","","","","","","","","","","","","","","","","","",""
"67eae959-9492-4573-a473-38b0531e727c","yFrosty__","BR","0","2885","","","","","","","","","","","","","","","","","","","","","","","","","","","","","","","","","","","",""
"6fdfebb3-9002-4771-a11f-172ea7424073","SeeDraths","BR","0","2886","","","","","","","","","","","","","","","","","","","","","","","","","","","","","","","","","","","",""
"57efa048-30d7-4238-9293-a7dd8075d182","NICKSLKyyyy","BR","0","2887","","","","","","","","","","","","","","","","","","","","","","","","","","","","","","","","","","","",""
"4f8328d0-2a6d-425b-8960-b179d4a9c589","ex4ever","PE","0","2888","","","","","","","","","","","","","","","","","","","","","","","","","","","","","","","","","","","",""
"3ab3747f-63ee-480c-a502-87c386428ffb","Suvzin","BR","0","2889","","","","","","","","","","","","","","","","","","","","","","","","","","","","","","","","","","","",""
"71376192-452a-434c-9bf6-d27b62e19747","Sharkiilz","BR","0","2890","","","","","","","","","","","","","","","","","","","","","","","","","","","","","","","","","","","",""
"01a24b6c-b787-4da0-8bec-3df3c88cd800","1101010010","BR","0","2891","","","","","","","","","","","","","","","","","","","","","","","","","","","","","","","","","","","",""
"56f6ea99-2d7f-425a-b305-2193b17c59a4","ItzGaReal","BR","0","2892","","","","","","","","","","","","","","","","","","","","","","","","","","","","","","","","","","","",""
"37a5a393-d24b-41b6-8e5f-6bba917aa83a","ivnovac","AR","0","2893","","","","","","","","","","","","","","","","","","","","","","","","","","","","","","","","","","","",""
"30791e69-564a-499c-8cb0-80dfad6bbe9f","Luaneluana28","BR","0","2894","","","","","","","","","","","","","","","","","","","","","","","","","","","","","","","","","","","",""
"ba8720a3-8c5a-4a81-9a17-305a78fdaf7c","lucapivetta","BR","0","2895","","","","","","","","","","","","","","","","","","","","","","","","","","","","","","","","","","","",""
"14a1dff3-d120-4b0e-aeca-9f60321a79c0","ThigSxdxd","BR","0","2896","","","","","","","","","","","","","","","","","","","","","","","","","","","","","","","","","","","",""
"545b8ac9-9bc0-4026-94f7-b007a579b010","SrtaHori","BR","0","2897","","","","","","","","","","","","","","","","","","","","","","","","","","","","","","","","","","","",""
"4646475e-cd71-4c4b-ada8-0216919bddca","zumbrix123","BR","0","2898","","","","","","","","","","","","","","","","","","","","","","","","","","","","","","","","","","","",""
"ddec829c-cd74-4094-83a1-93147b852254","brilhe","BR","0","2899","","","","","","","","","","","","","","","","","","","","","","","","","","","","","","","","","","","",""
"2dc6a655-eb63-486b-838d-1276531e139e","aldeaopro01","BR","0","2900","","","","","","","","","","","","","","","","","","","","","","","","","","","","","","","","","","","",""
"73da34bd-4286-4245-8766-f0f73b8f70bd","Wpaodialhoggez","BR","0","2901","","","","","","","","","","","","","","","","","","","","","","","","","","","","","","","","","","","",""
"b7c8f67b-e6f5-4b0d-9a00-c2fcc929c20d","NotTheCake","PY","0","2902","","","","","","","","","","","","","","","","","","","","","","","","","","","","","","","","","","","",""
"147b367b-ec3c-408b-ac50-c31934b0773c","girlkisser13","BR","0","2903","","","","","","","","","","","","","","","","","","","","","","","","","","","","","","","","","","","",""
"7045ba94-3186-47bc-a53a-2a23cb8721ac","mexus7king","BR","0","2904","","","","","","","","","","","","","","","","","","","","","","","","","","","","","","","","","","","",""
"3f538d55-d44a-473e-8b6a-ddfbab4cce16","CoutGui","BR","0","2905","","","","","","","","","","","","","","","","","","","","","","","","","","","","","","","","","","","",""
"afb4a6ef-ce82-420a-9b0e-55ffbf7e9228","z7k_","BR","0","2906","","","","","","","","","","","","","","","","","","","","","","","","","","","","","","","","","","","",""
"53d24526-a0f8-4b6e-9b6f-4ec4e5a62ffc","apns_emanuelwl","BR","0","2907","","","","","","","","","","","","","","","","","","","","","","","","","","","","","","","","","","","",""
"bc16d358-30e9-4647-bba7-fadf278b006a","fereperes","BR","0","2908","","","","","","","","","","","","","","","","","","","","","","","","","","","","","","","","","","","",""
"3b58e47a-9a0f-43e2-a4f5-94b48624a301","dogboss1312","BR","0","2909","","","","","","","","","","","","","","","","","","","","","","","","","","","","","","","","","","","",""
"88d696f2-197d-408b-83bf-955c9d74e986","k_1a","BR","0","2910","","","","","","","","","","","","","","","","","","","","","","","","","","","","","","","","","","","",""
"f692517d-e9e5-4f6d-b231-cf2ef7940069","ZueIronu9w0","BR","0","2911","","","","","","","","","","","","","","","","","","","","","","","","","","","","","","","","","","","",""
"cbb76860-6a88-4754-866c-3e434220470f","SelokoAmassante","BR","0","2912","","","","","","","","","","","","","","","","","","","","","","","","","","","","","","","","","","","",""
"35946983-cf4e-4ad2-8106-2b5a62f854fe","Lu_igiwpvp","BR","0","2913","","","","","","","","","","","","","","","","","","","","","","","","","","","","","","","","","","","",""
"405e7929-14c2-43b6-996c-ef486547b0b5","FeDexBr","BR","0","2914","","","","","","","","","","","","","","","","","","","","","","","","","","","","","","","","","","","",""
"35554051-b68c-4591-906a-f6285ef6d93e","Lord_kryon","BR","0","2915","","","","","","","","","","","","","","","","","","","","","","","","","","","","","","","","","","","",""
"b3605586-5ec4-427c-8a90-90cbe6d2745a","2lkr","BR","0","2916","","","","","","","","","","","","","","","","","","","","","","","","","","","","","","","","","","","",""
"dcbde832-8ff7-4efd-9c8a-e16e8a81aa53","highvision","BR","0","2917","","","","","","","","","","","","","","","","","","","","","","","","","","","","","","","","","","","",""
"25c18fec-242a-4a71-a8cf-719e5edc7e18","DanielGamesYT123","BR","0","2918","","","","","","","","","","","","","","","","","","","","","","","","","","","","","","","","","","","",""
"121aef6a-e247-4e0c-9423-307255598ad9","PatitoSalsita","CL","0","2919","","","","","","","","","","","","","","","","","","","","","","","","","","","","","","","","","","","",""
"c28679e1-4d94-4e07-8da3-ad549b132dad","DarkVaneX","BR","0","2920","","","","","","","","","","","","","","","","","","","","","","","","","","","","","","","","","","","",""
"9ac5dcbb-69bd-4649-b084-08f07d38ef74","hollowzinho67","BR","0","2921","","","","","","","","","","","","","","","","","","","","","","","","","","","","","","","","","","","",""
"b0534c61-d327-4f5c-9d30-4c0553908da1","noxvoidd","BR","0","2922","","","","","","","","","","","","","","","","","","","","","","","","","","","","","","","","","","","",""
"9308278a-286f-47f1-84fb-1177b7f71bdd","txlkzlovesChrist","BR","0","2923","","","","","","","","","","","","","","","","","","","","","","","","","","","","","","","","","","","",""
"8d8e0e30-7f82-4b7f-a077-fbc5862dbdad","PyroAngolano","BR","0","2924","","","","","","","","","","","","","","","","","","","","","","","","","","","","","","","","","","","",""
"db8e8c07-a41f-4135-bbd2-d8c79e47b288","4xyaa","CL","0","2925","","","","","","","","","","","","","","","","","","","","","","","","","","","","","","","","","","","",""
"2898d139-7882-4452-ae16-97f7c102f43d","coldussy","BR","0","2926","","","","","","","","","","","","","","","","","","","","","","","","","","","","","","","","","","","",""
"056b906f-2c1c-4155-93a3-9ce57de7c298","VnomIsLegit","BR","0","2927","","","","","","","","","","","","","","","","","","","","","","","","","","","","","","","","","","","",""
"ba476b34-9100-4290-a5a0-0f9880025b81","joyrideco","BR","0","2928","","","","","","","","","","","","","","","","","","","","","","","","","","","","","","","","","","","",""
"86b5ab02-fa16-45d8-b627-1671701ea4d6","Igor59907","BR","0","2929","","","","","","","","","","","","","","","","","","","","","","","","","","","","","","","","","","","",""
"3cf558c0-1f96-46f0-9c5b-57b61c8aebec","oLukasPNG","BR","0","2930","","","","","","","","","","","","","","","","","","","","","","","","","","","","","","","","","","","",""
"8c8abf40-45d3-43a3-8d56-196eff391fba","tzisbackkiller77","BR","0","2931","","","","","","","","","","","","","","","","","","","","","","","","","","","","","","","","","","","",""
"ff529df0-c8c2-450e-9616-4a24d588e1b5","_peps1","BR","0","2932","","","","","","","","","","","","","","","","","","","","","","","","","","","","","","","","","","","",""
"efae303b-ef91-4e4c-a56c-8bea9b55a1f5","yVituzBr","BR","0","2933","","","","","","","","","","","","","","","","","","","","","","","","","","","","","","","","","","","",""
"97b1296b-879c-44b9-8694-a985c4ac7408","pudilirim","BR","0","2934","","","","","","","","","","","","","","","","","","","","","","","","","","","","","","","","","","","",""
"0b6454ca-4cd5-481c-a4e9-22d0cbcd69e9","ySuarez_","BR","0","2935","","","","","","","","","","","","","","","","","","","","","","","","","","","","","","","","","","","",""
"6491bbca-efaf-432c-90ee-9c48000a6b7a","Darkaypo","PE","0","2936","","","","","","","","","","","","","","","","","","","","","","","","","","","","","","","","","","","",""
"8b09cfa0-a7a4-4f0f-8fd2-1b435b2d85e0","_Cxqp","BR","0","2937","","","","","","","","","","","","","","","","","","","","","","","","","","","","","","","","","","","",""
"f9ff48e0-46ff-44b9-a895-6e18767dc074","zMajorMC_","BR","0","2938","","","","","","","","","","","","","","","","","","","","","","","","","","","","","","","","","","","",""
"fb25d0ce-1a23-4a58-9926-5ca0923c80a4","SantosXTS","BR","0","2939","","","","","","","","","","","","","","","","","","","","","","","","","","","","","","","","","","","",""
"7566254f-bcd9-44c0-8429-b46cae59e5f6","zeletys","BR","0","2940","","","","","","","","","","","","","","","","","","","","","","","","","","","","","","","","","","","",""
"a83781bc-848e-44ac-a16e-0b90a369d9a8","daviisertao","BR","0","2941","","","","","","","","","","","","","","","","","","","","","","","","","","","","","","","","","","","",""
"1ee6d19f-6c9e-4209-9f06-b162c28aff40","Minalice","BR","0","2942","","","","","","","","","","","","","","","","","","","","","","","","","","","","","","","","","","","",""
"3cfa1831-52ae-4f52-b193-7020ddb5c284","_sonolento_","BR","0","2943","","","","","","","","","","","","","","","","","","","","","","","","","","","","","","","","","","","",""
"1e898c22-4afd-4fe3-905d-327e0f9a7652","MingauDaEsquina1","BR","0","2944","","","","","","","","","","","","","","","","","","","","","","","","","","","","","","","","","","","",""
"0d1e5fde-6bff-4c45-bfd0-116871843e67","showmeyourscreen","PY","0","2945","","","","","","","","","","","","","","","","","","","","","","","","","","","","","","","","","","","",""
"7b0b8da5-50fc-42da-8bd0-69602c565859","dhzinn002275","BR","0","2946","","","","","","","","","","","","","","","","","","","","","","","","","","","","","","","","","","","",""
"2bb13c9e-9e3e-4eed-a5e0-1224a1acb06f","pablo5gborges","BR","0","2947","","","","","","","","","","","","","","","","","","","","","","","","","","","","","","","","","","","",""
"0bdf4a13-cd8a-44db-b6e6-aed07a15b310","sykullt","BR","0","2948","","","","","","","","","","","","","","","","","","","","","","","","","","","","","","","","","","","",""
"65e89fa8-f8b2-4a00-8aa6-13e2ab43af9d","C74p","BR","0","2949","","","","","","","","","","","","","","","","","","","","","","","","","","","","","","","","","","","",""
"e39f21ca-6f07-4caa-a4c9-c4311cea6c72","yMoonBr","BR","0","2950","","","","","","","","","","","","","","","","","","","","","","","","","","","","","","","","","","","",""
"2b05efa3-1899-4500-ab3f-ee8134fe3254","Anjixx1","BR","0","2951","","","","","","","","","","","","","","","","","","","","","","","","","","","","","","","","","","","",""
"5918490e-e01e-46fd-b341-98e64f54acf6","enderman0605","BR","0","2952","","","","","","","","","","","","","","","","","","","","","","","","","","","","","","","","","","","",""
"bddcd900-b5f9-4a23-ada8-b7861df59ab8","gabxl_","BR","0","2953","","","","","","","","","","","","","","","","","","","","","","","","","","","","","","","","","","","",""
"98020918-71c9-428a-b2d3-04552270dfae","BawMCnet","BR","0","2954","","","","","","","","","","","","","","","","","","","","","","","","","","","","","","","","","","","",""
"718c29a6-6577-434f-a3ed-a2da6a8e8f24","pbzinnx","BR","0","2955","","","","","","","","","","","","","","","","","","","","","","","","","","","","","","","","","","","",""
"5d50f49e-b7b5-495c-825f-2a405da5a4ba","ValleteBr","BR","0","2956","","","","","","","","","","","","","","","","","","","","","","","","","","","","","","","","","","","",""
"5b4e06bd-dae6-42c7-8755-42cfac4bf5a8","vieirzxOnTop","BR","0","2957","","","","","","","","","","","","","","","","","","","","","","","","","","","","","","","","","","","",""
"28947e24-8533-4ed3-a560-4101fd717b90","Markusjr1234","BR","0","2958","","","","","","","","","","","","","","","","","","","","","","","","","","","","","","","","","","","",""
"2c4be35f-3359-4cae-ab01-134076ac38b0","Prado_O","BR","0","2959","","","","","","","","","","","","","","","","","","","","","","","","","","","","","","","","","","","",""
"bfea4ff4-4449-4b96-aa52-da4fe74d7f76","EduPePreto","BR","0","2960","","","","","","","","","","","","","","","","","","","","","","","","","","","","","","","","","","","",""
"934465f9-886b-4c32-aef0-4e10887969df","OMG_N0va","CL","0","2961","","","","","","","","","","","","","","","","","","","","","","","","","","","","","","","","","","","",""
"d2bdf94e-c1ca-4a5b-98ac-2d77af469426","CQFS","BR","0","2962","","","","","","","","","","","","","","","","","","","","","","","","","","","","","","","","","","","",""
"7e5220be-6311-4f3e-b45d-adb22005e833","Jhonayasbrazbr","BR","0","2963","","","","","","","","","","","","","","","","","","","","","","","","","","","","","","","","","","","",""
"395e0ac2-9542-4f5c-9fee-b8ce70bb0c23","yuriback","BR","0","2964","","","","","","","","","","","","","","","","","","","","","","","","","","","","","","","","","","","",""
"328e03dd-9041-4101-8875-e307c7537fc9","kx_raoni_kx","BR","0","2965","","","","","","","","","","","","","","","","","","","","","","","","","","","","","","","","","","","",""
"b75188cc-4655-4787-aaec-92cf2e8a0cc8","casspn","BR","0","2966","","","","","","","","","","","","","","","","","","","","","","","","","","","","","","","","","","","",""
"d093ba1f-450d-4d9b-ab98-41f4a06458a7","mumugostoso","BR","0","2967","","","","","","","","","","","","","","","","","","","","","","","","","","","","","","","","","","","",""
"37bb2ad7-63b3-436f-b40a-c04627c8c0d3","lgxt","BR","0","2968","","","","","","","","","","","","","","","","","","","","","","","","","","","","","","","","","","","",""
"d3eeeaef-05d7-4813-9596-bb5381ec73e3","chz7_","BR","0","2969","","","","","","","","","","","","","","","","","","","","","","","","","","","","","","","","","","","",""
"d823c3b1-aa7d-449e-94cf-acb1b0809618","Dryz2k26","BR","0","2970","","","","","","","","","","","","","","","","","","","","","","","","","","","","","","","","","","","",""
"e127addc-74f9-4a4d-ba04-cb6736a4fe28","BrineX3","BR","0","2971","","","","","","","","","","","","","","","","","","","","","","","","","","","","","","","","","","","",""
"b6079115-b0af-41aa-ada9-42e9912547cd","Deverlk","BR","0","2972","","","","","","","","","","","","","","","","","","","","","","","","","","","","","","","","","","","",""
"5cac8be4-b1e6-4eb3-8f6a-bb802781f97d","abobrinhayag","BR","0","2973","","","","","","","","","","","","","","","","","","","","","","","","","","","","","","","","","","","",""
"28a09709-0832-4f76-83b0-95f6773112eb","MiriMineh","BR","0","2974","","","","","","","","","","","","","","","","","","","","","","","","","","","","","","","","","","","",""
"d01abdd9-b498-488b-a722-ee65ebe7a2f6","_Kurane","BR","0","2975","","","","","","","","","","","","","","","","","","","","","","","","","","","","","","","","","","","",""
"f31f85ba-a8c6-4fa7-ab56-2711743d1fc9","13wuu","BR","0","2976","","","","","","","","","","","","","","","","","","","","","","","","","","","","","","","","","","","",""
"864c7a71-79d8-411d-be0f-13277eeabb32","Xdotty_","BR","0","2977","","","","","","","","","","","","","","","","","","","","","","","","","","","","","","","","","","","",""
"a97d4aee-29c2-486b-a185-edd90d063892","tkzin00","BR","0","2978","","","","","","","","","","","","","","","","","","","","","","","","","","","","","","","","","","","",""
"ec495861-c3ab-4e31-920b-b002a7e12c5b","ryzyoz","BR","0","2979","","","","","","","","","","","","","","","","","","","","","","","","","","","","","","","","","","","",""
"804c6657-1706-439e-8aff-262ff6ded72f","Arthurmmcc21","BR","0","2980","","","","","","","","","","","","","","","","","","","","","","","","","","","","","","","","","","","",""
"986e5b07-2619-4df8-bf14-64fd9a173cc8","Tr3ets","BR","0","2981","","","","","","","","","","","","","","","","","","","","","","","","","","","","","","","","","","","",""
"885cd3d1-72ec-440b-bfa8-6aa1c7798ce4","_kuchta_","BR","0","2982","","","","","","","","","","","","","","","","","","","","","","","","","","","","","","","","","","","",""
"9a43322a-f25f-4afa-a274-a1e96b5c1a31","F7sz","BR","0","2983","","","","","","","","","","","","","","","","","","","","","","","","","","","","","","","","","","","",""
"20996388-162b-4def-aee3-f62c1b8cb113","v2qx","BR","0","2984","","","","","","","","","","","","","","","","","","","","","","","","","","","","","","","","","","","",""
"d77d0b36-b714-4ec7-9f9b-cc60632d1715","pw7k","BR","0","2985","","","","","","","","","","","","","","","","","","","","","","","","","","","","","","","","","","","",""
"54f3a9b7-d7c8-4fec-aa1c-c61eea971ead","Moon_Pedro","BR","0","2986","","","","","","","","","","","","","","","","","","","","","","","","","","","","","","","","","","","",""
"92e22c22-d69b-4a42-b0d7-4ca190822785","Gustavo_Chu","CL","0","2987","","","","","","","","","","","","","","","","","","","","","","","","","","","","","","","","","","","",""
"25ab7237-f7da-4155-afd7-f49123005c00","choraprobala","BR","0","2988","","","","","","","","","","","","","","","","","","","","","","","","","","","","","","","","","","","",""
"4811d574-4544-4e92-aa9c-fa76c2a8a60e","UDuble","BR","0","2989","","","","","","","","","","","","","","","","","","","","","","","","","","","","","","","","","","","",""
"0a867261-0bf1-458b-8ca7-87ac61221f35","BledLooser","BR","0","2990","","","","","","","","","","","","","","","","","","","","","","","","","","","","","","","","","","","",""
"8c67102e-56d6-435b-88a7-fbd73e6923b6","vSwap","BR","0","2991","","","","","","","","","","","","","","","","","","","","","","","","","","","","","","","","","","","",""
"a4e51671-87d2-4a2e-925a-ef44f1da7fc5","Pactuou","BR","0","2992","","","","","","","","","","","","","","","","","","","","","","","","","","","","","","","","","","","",""
"11eeed3d-4395-4ccb-bb6e-a7a3011dc253","Leonardo1312jjw","BR","0","2993","","","","","","","","","","","","","","","","","","","","","","","","","","","","","","","","","","","",""
"597757e6-a3cc-4fa2-b476-3ce0e2594297","ViniblocksDH","BR","0","2994","","","","","","","","","","","","","","","","","","","","","","","","","","","","","","","","","","","",""
"22ea1e10-8517-4b7b-9fce-863b0b9e1572","amandinhaskibdi","BR","0","2995","","","","","","","","","","","","","","","","","","","","","","","","","","","","","","","","","","","",""
"1e4a88dc-abb8-4699-a305-0d1d7f81e5df","eo_ruhtra","BR","0","2996","","","","","","","","","","","","","","","","","","","","","","","","","","","","","","","","","","","",""
"37866fbe-c2b1-4d5d-9620-c8e0be904870","Awest1c","PE","0","2997","","","","","","","","","","","","","","","","","","","","","","","","","","","","","","","","","","","",""
"f1bb1e73-d59a-4a71-b192-5544f26e7f33","TillianGoat","BR","0","2998","","","","","","","","","","","","","","","","","","","","","","","","","","","","","","","","","","","",""
"bebbd8e8-8c31-47d7-b88b-f143941cd162","Kiridroid","BR","0","2999","","","","","","","","","","","","","","","","","","","","","","","","","","","","","","","","","","","",""
"3cd29ae1-d6d3-4724-a6d8-34f95cc4622e","samirpei","BR","0","3000","","","","","","","","","","","","","","","","","","","","","","","","","","","","","","","","","","","",""