"modalidade","tierId","label","uuid","name","region"
"SWORD","7","LT2","0130939d-c51c-4fe6-8a33-63f9ae5bdfa5","Acrofat52","AR"
"SWORD","7","LT2","b8d60c20-1b33-4a3d-9f1b-ebdc7e7ee326","cooklol","BR"
"SWORD","7","LT2","e8cea597-b06b-4ada-b841-1724601f8dac","ErAgg","CL"
"SWORD","7","LT2","e404ba7b-4acd-4e7f-b7f9-5d7cb4fc201a","FFranchu","AR"
"SWORD","6","HT3","35fa6842-5f66-4b22-bcad-8e1d5b99d128","1hit_","BR"
"SWORD","6","HT3","d3a5a262-1f6d-48bb-9f1e-59786bc4635f","blessedraik","AR"
"SWORD","6","HT3","3ce0d045-ce57-42aa-b3fc-785212b487ed","Delicaty","BR"
"SWORD","6","HT3","307b4203-3839-4c88-8ef3-ed007524cf6a","DreamRuso","CL"
"SWORD","6","HT3","0e6ba1a2-e051-4b72-bc2d-5810211236e9","hipnose","BR"
"SWORD","6","HT3","e56e5838-8f11-4c93-b60b-3b87b3d6d485","ILoveMilanesa","AR"
"SWORD","6","HT3","117fdb81-fc2d-4f9c-ad15-edd3d97af111","Kniess","BR"
"SWORD","6","HT3","958076b6-cfa7-496c-a125-6a32b15e43ea","LamineYamal6742","BR"
"SWORD","6","HT3","696cbf91-3d75-4269-abb9-10fdbb2a1163","MiGueL_Faded","EC"
"SWORD","6","HT3","68c99c91-b4a3-474d-8116-81d4bbbd886f","MilanesaMacro","AR"
"SWORD","6","HT3","f7746eed-4505-45aa-99e2-5610e71f10b6","MiraMama","AR"
"SWORD","6","HT3","82cc7212-f92d-4f97-a6c7-bbb85f3c2c7f","MironVT","CL"
"SWORD","6","HT3","fd59643b-1f76-4f7f-bd13-15efba56d9cd","Nubx_","BR"
"SWORD","6","HT3","aec0c315-ca03-4193-beaf-68d377d8f353","olfd","AR"
"SWORD","6","HT3","33ec7315-8d2e-47f2-bf07-46b0742308bb","OTF_bolsotr0n","BR"
"SWORD","6","HT3","e35a9e9d-dd8a-412e-88e3-aedb07e70147","refinado","BR"
"SWORD","6","HT3","19015244-ec22-497c-9c26-0c57be2adcb1","Sancionw","AR"
"SWORD","6","HT3","6d079abd-ffd0-41bf-bca5-b5603d85a913","SeSupone","AR"
"SWORD","6","HT3","cc7a54cb-ad31-475e-82e6-1be834bf9474","SkibidiSIgma76","PE"
"SWORD","6","HT3","978e9149-0e5b-4270-b16d-aaa8b26284ed","Theodoroo","BR"
"SWORD","5","LT3","f8cf1ee6-1590-4f6b-a378-d0b98cfff04e","Alximo","BR"
"SWORD","5","LT3","dc43b9c8-0a5c-486f-a437-4cfe629a5ed0","Axzcl","AR"
"SWORD","5","LT3","1a12ca4e-488a-475c-a07c-55e209f3e088","BrasilFailed","BR"
"SWORD","5","LT3","b27f42e1-5688-4ddc-bb10-6c72546c4213","Drp_y","BR"
"SWORD","5","LT3","02c8460a-f991-4a0a-8513-0b15b4788673","Esteebaan","CL"
"SWORD","5","LT3","e022d85e-32a3-4964-9f80-888d86de485e","felinoskill","CL"
"SWORD","5","LT3","5a4122ff-233f-4bd5-a531-caac64498b45","HAZHIRA","CL"
"SWORD","5","LT3","053f1d53-51ad-4bb7-bb48-63dcf83e3c99","hrdt","BR"
"SWORD","5","LT3","5ccc79c9-52c5-44b6-9832-d3133c26b478","imBlaze","BR"
"SWORD","5","LT3","91b7f250-0a21-4809-ac23-cbd3d44bcfcf","iNunes_","BR"
"SWORD","5","LT3","57939208-214e-4da1-94bc-cb43a34e2e2d","ItzAntunes","BR"
"SWORD","5","LT3","5c524e26-e806-4676-a26b-168b91fad10c","JustLoved","BR"
"SWORD","5","LT3","d10649d3-b323-4b6a-9aad-38bf66cf81e8","meteorinto","BR"
"SWORD","5","LT3","7432b5e4-8ffb-4858-acb5-bb796b86bc53","nequg","BR"
"SWORD","5","LT3","b2267565-246d-4795-828b-cff0a6a1e58d","nuraa","EC"
"SWORD","5","LT3","5ed3d08f-0dea-4676-99b3-a2d1e38cfa88","Pepalux","BR"
"SWORD","5","LT3","76d59e9f-933a-45cc-8b2b-87dfc44f8431","rem2rem","AR"
"SWORD","5","LT3","eb9914c9-a7de-4093-86f7-87e4e41671cb","SantaDoom","BR"
"SWORD","5","LT3","7eeebfe6-df22-48b0-b376-534c74b489e0","SaoriRDC","BR"
"SWORD","5","LT3","8198953f-19b3-403e-b200-459cfa96aed1","Severidade","BR"
"SWORD","5","LT3","b7b15bc3-772f-4be4-b79b-3a69c7fe24b4","Shoyorty","BR"
"SWORD","5","LT3","3f044927-65b2-4740-a0cc-ec94e0fb490b","TungTungMoon","BR"
"SWORD","4","HT4","02270529-cd51-47ff-afb7-446ec92312f8","___VL___","BR"
"SWORD","4","HT4","f920df2f-a230-4a4f-89c5-8db202e1140e","_sleezer","BR"
"SWORD","4","HT4","c5de11f2-1990-4a7a-8176-f5b27b00f1a3","_zqw","AR"
"SWORD","4","HT4","411114af-ad57-40c1-8062-8f0115b39c5b","17fardox","UY"
"SWORD","4","HT4","610887ba-1f0e-4120-a84d-45c5a9a180c3","1scr","BR"
"SWORD","4","HT4","bd5cf52f-fa41-47df-9e44-295825b17951","2Hits__","BR"
"SWORD","4","HT4","58dab3a1-c79f-4f58-8ee8-d37dc3432265","4n43","CL"
"SWORD","4","HT4","1acf6489-be51-4078-ae59-6986ef4b443c","9187624","BR"
"SWORD","4","HT4","389e4ac2-ca69-4dd1-82df-4d0d00a1481b","AcroAdmz","PE"
"SWORD","4","HT4","4122ca0d-2da3-42b1-9d47-b95be3c1fd96","AguilleraBADNET","BR"
"SWORD","4","HT4","184f2cb2-1552-4967-829d-0c9d461ad184","Aigth","AR"
"SWORD","4","HT4","b1ca953e-bbff-43d6-8c35-c94fb2965de8","AleRossi","BR"
"SWORD","4","HT4","e8168585-46d1-4f01-b885-941c6f9c5cfa","ashvie","BR"
"SWORD","4","HT4","148c66f2-ef13-4f8e-b198-53104ee2e4b5","bargsupporter","BR"
"SWORD","4","HT4","c74449f4-30d3-4e70-a2c2-55a60c801c4c","BarrelSUM","BR"
"SWORD","4","HT4","ea7d683a-1bb7-49ce-80f4-b726820e5d1c","Bastuss047","BR"
"SWORD","4","HT4","76145bfb-77c3-4990-870b-6c5ed126a3f0","batatatristeS2","BR"
"SWORD","4","HT4","dbb3b2f2-a6ad-4bf4-8622-420adb42cfc8","Bh2Kinngz","BR"
"SWORD","4","HT4","bf86a00a-d321-4ab0-9df6-b1e1ad614910","binho_SCCP","BR"
"SWORD","4","HT4","64859670-323c-4a42-ab61-d87b60442932","Blackoxyz","CL"
"SWORD","4","HT4","aa2faf93-2e5c-4cee-9804-85caba418ac2","Brugento","BR"
"SWORD","4","HT4","771e2e6e-f0e9-4232-9524-560d30c522cf","bushikage","BR"
"SWORD","4","HT4","084e4d4b-afbe-4e09-aed3-538794b08e1d","chuvoso","BR"
"SWORD","4","HT4","ec3dc9a8-9d2c-4366-8a54-b114e14eaefb","COJIDOTAS","AR"
"SWORD","4","HT4","f5619d14-6fa2-424a-b11c-d777bc4d2276","CookieCF","BR"
"SWORD","4","HT4","4604f933-b28d-4736-a938-a8993d6e89dc","cr0zz","BR"
"SWORD","4","HT4","90e182b6-0b50-41e9-942e-1aa7faf52d8f","crazyRar","BR"
"SWORD","4","HT4","9e5fef17-0264-4aa9-8d0c-a596ed2f63e0","D4rkxz_","BR"
"SWORD","4","HT4","6b91d9fb-324b-4319-8d3c-ec77dc5c8411","DDnovex6","BR"
"SWORD","4","HT4","8ddb7467-77f8-46c4-9767-a372d4dc8b01","demonarts","BR"
"SWORD","4","HT4","39badcc0-5f76-4858-ad7d-9f0adba10a38","demonislife","BR"
"SWORD","4","HT4","6a01be72-bab9-4181-8f1e-d92555c4dcc2","Demonlishing","BR"
"SWORD","4","HT4","a3fd1b01-f4ce-4b1f-9f58-74f667277172","desumanidade","BR"
"SWORD","4","HT4","9fb738aa-25ad-46c4-a8b3-f425fb1e0021","DogWas","BR"
"SWORD","4","HT4","21ce4e8d-75aa-46f0-b93f-f869ba87f3e1","DouctVendouzzJR","BR"
"SWORD","4","HT4","3131d835-6657-4f77-8c0a-37d6b6343047","DreadTheScaryMan","AR"
"SWORD","4","HT4","54c9ac8f-6e18-420e-8d47-8dba877a67a2","DrEndoSirk","CL"
"SWORD","4","HT4","025b0319-8f05-404b-ae1b-02f5573da4a8","Endermoinn","BR"
"SWORD","4","HT4","191f14cd-fc80-492f-a982-f3eca7012613","evesiin","BR"
"SWORD","4","HT4","67d65914-a618-4da0-ac9e-7c05dfb5f0a9","evxngelich","BR"
"SWORD","4","HT4","ffd6f6fe-5792-4e2b-8590-e9d6fbc7225f","External_EX","BR"
"SWORD","4","HT4","a435e87a-1497-4c2c-aab0-488054d3a4da","Fainariti","BR"
"SWORD","4","HT4","82b11b4f-4bee-4f78-815e-6955dbbcb465","fake2323","BR"
"SWORD","4","HT4","f5266e5c-4a9a-4da6-a741-3f41629dbfd0","Felipzn12","BR"
"SWORD","4","HT4","1cf227cf-b430-4cd8-874b-c32daa19269b","Fidelezx","BR"
"SWORD","4","HT4","772b3317-0b7e-4aae-a1af-9109cef12e85","filhodopkb","BR"
"SWORD","4","HT4","842c90c9-7e40-4ceb-a450-27416ffbed10","firaspsps","BR"
"SWORD","4","HT4","846566d8-2094-4b7b-8e6d-12a82a7afb29","Flooqey","BR"
"SWORD","4","HT4","58eb94e6-7d17-42d1-acda-6e9157fb2c60","Flxmys","BR"
"SWORD","4","HT4","47ed308e-8bb2-432c-9b79-10b221f7214f","FRANCEdembele","AR"
"SWORD","4","HT4","9b43c15c-c6cf-48a3-b8dd-00873ee3f5a5","gki_","BR"
"SWORD","4","HT4","e3edc99e-5ec5-4a0e-b584-e37581fbe64d","Gotinh4_","BR"
"SWORD","4","HT4","87439ff3-dda6-4081-825a-2972a3fc89c6","Groovy1v9","BR"
"SWORD","4","HT4","58c9e12f-ebb2-4c86-ac8f-e2957534b1f4","GSAutoClicker","BR"
"SWORD","4","HT4","8e193cc5-fb04-41c4-8f3d-11d6d909682b","GsEmpty","BR"
"SWORD","4","HT4","74140a37-a8a0-4188-b121-196c6e20bfd7","gui_tchola","BR"
"SWORD","4","HT4","0fcce85e-2023-4377-a2ab-cb864b450cb3","guxtinhoxd","BR"
"SWORD","4","HT4","67f974b3-2040-45f4-9a7a-558d7242643c","HenriqueNC_","BR"
"SWORD","4","HT4","9fac89ba-9ff9-4d5e-9b99-4ee4296efc8e","Heroibesta","BR"
"SWORD","4","HT4","5124936a-60ef-48a0-a559-fb48f9b726f1","Hiocui","BR"
"SWORD","4","HT4","a001f3bc-da67-4ce6-ac86-5ffc2a385c83","iPatox","BR"
"SWORD","4","HT4","7407025c-1291-4004-8600-5125b8c40eea","iskybiel","BR"
"SWORD","4","HT4","c1eb7bc4-4abf-48dc-8d8b-6d13c14a7c80","izukinhow","BR"
"SWORD","4","HT4","d71d994a-71df-407f-9410-0dd72f8638ff","jerydy05","BR"
"SWORD","4","HT4","0f4637a5-735d-46fa-809a-f25bd38afc63","Jesterxyz_","BR"
"SWORD","4","HT4","46247291-0143-4a0a-8eda-5d8382786187","jggwt","BR"
"SWORD","4","HT4","d4a2c29b-c7e4-49b4-8c57-a1e36eb58e97","Jjavek_","AR"
"SWORD","4","HT4","d33f43e5-fd07-4c60-8d79-ab9f6cb9dc53","JohnWalkerBR","BR"
"SWORD","4","HT4","5997cdaa-f9c9-46e5-b722-57aa2bda8f0e","Jvwl","BR"
"SWORD","4","HT4","223f4014-18ff-4c97-9694-0c81d4008b17","KaxLy_","PE"
"SWORD","4","HT4","2969a6bd-ae89-4a6b-bd89-69e32694a736","Kewinz","AR"
"SWORD","4","HT4","6b0d7ad4-820b-4823-8ab7-c285b8b39873","khlaude","BR"
"SWORD","4","HT4","c31dce48-c991-4ba9-9158-5905ad1481c1","knowingema","AR"
"SWORD","4","HT4","c195939b-f1d2-414b-957b-94b17208305c","kykywoah","BR"
"SWORD","4","HT4","7715b047-5fb8-4441-a788-40479c6bef71","Kyqx","BR"
"SWORD","4","HT4","b308188c-5dbc-436f-9f66-62da2f0c07ed","kyuzirj","BR"
"SWORD","4","HT4","e632f2d3-6765-474b-b7ab-1f0268ccfa6e","Kywia","BR"
"SWORD","4","HT4","7db0a6e8-00c6-4fa4-819c-ded74a05efb1","laravdll","BR"
"SWORD","4","HT4","4367d167-a55d-4288-9d6b-e3a943c2c75e","Legites","BR"
"SWORD","4","HT4","a87f53c3-e71a-492a-a7c0-22d5b7cb94fd","Ligeirinn","BR"
"SWORD","4","HT4","c8e852cf-7a26-4db7-a6b8-972d58343049","LLTTLE_","BR"
"SWORD","4","HT4","9334cf4b-8fa9-4d7a-95d4-4086ac845661","Lotusz__","BR"
"SWORD","4","HT4","6de12fba-6aa6-4575-bbeb-a3001bf0ab34","Lourival_","BR"
"SWORD","4","HT4","f7b97614-5ea5-428e-8467-b1a9f833ca45","Ltheus","BR"
"SWORD","4","HT4","7aa092be-1b50-4cad-9967-d93d404a65a6","LuiEHC1","BR"
"SWORD","4","HT4","06203091-e116-4f5a-ae62-0fe05719e639","LuizTheFallen","BR"
"SWORD","4","HT4","ccda08a3-c437-4f36-b436-99e3686da3c8","LyssO_O","BR"
"SWORD","4","HT4","bb7883c8-1204-45a2-96e1-fd956a96396f","M1dzz","BR"
"SWORD","4","HT4","191ff76d-6347-4eb6-bfc1-0cca5b7510ca","Madkael","BR"
"SWORD","4","HT4","99e0aa66-077d-4ab8-8cbf-b13978e70a8a","Mellaniy","BR"
"SWORD","4","HT4","97a8e56e-6e7c-40c8-8093-a959ffa0e3b4","MilanesaDeidad","CL"
"SWORD","4","HT4","7e59a358-7088-4dcc-8b8c-d55d26587654","mosaikou","CL"
"SWORD","4","HT4","8d396a96-f3a7-401a-90f6-8941e25f3dcd","mthzx7","BR"
"SWORD","4","HT4","c52245a6-ea4e-4b1c-93a4-f0900f7f58b5","Mubraa","BR"
"SWORD","4","HT4","2d839718-b4b1-4d73-8887-fc1ff3a2abf5","Myam0to","BR"
"SWORD","4","HT4","437a376e-d210-4d7b-808b-798372133a13","NearInformer","BR"
"SWORD","4","HT4","3dbb3a70-ffc6-4313-a55f-8effd3b9d68c","NerdZeraa","BR"
"SWORD","4","HT4","d9154735-7c28-4d69-bb50-ead4a863a1c3","Nicoitoo","BR"
"SWORD","4","HT4","ea634357-7e5d-4b45-ae4a-3bfda692a39b","nocivoo","BR"
"SWORD","4","HT4","b4c48d82-5d77-41a9-9da4-a7fa76c7cd8b","nwts","BR"
"SWORD","4","HT4","49c1fd4a-47c2-45b5-bf1f-cf72e083c13f","NyphlicX","BR"
"SWORD","4","HT4","93db676b-b349-484d-80cf-b30442acc692","oAkirays","BR"
"SWORD","4","HT4","3c3cc46e-6127-4fd6-b1bc-f118ea8a901c","oiLuca","BR"
"SWORD","4","HT4","f2b7cc50-8e9d-4e16-bce2-a3df0d82ec05","oPinguin","BR"
"SWORD","4","HT4","6da93a16-a30c-42ea-9299-4ed39e249e05","PaiDoTortapro","BR"
"SWORD","4","HT4","9219ccfb-1e9c-4ddd-96c2-1187ca4567b5","Papanoa","BR"
"SWORD","4","HT4","ba753fb6-65af-4ddb-acb5-7ab15210bfa6","PapuDiminuit","CL"
"SWORD","4","HT4","a8495166-da70-40fc-83e4-4f06f462aef0","pelaah","AR"
"SWORD","4","HT4","59ff9c63-a4d7-4a92-8265-de3033be4d1d","Perv3rse","BR"
"SWORD","4","HT4","4463c8c3-73d7-4c57-9b33-71185ea1fa0d","PhatBananaKid","BR"
"SWORD","4","HT4","54593748-85f3-437e-8d8f-301329d4108c","poolians","BR"
"SWORD","4","HT4","262c467a-56e6-41c7-85da-0f10d7fda2a7","PropiedadDeMaxi","AR"
"SWORD","4","HT4","2309a5f3-dfe6-4c1a-8122-4a94162d253a","qwcw","BR"
"SWORD","4","HT4","83421699-5ed9-4ce3-9c75-abf263e74362","Ragj90_","PE"
"SWORD","4","HT4","1d60a247-0bba-4012-a127-d7c5a7a10f33","RATOQUINHO_","BR"
"SWORD","4","HT4","68a5f5ef-281d-4c93-ab5f-d04c6fd9e603","realFlick","BR"
"SWORD","4","HT4","7e73df1d-933a-4b12-8a83-e0a780d65d67","refinadoloser","BR"
"SWORD","4","HT4","91615f26-5305-40f0-8068-2ee35aea607b","reisupremo","BR"
"SWORD","4","HT4","ed58471d-3629-4d4c-ba7f-07f9adff5649","Ricoraio","BR"
"SWORD","4","HT4","55b0fd37-76af-40b0-960d-06c65d80557a","rizharth","BR"
"SWORD","4","HT4","faf1f419-6392-4834-9b4b-fbdae6da5aa9","Salamanba","BR"
"SWORD","4","HT4","a276923c-56b3-443c-a15d-b2b4b2c415b4","sharitq","VE"
"SWORD","4","HT4","9ff83893-2a24-4155-9eb5-6acdfcf9d516","sheetys","BR"
"SWORD","4","HT4","22a055f1-3d13-49dd-ae70-f1ee093b1fa3","SiegHartz","BR"
"SWORD","4","HT4","5eab8c3a-dbee-4882-9042-454c017fb6bc","SiempreTriste22","AR"
"SWORD","4","HT4","823038ff-911c-475a-bf0f-4e77afe88e2e","Sin_Berretines","AR"
"SWORD","4","HT4","24818686-6181-49c4-b434-66011a6a27c7","Sir_Itte","BR"
"SWORD","4","HT4","9677e53c-36ba-413e-a34e-8b51618ccee4","solidhtly","BR"
"SWORD","4","HT4","e9a03027-500e-419c-99b2-153623d60117","soratth","BR"
"SWORD","4","HT4","896e6577-993d-4fc0-a2a3-0d3fac11b0ea","SoyFanDeRem","PE"
"SWORD","4","HT4","8b3be9e8-54e0-4be9-9964-62f127ec8265","sp3qq","BR"
"SWORD","4","HT4","42706dae-6824-460f-82a6-4efe4afc418e","sweetgah","BR"
"SWORD","4","HT4","b8117f89-92cc-47cf-b091-bf8089c7f730","SwordsDances","BR"
"SWORD","4","HT4","539f5795-9cca-41af-a33c-987f4b07270f","TarkMoon","BR"
"SWORD","4","HT4","a86d46f8-34fc-4348-9280-575519b04b28","Teyun","BR"
"SWORD","4","HT4","33a57277-ca45-47d2-be9a-a095a621b2ce","Teyx10","BR"
"SWORD","4","HT4","92475ae7-9be5-4114-91b8-48adb8b2beec","TORORO_VEM_FORTE","BR"
"SWORD","4","HT4","b8b21387-0ac7-4b12-b571-f5cd4ad7e09d","tortapro","BR"
"SWORD","4","HT4","f0bff8fb-82de-4d25-ae28-802852d0c2dd","TRYJaaoznxx","BR"
"SWORD","4","HT4","8036b6c6-b39f-4ec6-94d3-67898cd1c43d","tukasApenas","BR"
"SWORD","4","HT4","ccdb0039-b790-4187-80de-a0b9a8dacbee","TungTungCurious","BR"
"SWORD","4","HT4","278c70b4-6e7b-4a64-a5fc-416d21cd7908","uisahsuiasndsaD","AR"
"SWORD","4","HT4","5fa5b7ef-2070-4735-9557-b47718f1830f","v210","BR"
"SWORD","4","HT4","8757b546-1b31-4233-ad3b-0aa4ff20d46c","VazioEcoante","BR"
"SWORD","4","HT4","f2eb39f3-1207-445f-8e8c-b96a1041dff0","veigaBW_77","BR"
"SWORD","4","HT4","a1c2367e-1397-41f1-9f40-6e7c804255d6","Vendouzz","BR"
"SWORD","4","HT4","c3bc17fa-8878-4c5d-94b3-2dab38d79fad","vGelo","BR"
"SWORD","4","HT4","20292317-9635-4db6-a4c1-29a854720083","vtyTurbo","AR"
"SWORD","4","HT4","9583242b-a39b-405c-a8b2-08c516c3378d","Wee_gay","BR"
"SWORD","4","HT4","4c2f777c-08c5-4072-a8cd-7f6d8d0c6e11","XantaresPK","BR"
"SWORD","4","HT4","3b068203-3e6d-43fa-8daa-53a4aaa55317","xd3vortex","BR"
"SWORD","4","HT4","7224ba1a-fdd2-467c-8411-ca0a6aa32255","xEdu_YT","BR"
"SWORD","4","HT4","1be38172-cfcc-409d-a460-914e9c2fe42b","xmp3","BR"
"SWORD","4","HT4","635909b5-ceb3-4cb8-b0b9-ef69e260314d","yAstros","BR"
"SWORD","4","HT4","3097d8ff-9823-4b60-b11d-82ef1709de39","yFalleen","BR"
"SWORD","4","HT4","2e7a436d-a926-41ba-8e26-9e883cfebf36","YoBlitzo","BR"
"SWORD","4","HT4","cca7907b-7d41-450f-8f27-1f4fe3588778","Yvxen","CL"
"SWORD","4","HT4","62181620-fe5d-4050-aa1b-4a280bbff60b","zdkj","BR"
"SWORD","4","HT4","0a540ef9-a825-4acd-9853-1c1aec11f27c","ZeroFlagged","BR"
"SWORD","4","HT4","2a0ad4e8-aecb-4d75-b001-024e161ac8c0","zkxd","BR"
"SWORD","3","LT4","5832a14a-e42a-420f-a1f1-3205c38ab693","__beto","BR"
"SWORD","3","LT4","da106e1c-cc2a-4c74-94a4-e08b358077be","__Mortals","BR"
"SWORD","3","LT4","10cf2861-9f07-46ce-8e9d-a9170de92e98","153Rimuru","BR"
"SWORD","3","LT4","6917f184-8f78-4b2d-8c7f-15aba2c8554e","198fael","BR"
"SWORD","3","LT4","e884a3b7-1e4a-4e67-a892-84c0b06bf09d","267hz","BR"
"SWORD","3","LT4","7adefde1-5d8f-4e8a-be0b-2e22b55f56e5","28937764","BR"
"SWORD","3","LT4","2f9a49c2-dc25-4ef9-baf5-9c0a6ce4c317","2feg","BR"
"SWORD","3","LT4","e3dfa97a-8a7c-485e-97df-7d09ec8f11cb","2villain","BR"
"SWORD","3","LT4","58efeb12-7221-446a-ac84-f813bd3849d0","4m1q","BR"
"SWORD","3","LT4","a72e48f5-356e-4c7a-a9af-12eaa99244f9","9qw_","BR"
"SWORD","3","LT4","93742b27-79ab-4bc1-aa7b-954c36c610b3","aeeryin","BR"
"SWORD","3","LT4","672efd41-45e1-4117-a9e5-95dc0beae3aa","aguustin51","UY"
"SWORD","3","LT4","0245863e-8b2f-442c-841f-d44c58b98cc7","Akemistico","BR"
"SWORD","3","LT4","df530759-c112-4122-b510-8bad301e7b6b","AlmeidaGG","BR"
"SWORD","3","LT4","21254a6b-5f76-4e91-b7b2-8a1391015bf8","andrewlarp","BR"
"SWORD","3","LT4","289da2b2-c740-4e28-8bb0-d0366ec15cf8","AninhaXd","BR"
"SWORD","3","LT4","bf2bfbed-529b-44d1-a16d-5be45b6d7539","aquelekant","BR"
"SWORD","3","LT4","91dd34d1-6da3-40a7-905f-23fb8dbb96eb","Arthue_zica","BR"
"SWORD","3","LT4","bc817832-b7fa-45ec-857b-c18b467f9e2b","Artyon_Smoker","BR"
"SWORD","3","LT4","2a3ec37b-6e82-46e4-89e3-d7bd85859e19","ArtzxTheZac","BR"
"SWORD","3","LT4","d6197868-3245-4cb7-bf0d-4e082cfe8369","AugustoAGC","BR"
"SWORD","3","LT4","9127abe5-105d-47ca-a343-20155386fc02","bacwz","BR"
"SWORD","3","LT4","4265e038-ff23-41d9-bb12-ff59eff469a7","Banaza","BR"
"SWORD","3","LT4","f49118c1-e078-4db6-81d4-6df1ff169f09","Bethelitna","BR"
"SWORD","3","LT4","1e1cfa6d-4bce-4650-997a-f04f0b78297a","beyjgd_","BR"
"SWORD","3","LT4","5b68350c-cf94-49ef-99e1-9ab93c8003ce","Bilizwx7","BR"
"SWORD","3","LT4","78ef712e-41ec-4aa6-afe3-1d653edd5fc9","BlackNox_","BR"
"SWORD","3","LT4","28d10851-983f-4015-8294-e5a2a6943618","Blackxz977js","BR"
"SWORD","3","LT4","5edc350b-1f23-4fa8-b64a-be66cc3f10b7","BONZINHO99","BR"
"SWORD","3","LT4","bbd6e598-16a1-4559-a274-1ed40591bd98","boomby_","UY"
"SWORD","3","LT4","32928c24-7f6e-4c1e-b4f7-b2705346883a","BostaPremium","BR"
"SWORD","3","LT4","8525e4f1-d67f-4e27-b83e-cf75fee15ab4","BR1_Tulachika","CL"
"SWORD","3","LT4","b6842704-7ca0-44c5-a45a-79a2202afa5c","BR4GGA","BR"
"SWORD","3","LT4","1516a222-7c09-4fa1-b38c-2d75380c3572","Bracin07","BR"
"SWORD","3","LT4","a9c21836-0bbe-407d-8d39-af923f8dcd1f","Brasilzzz","BR"
"SWORD","3","LT4","2ced809e-6da2-4a57-844d-205a97f6606e","by_like","BR"
"SWORD","3","LT4","b372e17a-0f62-446c-bcbd-8ddac62b2645","By_Luckz","BR"
"SWORD","3","LT4","cd6f4c67-2c39-4b8c-b1b7-2bb97acbe7ae","Caduj","BR"
"SWORD","3","LT4","1bfe5075-6f29-49d5-ab43-ac83151911de","CalderexIAM","BR"
"SWORD","3","LT4","6f1a8db3-afce-44b2-88b4-3f8c40bd33e8","CazeraHigh","BR"
"SWORD","3","LT4","d0060d80-78e4-4f18-8973-d4c5d3778093","ceuchio","BR"
"SWORD","3","LT4","6b28e5b5-3f7a-446b-9e96-db12a85c0a59","Chro0nos","BR"
"SWORD","3","LT4","7dc5cd32-cb3d-411d-9f29-cc0600ed3227","colph","BR"
"SWORD","3","LT4","f5be6aa3-f966-4e2f-b189-922ffbcc2cac","coxas","BR"
"SWORD","3","LT4","5ddc4492-c168-4f43-b59d-5878d4d2cb97","CTupis013","BR"
"SWORD","3","LT4","a757ca0a-61d3-4e29-b19d-0441d1be8703","daniel22cf","BR"
"SWORD","3","LT4","df48062b-8435-435c-9a5a-878fd6e1a13a","davidfss","BR"
"SWORD","3","LT4","e9fef872-c6d8-48c2-ac0f-474620cf7f49","Devpedra","BR"
"SWORD","3","LT4","830c5db8-2187-4377-a41c-c5abd446269d","DivisionBz","BR"
"SWORD","3","LT4","4429304e-3add-429b-a75c-940c2478796d","djdjjd46","BR"
"SWORD","3","LT4","1c28a373-9202-449c-a55e-5f4ce9f04caa","DKABC","BR"
"SWORD","3","LT4","a4087f0e-0ee6-4163-933e-efe75d8b0c84","drottoni","BR"
"SWORD","3","LT4","f8a0611e-2311-45b4-ab41-0d9a521d2d7b","Dudzsx","BR"
"SWORD","3","LT4","782bf598-0889-453b-b322-a4da348b9627","DzIsBack","BR"
"SWORD","3","LT4","b9ec68dd-1b19-420f-bbef-9584ace24660","eduzinkk","BR"
"SWORD","3","LT4","ed31901d-9c39-45b8-b8b3-cbb580359f71","Eideh","CL"
"SWORD","3","LT4","093590ca-fb09-4a9a-a28b-3dc6396934e5","ElifuR1","BR"
"SWORD","3","LT4","b31576eb-809f-4715-a1b0-d22c810189b1","elluchi2011","AR"
"SWORD","3","LT4","1e59fd9a-56c4-402e-a3ab-5e093127c22c","Ennoxxx","BR"
"SWORD","3","LT4","721882e5-5c6f-499e-9a24-156bfb2738a7","ErikKiller81","BR"
"SWORD","3","LT4","c6a8ca4a-05a3-4afa-978b-452b7d59e091","escayy","BR"
"SWORD","3","LT4","a52b75b4-607d-47b2-86cd-db7328ac2beb","Excambaw","BR"
"SWORD","3","LT4","9fd12bd8-ac78-41e0-bda0-217e83cc7e94","ExcamDtaps3","BR"
"SWORD","3","LT4","d155619a-824c-4944-a1f8-2a8908dc434e","FaxyTwo","BR"
"SWORD","3","LT4","28523305-cd39-436b-b448-db1b273b9fdf","FellCT","BR"
"SWORD","3","LT4","cf1df011-71fd-49cd-9782-b29e82689683","FelonyXD","BR"
"SWORD","3","LT4","604fedc7-810f-42b0-8a4d-780a971d6521","FemboiFlory","BR"
"SWORD","3","LT4","d8f28398-1250-4028-ade9-55e98b2c8e2f","Flihyz","CL"
"SWORD","3","LT4","546f98b1-bf31-491a-aead-b45b42a32a7a","FosforoDoce","BR"
"SWORD","3","LT4","923b1003-6f57-4100-a6d7-eb09bbdcd8d3","fyndsx","BR"
"SWORD","3","LT4","0d460448-f2ac-441d-b77d-cb32ab9bd7b5","Gaandon","BR"
"SWORD","3","LT4","8cfcf166-c6e1-4666-8d87-e865d9b2b578","Gordo_pedreiro","BR"
"SWORD","3","LT4","389972db-0b29-4aa7-a386-0ad2f26d7c0e","h2289gfn8q902nf0","BR"
"SWORD","3","LT4","c4cf25f8-7bbf-45ad-9279-ac8100e5eff6","HalalPrime","BR"
"SWORD","3","LT4","6c744ff8-3b17-48cf-b3d8-0a529ae24ef1","HatredV","BR"
"SWORD","3","LT4","bf0af41b-200d-4688-b02e-bf57d5bd6cd6","hhent","BR"
"SWORD","3","LT4","c6006315-5eab-4fa7-bd51-e1605c877a73","Hierarchya","BR"
"SWORD","3","LT4","4b9ca291-5d3c-46be-b9bb-e3bfe6a40855","ianzaoo","BR"
"SWORD","3","LT4","ec2aae4e-4637-4f0b-86b4-009b151400e0","IdkHowUseBow","BR"
"SWORD","3","LT4","fa5a26d0-eb5c-4f2d-9dcd-7f2db2e94c97","IdolatryXz_","BR"
"SWORD","3","LT4","9566f061-066e-4ca4-b536-6b83811d6bb7","ilovfemboys","BR"
"SWORD","3","LT4","3fd961d6-394f-45e6-a561-bc88d3ce2e72","imBachii","BR"
"SWORD","3","LT4","6184fc76-dbbf-4e27-b917-cd7e35e2448f","imBia","BR"
"SWORD","3","LT4","a886c394-5293-41dd-bd92-41f74db80e6b","imorst","BR"
"SWORD","3","LT4","fddc7ae7-a104-4c44-b01b-6a791b2859ea","impostorsyndrom3","BR"
"SWORD","3","LT4","0e5df6d1-ac5a-4dea-a04d-877712a2c7ba","ImSxmpaio","BR"
"SWORD","3","LT4","13701670-8cad-4043-aa0d-b125d418ec1c","Incifa","BR"
"SWORD","3","LT4","c09804cc-63f1-4dd6-880f-f7dbca2861bb","Insegurancas","BR"
"SWORD","3","LT4","c028e160-5ce1-4775-a218-779d5acff7bb","IsJonnFake","BR"
"SWORD","3","LT4","2c337d22-7e6c-4227-9d58-2b703cf77ac2","Itz_Zeynn","BR"
"SWORD","3","LT4","9c98a5d5-cc09-474b-8bb4-2afe77c3087d","J5g3","BR"
"SWORD","3","LT4","f71ed424-4160-4f2e-8403-0305a0f2ee6f","Jaozinx__","BR"
"SWORD","3","LT4","d00bd44f-5098-47c5-8690-955673df384b","jitzuy","BR"
"SWORD","3","LT4","84c68221-a19c-4368-a143-1893ec905ad7","JoaoTsun4meBR","BR"
"SWORD","3","LT4","db7077a7-a0c4-410c-98eb-2cc404379056","justmaniax","BR"
"SWORD","3","LT4","cc5c1587-653c-4f0b-ab1b-1e310e5d02fc","JustSword_","BR"
"SWORD","3","LT4","55781c8e-2d0f-402b-ad6e-ca82e580f975","jwyi","BR"
"SWORD","3","LT4","e4241002-f960-402d-8c78-900d005fc933","k3smp","BR"
"SWORD","3","LT4","5435aa19-cf98-4f01-a1e1-addc8a5393d4","kanove","BR"
"SWORD","3","LT4","9c823b44-c094-425d-9a1b-c39134b8ef88","KauaOPIS_BACK","BR"
"SWORD","3","LT4","3bbc0171-895c-401e-85d9-891bff5642bb","kbzxzz","BR"
"SWORD","3","LT4","6f89ef0a-a285-4ccc-bff6-68340d624351","kerialink","BR"
"SWORD","3","LT4","8278ad30-ec4a-4023-8bf7-f9f63783de2c","kiritinos","BR"
"SWORD","3","LT4","8281c768-58c3-4f0d-8070-c24bd9993ae1","Knoking","BR"
"SWORD","3","LT4","63e4ea77-52a9-426e-84a9-c5be9efdf114","konatoqz7","BR"
"SWORD","3","LT4","e2f15f6b-0003-4689-8190-71c7c7384a0a","Koovak","UY"
"SWORD","3","LT4","0ba01772-aead-4a6c-a97c-805550ae5934","KyleEditionX","BR"
"SWORD","3","LT4","b27e5c98-b30b-4a2e-8d2d-0c9f2d1b4e60","kyojoror","BR"
"SWORD","3","LT4","324f4664-a249-4f30-92e4-8b2fd1bb0720","Kyolll","BR"
"SWORD","3","LT4","99000bd8-e2e4-4437-9733-dcd128279bb4","LaMorteDoPato","BR"
"SWORD","3","LT4","22eca2de-61b2-48aa-8150-10321c4c39e4","larpfieeld","BR"
"SWORD","3","LT4","7bc9a446-415f-4418-97a5-d50b53c979f8","Leasss","BR"
"SWORD","3","LT4","14c3d15b-0eef-4b9e-8eb0-1d0edd45cf30","LenelFA","PE"
"SWORD","3","LT4","a37f2f21-cdf0-4121-9014-a222e764e5c0","letargia","BR"
"SWORD","3","LT4","048bd878-eac9-4577-9306-70736255f3fa","lmmao","AR"
"SWORD","3","LT4","f97c6cd0-b97b-4298-8b72-438b75591d58","Lo0cked","BR"
"SWORD","3","LT4","56811a44-ce6f-47ff-84a9-9f4cbd06e3c4","LOBODRI2012","BR"
"SWORD","3","LT4","ad2eb85e-852a-4f50-a29f-df7e017682d6","lostanger","BR"
"SWORD","3","LT4","8f1a3ade-1a22-4af2-80c4-32c535113f0b","loveeeeeeeeeee","BR"
"SWORD","3","LT4","e53ad8a4-3799-4c71-a33a-0476d8559c1e","lowsalty","BR"
"SWORD","3","LT4","94c487f3-2289-45bc-8f8a-14e0a58ce376","Luapata","BR"
"SWORD","3","LT4","aa9757ff-9054-465b-8a13-9c39236146c7","lucac3te","BR"
"SWORD","3","LT4","0f281ad4-9e8f-411c-8a1a-d97fa6be23e9","Ludsx","BR"
"SWORD","3","LT4","e11a2e8e-ec22-447d-8d5e-53ed67b59a35","marcolike","BR"
"SWORD","3","LT4","61232b04-47e9-4588-b165-c4b7bfb34549","marquei","BR"
"SWORD","3","LT4","f61b14cd-8180-4fbf-b0bb-86f8dbec8e0f","masterdopvpheh","BR"
"SWORD","3","LT4","24c77ae8-f5e3-43ef-a72f-b49ed29fa264","Maxevilard10","BR"
"SWORD","3","LT4","f3e6ce76-7a8b-488a-b62d-85b431f930ff","Melowzky","BR"
"SWORD","3","LT4","18b57fb1-eca7-457c-803c-a0cded387fa5","MestreJapm","BR"
"SWORD","3","LT4","3a3ca131-e055-4f5c-81b1-48175846e527","Meves1v99","BR"
"SWORD","3","LT4","5d03f608-bb8c-47f6-bcaa-741ee84959d0","Mimicz_0","BR"
"SWORD","3","LT4","9e5b10ad-5e6d-4e65-878e-07023b327921","Mogell","BR"
"SWORD","3","LT4","9ce57d36-81c1-4d05-9dfb-6d3ab7fdbe92","Montheduck","BR"
"SWORD","3","LT4","d2ca6081-8841-40cb-8e5b-e357ed4c6617","morphdudee","BR"
"SWORD","3","LT4","e7f4791e-649a-4e78-886a-5ff5de5507a5","MuckiniPizzanini","BR"
"SWORD","3","LT4","96096b01-7a68-40cd-9314-4e68c8e095a2","muffet0","BR"
"SWORD","3","LT4","ad0b8e47-4cfa-426a-aa74-7e015c512112","mundo_crefit","BR"
"SWORD","3","LT4","6556793c-9b56-4a13-b986-f2dc1b315c6e","Myyel","BR"
"SWORD","3","LT4","9ebdf9ac-22c0-4409-bee3-6797dfd5b0b7","nclima","BR"
"SWORD","3","LT4","819873ed-85ea-4f7e-8853-0d2fbe7d05b4","neeve_e","BR"
"SWORD","3","LT4","0a2d2434-0edd-4136-9df2-41198f2f3aad","Nemopix","BR"
"SWORD","3","LT4","47b081c7-5ac6-435f-8125-b2981423b60f","Nickyzinn","BR"
"SWORD","3","LT4","17681607-a8e5-4886-8b07-df0aa205e1a8","Ninja_Tv","BR"
"SWORD","3","LT4","2a418f7e-a8af-4600-902d-5cf8d3183e15","NoHagoTrap","AR"
"SWORD","3","LT4","000e1e5e-7aaf-476e-ad25-79602474abcc","nopartyanthem","BR"
"SWORD","3","LT4","59aabbe0-0e48-490f-9d44-6f2d2c079f6d","Normalizando","BR"
"SWORD","3","LT4","60a458d0-f66a-4df1-9a60-f839da9c3693","notekbr","BR"
"SWORD","3","LT4","12b64e8e-52fe-461b-a1be-cec5d2c2a0c0","NowFrost","BR"
"SWORD","3","LT4","0c652af2-d374-4d30-abc5-60cb079f7472","Noxskry","BR"
"SWORD","3","LT4","4e96f921-d454-4467-b5e0-92cee9a553b8","NoXy_XxX","BR"
"SWORD","3","LT4","cfa04d40-dcba-4353-8ac9-04d03553cd90","o6cg","BR"
"SWORD","3","LT4","7fafbde1-b587-4eaf-bf34-7444740fc8cf","obssesivo","BR"
"SWORD","3","LT4","a5f33682-ec4e-434c-b8fe-af03d41f0e01","OiRainRain","BR"
"SWORD","3","LT4","173f9ab4-25cb-41c7-863d-1cfca82142e4","olfdw","BR"
"SWORD","3","LT4","f2756c4a-64cb-4113-92ef-3e9b9870d8d6","oThoel","BR"
"SWORD","3","LT4","b92db484-1b15-4c5c-a205-4a4e3ae9df7b","p4sokaa","BR"
"SWORD","3","LT4","b1f6d4f7-8664-4603-8c53-370a32b340cd","P4SSOS","BR"
"SWORD","3","LT4","4936aab5-0ef2-475f-ab3b-89b93db1ab36","pal0Fa2016","BR"
"SWORD","3","LT4","54f86dc3-2a11-404b-86c0-eb8c0776961b","PapuMau","CL"
"SWORD","3","LT4","efb79d7d-9370-4713-9aee-0103b684d432","passadosombrio","BR"
"SWORD","3","LT4","c6c5e184-6735-4546-add3-6c7199b46655","peanuts_L","BR"
"SWORD","3","LT4","8f25695f-bc78-4e93-8eb5-7c39b8427d5b","Pedrinmalado","BR"
"SWORD","3","LT4","d0b70f19-6df0-44af-8861-246920955042","pedropicapedra","BR"
"SWORD","3","LT4","1f046c3e-97d3-4703-9203-d900926b8dc0","PelotasWarrior","BR"
"SWORD","3","LT4","00bbee4f-65a0-4e61-9679-2232220f2106","Peopple","BR"
"SWORD","3","LT4","ad78d54c-0e96-414b-bda9-32114a607f0a","Perplexo_","BR"
"SWORD","3","LT4","d9348049-0b63-4c7f-8ff8-1409febbd371","Piedadee","BR"
"SWORD","3","LT4","99272e8f-347a-4343-a15e-cef72fde375a","piercedwoi","BR"
"SWORD","3","LT4","6a1fc32d-63be-4e90-b37c-d9651819a019","PlexusMHT","AR"
"SWORD","3","LT4","74adf6b4-60f7-4d77-ac77-1454d8638665","Po_Torado","BR"
"SWORD","3","LT4","f1f01850-dec8-4326-a8ff-b8a63417113f","PoisedonDoomsday","BR"
"SWORD","3","LT4","8242db56-c9bb-4215-b322-eb1594fed3ce","POKEBRISA","BR"
"SWORD","3","LT4","82a8d78e-b956-44c1-b02a-8a88756e3aed","Predestinado_","BR"
"SWORD","3","LT4","ed28653b-7152-47a7-9ecd-4a0474242d4d","PrimeQuelchi","BR"
"SWORD","3","LT4","0c1a8f5c-41c3-48c2-9e6c-30f5327f9f92","PrismS2Spain","BR"
"SWORD","3","LT4","71e73262-d2af-4eda-880a-9b1a4779e9a3","psicologias","BR"
"SWORD","3","LT4","c495639f-a05d-4640-b46c-ac4a93d85eaf","pykceew","BR"
"SWORD","3","LT4","19a10a5d-a44c-4479-85e6-40648fb810fc","quackkpato","BR"
"SWORD","3","LT4","d7f094ec-5cef-497b-88df-3886c73e4f14","quazxr","BR"
"SWORD","3","LT4","5a742022-f4dc-479e-9b78-e2958e919269","queridaovegetal_","BR"
"SWORD","3","LT4","d6e66ef8-cc2b-4a1d-a48a-7124d7ac3ad9","quust7","BR"
"SWORD","3","LT4","8a8a6674-9f64-4ca0-8d7d-83a049c26d06","Qwertyylol","BR"
"SWORD","3","LT4","3978a90f-6784-4983-b837-904ed9f1bf3a","R10y","BR"
"SWORD","3","LT4","8b24fb16-d5fc-48ab-9ffb-6df6b260a515","R4phxx","BR"
"SWORD","3","LT4","e13db1c2-78ce-4057-bbc6-067f836f60c4","Rafufel","BR"
"SWORD","3","LT4","935cdb22-a2a6-4275-a02e-e42c49f71d9d","Raiorikx","BR"
"SWORD","3","LT4","dcc0137b-c818-4122-b6a7-b908fa708be0","RandomicoZ","BR"
"SWORD","3","LT4","6910ac3f-5786-4fff-b08d-21cda646059a","Raridade_","BR"
"SWORD","3","LT4","3a1f65c9-667f-4603-8030-3174e5ae9d5d","Reescrever10","BR"
"SWORD","3","LT4","aeb13dcb-a714-4ecc-8c4b-35c4760e2c88","renna","BR"
"SWORD","3","LT4","d4f1a5c6-88ec-4913-8afb-084618dc9cb2","ResfriadoDeGripe","BR"
"SWORD","3","LT4","e4b9061c-7e47-43ef-b660-e05278e2ddcb","Rocky____","BR"
"SWORD","3","LT4","965be3e4-27df-4085-9353-a33248b2d32a","romeroFOFIS","BR"
"SWORD","3","LT4","8dc49adb-7642-4cee-98f3-fe66398ed348","rosecaixaopodi","BR"
"SWORD","3","LT4","d19e2163-9d36-44db-a75d-930bcb6c4c14","sakunoh_wgqEDv8","BR"
"SWORD","3","LT4","b57da3ed-24ae-425e-bfdb-510d6cdf4fd7","SamuhRULADO","BR"
"SWORD","3","LT4","7d7d3d94-a57b-4e39-8653-211290bcc5f3","SansVoidBR","BR"
"SWORD","3","LT4","d080f682-dce3-4bf7-a05a-9bf20b7688c3","santiagoogg","BR"
"SWORD","3","LT4","121037db-7aad-4796-881d-740c81871c11","SemMira","BR"
"SWORD","3","LT4","a9c369e1-7fa5-4ee6-8a3c-cfd803c29ef9","Seninhaw","BR"
"SWORD","3","LT4","fdfcfcc2-2abb-498a-a621-03954a6df17e","ShakeSX","BR"
"SWORD","3","LT4","6203755b-ad12-489a-a051-6168bfa8a4f5","shizukozz","BR"
"SWORD","3","LT4","deee4035-3a59-45b4-9bad-b33a7f3ea8d2","Sicklezin","BR"
"SWORD","3","LT4","94ea8ccf-f0ed-45ba-96d0-943b6700bee3","SimpleLoss","BR"
"SWORD","3","LT4","40e16577-83b5-46e2-b54f-99894683e02a","SkibidiVini","BR"
"SWORD","3","LT4","5e1e2b89-8ebe-47e3-907c-f1f0822276b8","Sonecazx","BR"
"SWORD","3","LT4","bcc1ef53-e010-499e-b59f-dea9a4ac3435","SrKoenigsegg","BR"
"SWORD","3","LT4","58fa9819-d620-4216-85c0-025de9069b6c","StrafePy","PY"
"SWORD","3","LT4","7deb4b5e-7bb2-4bd1-a681-63961601690a","Subestimei","BR"
"SWORD","3","LT4","fd097151-50ef-4c98-80fa-c3abf4a22d31","Subodetonatrans","PY"
"SWORD","3","LT4","560285b2-d973-42c5-b526-aae9205ea1e7","sukepng","BR"
"SWORD","3","LT4","db1bc830-ce26-49e7-9171-f7cc398e0a51","Sw1tch__","BR"
"SWORD","3","LT4","771f23aa-69f1-48a6-955c-fb3f7e8703d9","SweetBoy11","BR"
"SWORD","3","LT4","d5ee2c91-8e7b-46ea-a672-e78cbe2b0c5e","swillzz_","BR"
"SWORD","3","LT4","52749ff6-d726-4581-b9e0-9e027b7c2125","sxzwyyyy","BR"
"SWORD","3","LT4","d1ae06b6-9506-471b-9c91-e2e3d6a68623","TheLesbianPickle","BR"
"SWORD","3","LT4","f04a9caa-f613-4a03-b90f-a2f610d1dc52","ThvZZ","BR"
"SWORD","3","LT4","ea14040c-1a84-4533-8d0b-ff572b20d963","TinySUEPA","BR"
"SWORD","3","LT4","7cbf57bc-7f8f-4bc6-926c-eeafaf3fe8b5","tipoverde","BR"
"SWORD","3","LT4","6c621cbe-939a-47a9-8607-7e08332cda19","top1bisexual","BR"
"SWORD","3","LT4","8d35ff04-3828-4db0-80bd-ac5932aede07","tugleta","BR"
"SWORD","3","LT4","73dbb8a9-adc7-4b30-952e-08c109ec75ca","TungTungMath","BR"
"SWORD","3","LT4","f526a1e1-92ba-40e8-9a13-5c40433bd015","TungTungMonter","BR"
"SWORD","3","LT4","3286b2eb-518c-4d3a-a9a8-6146c5f6191e","uCarlosXz_","BR"
"SWORD","3","LT4","10a9bf3b-0cb6-4044-817e-dfac8cd578b4","Uga_300","BR"
"SWORD","3","LT4","5a1d5a3c-25e3-418e-8b2c-5d606ea09d2a","uGarotoDbr","BR"
"SWORD","3","LT4","fac3d524-5e9f-4b32-8024-247602a3800b","Valentin3s","BR"
"SWORD","3","LT4","71dbcd27-e99c-4197-a3d6-81557de37f60","verdadeiro","BR"
"SWORD","3","LT4","f3ab567e-7720-48bd-9fc3-4418995056e1","vi9i","BR"
"SWORD","3","LT4","0be0e84e-7101-450a-ae10-ce94909ba3cf","VILLAIN_PHZIN","BR"
"SWORD","3","LT4","3e86e0fb-bda2-4fb4-aa35-e3eb8148fdba","VinyKing","BR"
"SWORD","3","LT4","a1641155-1afe-4bfb-a9b1-7604a2414192","Vitonto","BR"
"SWORD","3","LT4","1b8b71f5-88b1-4b3a-b18c-ce86e8b755f0","Vivantis","BR"
"SWORD","3","LT4","132f04d5-0ddc-493c-9a48-365f427a769b","Vwyk","BR"
"SWORD","3","LT4","43b42c11-5589-4bcc-be59-33a85af2d9c6","vyxzw","BR"
"SWORD","3","LT4","7a7a3c28-a5c4-4968-a446-4ea1f4fa1c47","wantedlol","BR"
"SWORD","3","LT4","12528d90-e8d0-436c-a297-70943fbeba22","wqpdXD","BR"
"SWORD","3","LT4","f5c7133a-8e9d-4114-b8f8-725f91462b18","wWanneWw","BR"
"SWORD","3","LT4","8c917f65-4113-4fc8-a7fe-e065001b16c2","wxkz","BR"
"SWORD","3","LT4","c9e012db-7888-44ae-95b7-63c5ac32d86e","x4zw_","BR"
"SWORD","3","LT4","3acdb025-15d5-46d7-99ea-21838d31da12","xe1u","BR"
"SWORD","3","LT4","c918fdda-f947-4beb-bcec-5d3f17ff628e","xisde","BR"
"SWORD","3","LT4","2bd70e4b-3576-439b-8ccb-1d2052c28fe7","xSaniii","AR"
"SWORD","3","LT4","9a38d752-5fdd-4149-aeef-05af00d2caef","XzKittyKau","BR"
"SWORD","3","LT4","e93849db-37a7-47f2-b394-9e1507a33bfd","YamalGooner","BR"
"SWORD","3","LT4","288fbc84-eb07-411f-b358-9a675df91997","yAspect","BR"
"SWORD","3","LT4","982abd2e-1b6b-487c-995b-460613e95fd7","yasumyzx","BR"
"SWORD","3","LT4","615dcf97-2d9c-4d60-9e4d-ce24caacd3d1","yellowbunnie","BR"
"SWORD","3","LT4","7a2ccd94-72b3-4638-9c8c-e72376065992","yGaxelium","BR"
"SWORD","3","LT4","bfb73e30-3b84-4cf1-8145-3033629ed9c6","yTapi19","BR"
"SWORD","3","LT4","6e6246a8-4aa4-436e-afe3-0bdfe350bfd1","ythayla","BR"
"SWORD","3","LT4","bb2f0028-2236-4d17-8d89-2f66846992a5","yukithemutee","BR"
"SWORD","3","LT4","ec4be5e1-26d5-41be-8252-9429433aa79a","yz_ArthurX","BR"
"SWORD","3","LT4","0b9a7074-a099-4eca-8da6-b743e6c6163d","Zanee_7","BR"
"SWORD","3","LT4","a4e63b6b-2e58-4f88-b378-6bb30fa6b56f","zAstraXD","BR"
"SWORD","3","LT4","90a27e13-387d-4de7-8528-fca355ae237c","zDiv1ne_","BR"
"SWORD","3","LT4","d44a498d-b293-471f-8f13-fcc1cffc5e91","Zeenkai","AR"
"SWORD","3","LT4","4af0b6d4-6862-4144-acc5-bce9c15fee54","ZeroEcko","BR"
"SWORD","3","LT4","9313b3e0-cad5-4853-bd5e-fe00a7578164","ZeroSalts","BR"
"SWORD","3","LT4","e22eaa56-9587-42dc-a93d-b1c15b5036ae","zhlfy","BR"
"SWORD","3","LT4","b10d215d-197b-45a7-9e83-514d859ef19f","zMarcos_x","BR"
"SWORD","3","LT4","7302260a-d0e6-47e5-a651-54b2d1fdcb0d","zPedro64","BR"
"SWORD","2","HT5","a16d3d7a-aa42-4f5c-a883-277570ba36bb","___Andr3___","BR"
"SWORD","2","HT5","60e7519a-68b0-4a0f-85d8-7b01db258351","_BlackShot","BR"
"SWORD","2","HT5","4dcd743f-385e-4640-a0f2-24b6515a2e3d","_Doven","BR"
"SWORD","2","HT5","9751df11-4255-4b14-95f4-9b770cdee68f","_Imperador_","BR"
"SWORD","2","HT5","bdf07d5f-45a9-45dd-b629-ce7851f4938c","_lajota","BR"
"SWORD","2","HT5","e0fcdbc0-c379-4877-b17f-2a9836433f26","_Milkyyzz","BR"
"SWORD","2","HT5","fb38ba76-dc80-4c59-9ce9-dd04f71ac3dd","_Mizuni","BR"
"SWORD","2","HT5","219f7e7d-60eb-4f92-9cb2-09fc6451e359","_NegoDoBorel","BR"
"SWORD","2","HT5","b7e54839-be45-4d31-855e-274d2aec5863","_PandaGG_","BR"
"SWORD","2","HT5","cf2b4eae-a52a-4440-b88f-a18337c0932d","_S4rius","BR"
"SWORD","2","HT5","0a8268c9-0e65-42c4-8fb1-0e846cf48967","_Sloownees","BR"
"SWORD","2","HT5","1514e8d8-9431-43ee-8f86-7bc8c8756d24","_snwo","BR"
"SWORD","2","HT5","b4928d20-963a-4589-ba9e-bca57b4aa60c","_souza_0516_","BR"
"SWORD","2","HT5","6c853594-a4c9-4704-9d53-831a08eab8c8","_ThePow3r","BR"
"SWORD","2","HT5","f93b2728-bb12-4d43-ab51-304124137073","_Vynxz_","BR"
"SWORD","2","HT5","7289b07b-3fef-4423-9330-443d72d134e6","_Yumizz","BR"
"SWORD","2","HT5","4ef5fb27-f918-405d-a4db-ed5d61f06a51","01_w","BR"
"SWORD","2","HT5","36d86369-24a9-4ab4-93e8-6fe8f9253e50","10011101001011","AR"
"SWORD","2","HT5","c564a50d-31be-4598-a3c3-95637973e037","12hr_","BR"
"SWORD","2","HT5","a25ae37f-1de9-4284-8fc0-0cdc30380ff1","1bitkj","BR"
"SWORD","2","HT5","c10827b5-5c2a-4c44-b512-4062a4c85461","1didizin","BR"
"SWORD","2","HT5","eb52d983-1b32-476b-b26e-689aaa0dada5","1Lvrd","BR"
"SWORD","2","HT5","37d76523-139b-427a-af31-f71303f30d96","27r4in","BR"
"SWORD","2","HT5","a96d2d3b-ca07-45ed-b832-dea84fa6c28d","32globin","BR"
"SWORD","2","HT5","238e319d-5b14-4b79-9758-bb2f65443779","33Miau","BR"
"SWORD","2","HT5","33d4ed14-e97c-4ff6-ab67-b4c606b70fbf","3984532454","BR"
"SWORD","2","HT5","d8fe9290-9f73-409a-a0f1-9fa13f5717c5","40xw","BR"
"SWORD","2","HT5","cd8a381c-6d25-4418-95c6-0adc674c78c7","67Do1p67","BR"
"SWORD","2","HT5","654a164d-dde2-43b7-8e4a-662529135f7c","67Drilla","BR"
"SWORD","2","HT5","e7854374-aa4f-4739-a755-414f27e0c8a3","78void","BR"
"SWORD","2","HT5","18e1476f-73e2-4a07-b5d5-2b24d3e476ed","7Leca","BR"
"SWORD","2","HT5","6a576173-d42d-4c9e-a910-68d360b1ac5a","a62607979","BR"
"SWORD","2","HT5","456e3dbe-9cb4-437f-9093-cbb12b9ca02c","aaragus","BR"
"SWORD","2","HT5","d84992f9-16e4-476f-a17e-9bc94871ed5f","Adrasteaa_","BR"
"SWORD","2","HT5","f550a80b-9747-4e68-a6ce-511fc774d7e5","AfterDarknz","BR"
"SWORD","2","HT5","ff67da4c-4795-46b5-bfca-d5fb104f5e38","Akkuroneline","BR"
"SWORD","2","HT5","5c2959aa-7617-43c3-8e36-0c44d7f4e439","Aleco_pow","BR"
"SWORD","2","HT5","aaa4a10d-e514-47ed-bad3-8b805917f1d5","Aleczn","BR"
"SWORD","2","HT5","614f9ea1-6263-4c0e-b126-2a108c86642a","Alexynzz","BR"
"SWORD","2","HT5","454f9b13-44b5-4c3f-985a-79c016e426e6","AlienZRD","BR"
"SWORD","2","HT5","007e8373-1f39-48cb-87f3-7843938b6230","all_pdr","BR"
"SWORD","2","HT5","f909f0c0-9088-4c4b-a6ef-2420b42e87bd","Allanzokapika","BR"
"SWORD","2","HT5","545a4a30-bbb5-44af-831f-ac52c1d05c7c","Alucineii","BR"
"SWORD","2","HT5","5664af12-68d1-42bb-9c4c-da76cd014a01","AlvinLarp","BR"
"SWORD","2","HT5","8844b8af-7379-4db4-b7f9-9a2c0b466e1d","amostradinho3","BR"
"SWORD","2","HT5","9113110c-dd6f-4a4d-948c-d1539b689876","andrutix","BR"
"SWORD","2","HT5","c05f0a77-054f-4171-accf-01d4e9f5488e","Antzin_","BR"
"SWORD","2","HT5","db5011df-dcce-4c3f-8d47-6a4fba5e8eee","ArashiDK","BR"
"SWORD","2","HT5","9628441f-acad-4ec9-89a2-a3c9974603b4","Arctijcw","BR"
"SWORD","2","HT5","65705349-a230-42a2-af33-f45eb1cb07fc","armagurado","BR"
"SWORD","2","HT5","fcca450f-a4be-46aa-acaa-999baeb1d4c7","Arrasto","BR"
"SWORD","2","HT5","af87fa0d-fd5f-4e57-9e13-18808d7a69ac","astrocarvrumvrum","BR"
"SWORD","2","HT5","3281e37b-56a5-4cc5-a30b-99b54528dd66","AurablackegoLabu","BR"
"SWORD","2","HT5","8111352a-8541-4b20-bf5b-a84b95daaf52","AxolotlSola","BR"
"SWORD","2","HT5","3e504d5c-7e54-42a6-a910-63c41d368418","Azurit0Wpro","BR"
"SWORD","2","HT5","1a39d95d-c3bf-49a8-8c92-90f26934e02e","Azyu_","BR"
"SWORD","2","HT5","2e4cfa31-ede8-46cb-8e2f-35afceb67d91","B4landd","BR"
"SWORD","2","HT5","fc0acc81-a740-49e6-a1ae-21be3a742da8","badcrystals","BR"
"SWORD","2","HT5","841faf84-1335-4268-ad7f-c65e51c99d1a","baleia157","BR"
"SWORD","2","HT5","45174bf4-f311-4580-91c2-9fb1a99c6727","BatataAgiota","BR"
"SWORD","2","HT5","3ee45799-d23c-40ed-afc6-2e74f1072bb1","Bebelem_YT","BR"
"SWORD","2","HT5","f1dccee1-ae6a-43d5-9b28-d05b175077d3","belsonz","BR"
"SWORD","2","HT5","daead27f-748e-407b-9720-b911ebe103e8","BielFlick","BR"
"SWORD","2","HT5","048b3f89-be33-4898-8cd6-f26370dde07a","Bigodelas","BR"
"SWORD","2","HT5","c49bb2f7-c35a-4324-a14f-5b73f67f6c56","Bitella","BR"
"SWORD","2","HT5","50d3ade8-cc8f-4d7e-84c5-a35ea6e2f27e","Bjorn_is","BR"
"SWORD","2","HT5","3c3028d5-58bc-41fb-9814-050703918612","BlackHunter2101","BR"
"SWORD","2","HT5","0ce5f72c-3934-4fae-bf64-117432331ba4","Blackizin","BR"
"SWORD","2","HT5","747e7c21-3022-4fc0-9ff9-d1ca60977b7b","Blacxzshoots","BR"
"SWORD","2","HT5","22f85393-d6f6-4e1b-a8cf-fabbd4f6ee42","bleetos","BR"
"SWORD","2","HT5","b59de1cb-96c8-4925-8d5b-77f6210de75b","Blessed1935","BR"
"SWORD","2","HT5","f727b7b3-a2c6-4a7e-967e-3aeed943b29e","bombapeti","BR"
"SWORD","2","HT5","b589255a-356e-41d0-9db5-8341626a13fe","BozinhoGoat","BR"
"SWORD","2","HT5","bc96954e-c51f-4537-a6f4-9dd3be296804","Br_Eduzinnn","BR"
"SWORD","2","HT5","843b33c2-e81f-4976-83f8-37a92031fa4f","BrauZx","BR"
"SWORD","2","HT5","82d45395-7778-49d1-8cfe-63fe9dd78578","breakzy_7","BR"
"SWORD","2","HT5","35046a29-1efb-4672-ab2f-d7b04fdcbc6d","Brnxzzr","BR"
"SWORD","2","HT5","370c3820-8cbb-40ce-b208-4ed34d7ec415","BrrBrrShaullin67","BR"
"SWORD","2","HT5","0b1c1237-a9fc-4093-9857-8f9809b67e4f","Bruxo","BR"
"SWORD","2","HT5","5ef82ebc-9925-40c4-a3b6-0906c7f4cadf","BurnedByHell","BR"
"SWORD","2","HT5","c570ef7d-4ba9-49d3-b32e-0d5946c7545a","bylinguiK1ng","BR"
"SWORD","2","HT5","1b51c876-fc59-44d3-8ea6-b36fd915b066","Cacheadoisback_","BR"
"SWORD","2","HT5","020a614a-6867-466d-84a1-437f726475cd","CaraDeSapao","BR"
"SWORD","2","HT5","361ed5b8-d9f3-49c7-bdfd-707d9cad1da6","Cardosooz","BR"
"SWORD","2","HT5","5da30928-8498-4c73-b643-6af1e281584e","Carinhoso_","BR"
"SWORD","2","HT5","9030aa7e-8e5a-4b4e-b21b-f8c176d41dd2","Caslu4K","BR"
"SWORD","2","HT5","20c43446-4f76-44f1-a574-3f5f5b48f95e","CauaGG_","BR"
"SWORD","2","HT5","448d0394-0fe3-481b-9bee-37abd8e0cd73","cem1337_metSmU8K","BR"
"SWORD","2","HT5","35b4e08f-9764-48da-a45b-9d15c1cd7af2","CenouritoDoce","BR"
"SWORD","2","HT5","53985543-12c1-456d-a94d-072bba22b1be","Chap0lix","BR"
"SWORD","2","HT5","8dcde965-ac8d-49bf-8910-be965f970d7c","chinagames","BR"
"SWORD","2","HT5","957aac72-7d07-44b6-ad48-aefaea0fb7b0","Chineisizi","BR"
"SWORD","2","HT5","c3fe8289-b047-4581-bf32-3c3515264be7","Chosen__","BR"
"SWORD","2","HT5","36c71648-7ae9-4cea-942c-f6805606fdde","ChxrryvBlossom_","BR"
"SWORD","2","HT5","0aa343f0-111e-4ae2-be0c-b310e422c0b0","cinnaw","BR"
"SWORD","2","HT5","50f69363-effb-4596-a725-9d497af1810a","CleitinSolador","BR"
"SWORD","2","HT5","6fbe875c-3cbe-4e9f-8682-39361a91d3f2","cloujo4","BR"
"SWORD","2","HT5","2307578b-1a4f-4c47-954f-248103cbe646","conqwill","BR"
"SWORD","2","HT5","d591e9ff-1fd1-4f07-83a6-f306ddb66e46","consertado","BR"
"SWORD","2","HT5","0727d0fd-f70a-404a-8fe5-270fd957fdee","Coxinhazx","BR"
"SWORD","2","HT5","5721ff29-ff32-456a-84e6-cf32b81c5edc","CraazyBR01","BR"
"SWORD","2","HT5","213fdba7-bf34-4e72-8cce-f4637fa6c9a4","Crash_men","BR"
"SWORD","2","HT5","9e7c9b8c-1939-455e-8909-6490f3f5878d","CrystalArmor","BR"
"SWORD","2","HT5","f3f5065a-3a58-491a-af1b-5fd1f6543a97","ctszim","BR"
"SWORD","2","HT5","5a00ee80-ca25-4c9e-a23d-4da6319f7daf","cx7k","BR"
"SWORD","2","HT5","1fdf6e4d-b077-400f-8c45-3a44d31761d2","D0mi4you","BR"
"SWORD","2","HT5","3cc35075-ca82-4672-8d66-b42dc602db52","D321D","BR"
"SWORD","2","HT5","e52bce73-48ef-4cb1-89da-22b1f653ac97","darkrealme","BR"
"SWORD","2","HT5","27352256-ff7d-4515-946c-effa1f538750","Dat_Predator_Guy","BR"
"SWORD","2","HT5","5075aefc-0812-4414-a240-68f6344ecdb4","davi_legal","BR"
"SWORD","2","HT5","4371df50-7f42-4932-b600-cb7e9d1764fd","Davi95","BR"
"SWORD","2","HT5","69bd031f-fe8c-4123-99b6-5e0c9e849490","Dead_Creeper_47","BR"
"SWORD","2","HT5","f3c11dfa-d029-45c9-98e1-f684fbca5e77","Declamarei_","BR"
"SWORD","2","HT5","bf68fd3a-cee1-41fe-8141-a096400147e4","defernzy","BR"
"SWORD","2","HT5","35f67237-5c38-4409-b207-52273d982be0","demonrages","BR"
"SWORD","2","HT5","5d18f501-5d16-4f9d-86ab-d37cc84aa679","denhicbye","BR"
"SWORD","2","HT5","9ddca70a-348f-4b78-9d3e-29c34d0eefcd","densitylmao","BR"
"SWORD","2","HT5","fc650ad1-4183-4f57-8e7a-c50f78cd3903","DeusShinobi","BR"
"SWORD","2","HT5","a9d79c5e-94ee-4f1c-8cb2-26129e396168","Devaneio_","BR"
"SWORD","2","HT5","acd5eb71-a652-40d1-b5d1-207c1be10ae3","Dnerbk","BR"
"SWORD","2","HT5","2cad9ae7-3a64-4c5b-b267-f259cc562475","Dnww2","BR"
"SWORD","2","HT5","9b59210e-6f76-4b01-9602-dd9f179aaad6","DogukanBey01","BR"
"SWORD","2","HT5","37473a6d-ffd8-4a26-98de-65a75103a093","domi_br","BR"
"SWORD","2","HT5","f9b24733-e291-4ad4-8b1b-2150ab0c835b","Dorcael","BR"
"SWORD","2","HT5","58dd834f-abcc-43d8-b82c-ab7b1b1413e9","Dpm_0_0_","BR"
"SWORD","2","HT5","ca0a4c4e-de4d-4347-a0f7-5da6868f0847","Dramatizer","BR"
"SWORD","2","HT5","a11e8d7a-f7ab-4d2a-b314-1acd5aee4cd7","DudaJureii","BR"
"SWORD","2","HT5","17b863b5-0301-4ffa-92fd-6a07acc06470","dudunios","BR"
"SWORD","2","HT5","0f7bcaf7-5e40-42c0-bfbe-42c395a1d5f6","dudz_king","BR"
"SWORD","2","HT5","9d2de5dc-60f5-45d1-bc04-956cc23bdfa7","E5JJ_","BR"
"SWORD","2","HT5","3562c24e-25d1-4cb8-9bce-e659ea4b0530","ElAngulin","PY"
"SWORD","2","HT5","25f3bff1-2889-4a5a-b9d3-06713b3f9ab4","ElGato9","BR"
"SWORD","2","HT5","2e7bc0fa-5a00-4a60-a926-8f9736383087","elite_unknown","BR"
"SWORD","2","HT5","669848ca-9ca5-4fa2-8c35-846bfcf7a292","Endy_Morgan","BR"
"SWORD","2","HT5","8b26c231-a199-4010-889d-0a99b289c70a","ENEM_Slayer","BR"
"SWORD","2","HT5","0345bd2f-c95a-4f04-b749-776e7cfb12f4","EnricoVA2014","BR"
"SWORD","2","HT5","413850a1-58f0-4de9-bad7-b6ff9067c237","envyMuda","BR"
"SWORD","2","HT5","e2852252-fcde-4901-87e3-767ef55fb09f","EoSlow","BR"
"SWORD","2","HT5","2fe00d31-a7da-4d3a-b46b-b44c4c2ec7ba","Err0r355","BR"
"SWORD","2","HT5","65c86bdc-9753-4aa1-be11-6fb3fa86b21e","err0rsyncz","BR"
"SWORD","2","HT5","40835bab-6347-4fad-8987-481b1476b217","Esparg","BR"
"SWORD","2","HT5","26ed30a6-6f09-4989-92da-5993dd896f98","ess__ik","BR"
"SWORD","2","HT5","df866a73-15a6-4cd9-aa44-6d79b94c5495","EvSouzx777_","BR"
"SWORD","2","HT5","ec476f72-7e7d-41fe-ac19-a0121610b358","Expansivo","BR"
"SWORD","2","HT5","accfd3be-3fa2-4bea-9b33-59364d11c4b0","Extermina","BR"
"SWORD","2","HT5","5b69cea0-8e68-4849-be25-d2ec868d3455","F3LIXPR","BR"
"SWORD","2","HT5","d7c30943-ebf7-4996-84e3-86bdff7c5747","f3lon1","BR"
"SWORD","2","HT5","7c1059d1-538d-4ced-9798-a2cac2b86520","fa1th690","BR"
"SWORD","2","HT5","d472f829-d54c-4d1b-b76d-0e533a5b64c5","FallenTwo","BR"
"SWORD","2","HT5","2b4bb224-c4c8-4df1-8a01-a164edfed9af","FantaIsBack","BR"
"SWORD","2","HT5","1e46f405-2b50-46e0-95e3-bd75e97a9363","fdnu157","BR"
"SWORD","2","HT5","32d6a581-6289-46ca-ae8a-abf2db2aed7e","fearnitot","BR"
"SWORD","2","HT5","1d82442a-0f8f-45d0-acd5-dc5b6ec6d75a","Fekete_","BR"
"SWORD","2","HT5","845c5065-3ccf-4023-b4f0-c58d7ae48027","FerbSupra","BR"
"SWORD","2","HT5","4091a0ac-d06b-4e54-9fd9-9c3c21fa8154","Fhip_","BR"
"SWORD","2","HT5","cb5e6324-455d-4277-8011-4ef4ba44c20b","fice2","BR"
"SWORD","2","HT5","e6d97d65-1e50-44d5-b5ab-bc496ba52b9d","Fiel9","BR"
"SWORD","2","HT5","15a31f42-8639-4542-90b2-e7b486861ca2","FinxxS2Espanha","BR"
"SWORD","2","HT5","f3835b7a-8ca5-48cb-bfe7-5d43b9c79d18","Flakic4h","BR"
"SWORD","2","HT5","e893ca2b-cb95-42c0-bb89-faf136695f47","FlayzzBB","BR"
"SWORD","2","HT5","174119f0-44e6-4b95-a6e7-0ecbffc01cf6","FlpKILL","BR"
"SWORD","2","HT5","136ac875-e142-4e38-bfb5-ce56d22c9bd8","fogojvca","BR"
"SWORD","2","HT5","cdd29243-2ea9-44ae-9eb4-25283b7a3b1c","FrankParIns","AR"
"SWORD","2","HT5","183713a5-f83a-483e-a580-44ef26132df5","Frepes","BR"
"SWORD","2","HT5","b71c51cb-5c2e-4129-be8a-a2ba29e9364a","Frogfield","BR"
"SWORD","2","HT5","b5bb1bcc-7d03-4ceb-a629-dc875825cb82","Frostlk","BR"
"SWORD","2","HT5","3914f30f-27bc-4c17-a4bd-df256ca809c3","frutinhas","BR"
"SWORD","2","HT5","abd8f00f-a775-4b59-ab37-89da776d4f1f","FullWMechanics","BR"
"SWORD","2","HT5","a8d1e1e7-de59-4b3e-9f6e-de52d1257f0d","Fusc4","BR"
"SWORD","2","HT5","b85bc288-f4eb-4566-88a9-510fd00a6c8e","Fush1guro_","BR"
"SWORD","2","HT5","1bb86923-b52e-4bb4-a2c7-8dfaa331a39d","fxstw","BR"
"SWORD","2","HT5","e2937f4e-9f36-4df7-a010-49a7af3c4770","G4bs7","BR"
"SWORD","2","HT5","f215ccda-61be-4c13-8462-b5f405147cc0","gabiruga","BR"
"SWORD","2","HT5","978c01ea-ef5d-4cef-a42a-c3d75ace6acb","GabzinW_","BR"
"SWORD","2","HT5","b1c1ef96-e04a-47f7-9a19-594aecb6b1ab","GanleyGG_","BR"
"SWORD","2","HT5","6cb15da6-9716-483d-8a51-c6bc1dacbea1","Gansinkk","BR"
"SWORD","2","HT5","95247ecb-4c93-4433-a5fc-8946befbd7b3","Gerz1n","BR"
"SWORD","2","HT5","a5c7e8cc-adec-4f46-9799-722604de6a6e","ghoostl","BR"
"SWORD","2","HT5","383e4c1b-a2ad-4653-87ee-bcb66b2f809c","ghosttruux","BR"
"SWORD","2","HT5","ebe28013-6f87-4701-82d8-3bb93793dc76","Ghotyz","BR"
"SWORD","2","HT5","25098421-7c49-4012-8621-df5764408658","Godlipe7778","BR"
"SWORD","2","HT5","e1ed46b2-1804-4cea-8f75-4990dfaccc40","GoneStar","BR"
"SWORD","2","HT5","6a02ecc3-cfd3-49cc-86f2-fb79d243016b","GordoBasado","AR"
"SWORD","2","HT5","e4824051-0f6f-4299-a09d-dbf2cd80ddfb","Gothkay","BR"
"SWORD","2","HT5","f89f4dd3-2804-4d18-a1d6-99198345fa05","Grayzinn_","BR"
"SWORD","2","HT5","a9a0da80-e076-4a0d-b2ba-51e45989302c","Grox_Reverso","BR"
"SWORD","2","HT5","3b74faae-ebf8-4a4e-bd57-99a03d8caf91","GtaLibertyCity","BR"
"SWORD","2","HT5","c71cc80c-395d-41c0-9fce-79c76b52d744","Guilherme04v__","BR"
"SWORD","2","HT5","b7109aa9-b5c8-41f7-b01a-539d14135692","GuiSeco","BR"
"SWORD","2","HT5","6928bf9b-649e-424f-98d7-be1d3a328f59","guixtt","BR"
"SWORD","2","HT5","c640cb90-2839-4f43-bb06-a160f417487f","Guiyen","BR"
"SWORD","2","HT5","0015fab3-1ccd-4dd9-942f-8b74e4a6b951","GustavoPudim","BR"
"SWORD","2","HT5","911195e5-6971-40eb-86ea-517deb41ef24","gutsukii","BR"
"SWORD","2","HT5","fa336d9a-322e-472b-9426-6e61b3445eed","Gxbrielxz___","BR"
"SWORD","2","HT5","5e30b05b-5ed1-4174-9efb-8a5a73398646","H3lpantedFar2b2t","BR"
"SWORD","2","HT5","7d6174bd-cc78-4051-9d8d-74ee2fecdb67","haimetro","BR"
"SWORD","2","HT5","3d4e31cd-6fc3-4da9-b312-4b0a69633e55","hanakors","BR"
"SWORD","2","HT5","6582af68-fbf9-4520-bc51-b0d761d747ab","hashtag_sl","BR"
"SWORD","2","HT5","56d78385-184c-4c62-b891-f5ca6d715250","HebbleHD","BR"
"SWORD","2","HT5","a19d8b4d-0e78-4152-a93d-20f4ab6329ab","Hebvel","BR"
"SWORD","2","HT5","9ba20d30-d5c0-4bcd-bf89-8179c850b2fa","heyDrac","BR"
"SWORD","2","HT5","e5e50af2-7e95-4a83-82c6-2513d08a68bc","HeyYoda","BR"
"SWORD","2","HT5","c33823eb-5cad-47dd-835e-26d086375074","Hgrzx__","BR"
"SWORD","2","HT5","e5dfce26-3d9f-4d00-8078-9138850d9979","hhollowed","BR"
"SWORD","2","HT5","158464cf-792d-48f0-9034-5f8960b4744b","Hidesquirtle","BR"
"SWORD","2","HT5","1aef0f45-a480-4ba8-a1f1-1839f6643cdc","hiorieGG_","BR"
"SWORD","2","HT5","ea1ea046-adc8-440e-a7df-62257af361a1","HKE_","BR"
"SWORD","2","HT5","7d8c4253-0eaf-42fd-9498-7bb3b1fa2bc6","Hpc2503","BR"
"SWORD","2","HT5","65325794-9d0c-49f2-89b5-19ea6bbdcfc2","HuntRage","BR"
"SWORD","2","HT5","6b00fb5b-6128-48e6-8b4f-303e1f5f95d5","hxty","BR"
"SWORD","2","HT5","5ffc50e4-49c4-4f5e-a3ab-118a63d80868","i_am_sponje_bob","BR"
"SWORD","2","HT5","f018be74-1266-4f51-bc6c-9886c1c352fe","I_Blade","BR"
"SWORD","2","HT5","eea0275c-a068-4ff7-9924-ee4b5ded4e28","IamKxiser","BR"
"SWORD","2","HT5","eafd6238-d41d-4439-bdb8-d3ef13a58ac1","IamLitty","BR"
"SWORD","2","HT5","a963c2b9-fe91-4995-90df-76dae7960682","IamRamdom","BR"
"SWORD","2","HT5","e5c1cfb1-f7c5-4bf0-b310-c5b5af6c64b3","IamShawtybitiz","BR"
"SWORD","2","HT5","a08cd3fa-57a5-4e2d-8f1e-26f701754749","IDKDarkxau","BR"
"SWORD","2","HT5","56d48740-52fa-4b77-9e13-a68a327aa992","igorpoiuuX","BR"
"SWORD","2","HT5","b482b1ea-4211-4cd1-8b46-b7956b5ee85d","imAzevedo","BR"
"SWORD","2","HT5","d2e8b62e-3686-46de-99c5-c3f07e7b9db0","imissyouana","BR"
"SWORD","2","HT5","957d0bc1-ee9e-431a-9748-4d3f55950864","imLootier","BR"
"SWORD","2","HT5","58628322-16ad-49b7-accc-c9a2d6aadc96","ImMaybee","BR"
"SWORD","2","HT5","06b3c919-2e1e-4428-9868-dd728497b3ad","imMiglz","BR"
"SWORD","2","HT5","b50bf388-c3b1-4049-99c0-65be08981c11","imobilizado","BR"
"SWORD","2","HT5","fec75e91-4c79-4128-a800-80309172191b","In4c0c4","BR"
"SWORD","2","HT5","0ba3d767-5078-49cf-80a0-52d93973c80e","iorch123","BR"
"SWORD","2","HT5","2472609d-8c1b-40be-ab95-fa505e2b6132","ioxande","BR"
"SWORD","2","HT5","7130d07d-4181-4374-9fd6-b0d93745dee9","iskurinho","BR"
"SWORD","2","HT5","dd85606b-b934-4a0a-afdc-d7d4798a1a29","iSukzz","BR"
"SWORD","2","HT5","72a5e458-884e-4484-97f9-476020d3afc9","itsDrayx","BR"
"SWORD","2","HT5","194ffd5b-c611-4227-a32a-5698dc23866d","ItsMeDavii","BR"
"SWORD","2","HT5","260eaa52-79c8-42da-a3a6-6a3276a64487","ItsPaxel","BR"
"SWORD","2","HT5","4ee09f5b-468e-48fd-b7bb-2c8b7b420c60","ItsStringAv","AR"
"SWORD","2","HT5","58b7a7cb-3048-4012-8f9e-1fd12cc8f7ba","ItzBocchi","BR"
"SWORD","2","HT5","d63f1d17-dcda-42b7-86ae-7aac1a3bc57a","ItzCarloC","BR"
"SWORD","2","HT5","f8f6a9a8-2b5b-4de6-85d9-9466aa78d90b","ItzMeKingz_","BR"
"SWORD","2","HT5","64d51a59-c74f-45a8-a9a3-89e105305d22","itzReals4","BR"
"SWORD","2","HT5","045f910e-ee2f-4fa7-ab99-10eaa9edff8d","ItzTapi17","BR"
"SWORD","2","HT5","78702c6a-93e8-4de0-92b8-a8400363faf8","ItzTrueYuta","BR"
"SWORD","2","HT5","10c4451b-8043-4aed-8a87-8dbc92d7147b","Iva_Layker","BR"
"SWORD","2","HT5","922faaa8-f37b-41c3-835f-06301b930d62","IXarcaneXI","BR"
"SWORD","2","HT5","383074a3-ab4b-44fa-80d6-12f226e07eff","Izulk","BR"
"SWORD","2","HT5","d7a01345-4b5e-4f2f-b566-967038e2df78","IzumiRJ","BR"
"SWORD","2","HT5","86a5cd72-045c-4b5c-8f5f-42b175ebb48d","izzyCnx","BR"
"SWORD","2","HT5","f4f679c2-b147-4877-a791-c41fcd5d46eb","Jandrawn","BR"
"SWORD","2","HT5","342067a4-027c-4708-9eb6-9618ce5a5764","jaobr1","BR"
"SWORD","2","HT5","5533f553-5fe3-4bdb-a59e-9a535794d73a","Japa07_","BR"
"SWORD","2","HT5","f3aec6cb-6d10-43eb-ac03-7cb7ca1816fd","Japonexxwwwwwwww","BR"
"SWORD","2","HT5","a11e7c9b-bdb1-4611-ab48-8be7dc4ef0b3","JayzPrime_","BR"
"SWORD","2","HT5","caa18c4b-6804-4f06-a71f-657d2a10ad04","JettSun","BR"
"SWORD","2","HT5","2cff8e89-075e-49ac-9bce-a3b6c05eab1c","JinxTheQueenK","BR"
"SWORD","2","HT5","0a1169b1-61e7-4f9b-8a6a-776c26b84b88","joaopriquitu","BR"
"SWORD","2","HT5","d0a00ae0-d646-402a-9ea4-ecf76bedd6f3","joaoxz0509","BR"
"SWORD","2","HT5","d909a68b-ab88-42ae-a3cd-29d4732d2a35","joaozimtw","BR"
"SWORD","2","HT5","bed508a6-caf2-49b5-a47d-f1232e591136","jocax_","BR"
"SWORD","2","HT5","20b2f63f-00ef-4685-8ed4-c2d564a6d796","josuejo1","BR"
"SWORD","2","HT5","89df3b5c-c720-48ce-a6c2-9cc42c13833c","Juandatara89","BR"
"SWORD","2","HT5","899bd993-e15b-47be-9fd9-4770ef657d32","jugab10","BR"
"SWORD","2","HT5","0b3e2641-74dd-43f0-941a-8481f7442850","JUJUBINHA333999","BR"
"SWORD","2","HT5","e53f9799-6ba4-4fcf-bf31-aac927e3e219","julhaum1","BR"
"SWORD","2","HT5","7a4aad4e-5417-4ac9-9e4f-4d84c49a3876","juninhopeladinho","BR"
"SWORD","2","HT5","21957811-3220-416b-a73d-d3d173ea6b4a","Jupitturni","BR"
"SWORD","2","HT5","c447a026-68c6-4007-9775-ea608f38bd72","JustSeekenn","BR"
"SWORD","2","HT5","4ded57f2-1b78-4900-be56-ecbb8452a7f7","JustWizzard","BR"
"SWORD","2","HT5","4d47975c-a2a1-4735-b33d-c881acc72f2d","k1romi","BR"
"SWORD","2","HT5","32a5b1ef-7991-46bd-b12f-fdcba84522db","Kart4K_","BR"
"SWORD","2","HT5","c7c64f86-763a-413e-9f2e-91ec4d1f9d1b","Kattzoiudo","BR"
"SWORD","2","HT5","1edcefe7-f51c-444b-8ffc-636bbc5f6c1f","Kauan13X","BR"
"SWORD","2","HT5","ca841602-e443-4b1f-9dc3-b6caec18a505","keirolo","BR"
"SWORD","2","HT5","03f5a630-0892-4756-bb87-0b994f5a72aa","KIKINSkyjhw","BR"
"SWORD","2","HT5","76c7aa3b-c0e4-4e1c-9c4b-6c3f06857742","KillerDeTaubate","BR"
"SWORD","2","HT5","f5824df4-b015-4008-8da3-52a418550444","KitaOverdose","BR"
"SWORD","2","HT5","170aeeb8-faef-4511-a13a-1935dd972a88","kkmatch","BR"
"SWORD","2","HT5","f784af79-4e34-45f6-9590-05f0b684c5e5","kksut","BR"
"SWORD","2","HT5","cb448ca6-4439-4090-a794-e60b29f34e83","kleberjunior123","BR"
"SWORD","2","HT5","99855a72-c9c0-44e5-a6fc-c7c7c8d96510","kngnasirSCARFACE","BR"
"SWORD","2","HT5","e4306a66-a1c5-43f1-a0bb-113e4a9d85dd","Knnoc","BR"
"SWORD","2","HT5","5804b946-c080-4b53-bc0a-ca9a41ad466d","kovanthMTZ","BR"
"SWORD","2","HT5","ac57e80a-3b71-4c9a-8e6e-b0eb7116eea2","kuzawaz","BR"
"SWORD","2","HT5","e62d04a9-ab52-4183-9e58-a37aa2718b86","KzexisLegal1533","BR"
"SWORD","2","HT5","de185e2c-86a5-42f5-9fa2-3aad524477b0","kzwm","BR"
"SWORD","2","HT5","b7b2d04e-c537-4964-a8b5-f7b756b8190e","larisinha_hw","BR"
"SWORD","2","HT5","5e420bb8-a8e1-4472-aa2a-df8dca7a6ed2","LarpBieber","BR"
"SWORD","2","HT5","6409de2a-1e86-4a51-ad71-f87869638249","Larppnesss","BR"
"SWORD","2","HT5","8873ff6c-f488-44c3-99a2-0ff3d73f8d2e","LCDOLOVE_","BR"
"SWORD","2","HT5","ddef8537-0f9a-4c9c-b5c7-1a472266276e","leadpower","BR"
"SWORD","2","HT5","e26f68f6-846b-4ea1-94d6-a88fec8728d4","Left_out_","BR"
"SWORD","2","HT5","e1ab019b-0b53-4b9a-b32a-b61565bdfd2b","LengoTengo","BR"
"SWORD","2","HT5","e85a21ad-af97-4790-b2fb-3115a5be5857","Lenxz_","BR"
"SWORD","2","HT5","0d54d22c-6c4b-4c8a-ac70-a09304648af1","lessbye","BR"
"SWORD","2","HT5","cd14d4ed-bba4-4b43-99e9-caceb9138194","lightzwhuzz","BR"
"SWORD","2","HT5","90c01ca1-9a54-4e5e-859c-f155ae6d9c4a","lipe10gamer","BR"
"SWORD","2","HT5","6c16d0e4-d4c7-4225-a358-d94cb43778b4","lksfps","BR"
"SWORD","2","HT5","2cab6479-3a01-4eaf-af84-d1522ed71975","LkzPrime","BR"
"SWORD","2","HT5","66f3ff3c-8d8c-474c-af16-081471d62562","Lolocraft2013","BR"
"SWORD","2","HT5","ac33976d-ed2e-4fda-9e33-617c08c6b675","Loopwizard","BR"
"SWORD","2","HT5","394c2f7f-6f23-4eda-82b0-23d095601fc1","Lopezx01","BR"
"SWORD","2","HT5","ba4f8267-8b2d-46e7-a355-9ebfddb54670","LoveAndFever","BR"
"SWORD","2","HT5","aa60c36a-6112-406e-92a9-74fb8f77424b","loverofpvp","BR"
"SWORD","2","HT5","93136e85-0290-414e-8c21-d5cadf4198fb","LowNezz","BR"
"SWORD","1","LT5","f709e865-5fde-494f-b8ea-3504a08853af","__Kmz__","BR"
"SWORD","1","LT5","581a6247-e574-42f0-bb87-592c2cad7069","__soneca","BR"
"SWORD","1","LT5","b534b73b-fca1-408f-a481-00e6ca2f198b","_12paocomovo","BR"
"SWORD","1","LT5","44f9878a-58ec-487b-a4be-fce2d105cf07","_bruxo","BR"
"SWORD","1","LT5","1c4422fd-0b3e-47d2-b0c4-a450d8fb2668","_Kz0_","BR"
"SWORD","1","LT5","c84b20fc-27ba-4b8f-a761-15216e9b2351","_Nappi","BR"
"SWORD","1","LT5","aa53845d-2c2b-456d-916d-5968a8d6e263","0144hz","BR"
"SWORD","1","LT5","db3a3dbd-2b04-4584-9ac2-37e0445af605","02reidavi","BR"
"SWORD","1","LT5","b2cff63b-d6cd-4442-96ce-983ebc39db04","0pdr","BR"
"SWORD","1","LT5","6cef8e0e-355f-4749-b2d6-a2640e397d66","12wuu","BR"
"SWORD","1","LT5","c899ef23-3113-4cbf-a95d-932fcbaa335d","178O","BR"
"SWORD","1","LT5","c111613d-12d7-43af-931d-036b90ace23a","2y2z","BR"
"SWORD","1","LT5","1d16a9ca-9378-4521-83cf-d9c4ddb50fc9","3YViper_Hazzard","BR"
"SWORD","1","LT5","73e5913c-9dff-4406-8b9a-0c62237fe52e","aalvesz","BR"
"SWORD","1","LT5","051ebfeb-9bd0-42e9-ae88-dc726dd00dbe","Acordado021","BR"
"SWORD","1","LT5","7acc3976-ccf2-4efe-9184-8e87c90fae51","amofazernadasad","BR"
"SWORD","1","LT5","adb2c38a-6ac4-47dd-a901-5baa085e1f9b","AnaNaoXita","BR"
"SWORD","1","LT5","29cd8c1a-d163-4b64-ba18-1608b2dbe549","anjofutil","BR"
"SWORD","1","LT5","342f03e4-7764-42f7-84f6-94a5b2575280","AntesIsLegit","BR"
"SWORD","1","LT5","151e4245-06d3-4959-a438-2948149a76d8","ApenasBoloPro","BR"
"SWORD","1","LT5","5e2bc7ed-4d88-46d6-b3c3-dbfbfb28c643","arthurzika352","BR"
"SWORD","1","LT5","edaa54c7-e903-48cc-83c6-63e33cfee2b9","Augustinho0900","BR"
"SWORD","1","LT5","e078c4bb-7163-464b-b98b-b58f8a77aefa","AuraMen","BR"
"SWORD","1","LT5","cc5b3600-26cb-4827-bf37-41e696131a76","avisem","BR"
"SWORD","1","LT5","5de22082-4ef0-4f9f-9356-c2a845c53a3b","BalloonBubble70","BR"
"SWORD","1","LT5","25e7221e-aa1d-41f4-875a-f95a70809db4","barbosinhaCMback","BR"
"SWORD","1","LT5","ec91a88a-2c50-44f8-9650-3769b290a22c","baretta__","BR"
"SWORD","1","LT5","3e0000e6-0b30-406e-95f8-0666fc504234","BelgaXD","BR"
"SWORD","1","LT5","67d9e928-fdc5-4025-a4a0-10001eb56109","Belonex00PVP","BR"
"SWORD","1","LT5","be65fcc0-497b-4b1c-abb0-a09f905adad4","BGRZIN","BR"
"SWORD","1","LT5","51b631d2-8fa5-4144-86e9-7e5cf59fd770","bianchinquis","BR"
"SWORD","1","LT5","4791741a-321a-4de6-8874-3487b7c5a0b0","bibi_tacerto","BR"
"SWORD","1","LT5","20e0e0c7-5d6e-4109-b5a6-9f559454b595","biluleka","BR"
"SWORD","1","LT5","832087a1-c11b-4c8d-a64a-44bf87d284b5","BlackBlizzardss","BR"
"SWORD","1","LT5","e82be54b-668e-4ccd-9814-6045a4a7b469","Bone636","BR"
"SWORD","1","LT5","61c1f44f-6aed-4a31-be6c-d0763e75a4b9","bontzx","BR"
"SWORD","1","LT5","6a7b9602-3e8b-4e41-813e-49d402fb637d","brayan20146","BR"
"SWORD","1","LT5","6cc6bcd8-287a-4650-bdd3-b7ff6397d954","Builder_Prime","BR"
"SWORD","1","LT5","ed784eba-77be-4b66-b560-5ef2411deadb","bydb2","BR"
"SWORD","1","LT5","ab8826fe-0d66-4fec-8617-5e5a140610d4","Caiobas12345","BR"
"SWORD","1","LT5","899e88b2-92a4-4b35-b7b3-fd19c1c94f3c","Cairork","BR"
"SWORD","1","LT5","137ea3d2-0250-489f-8b77-da82c02a1d60","capibarafan123","BR"
"SWORD","1","LT5","b26f75f2-5dde-4ac9-b470-b7f3e620c777","caramelospike","BR"
"SWORD","1","LT5","bf347906-75f3-46dd-b2e4-56873a17393c","Carloss1337","BR"
"SWORD","1","LT5","433cd1c5-0c49-4690-9ddf-71a89ee5db73","Carnifenix","CL"
"SWORD","1","LT5","01355063-3afd-422d-bd4e-d126c8a53486","CatupigYT","BR"
"SWORD","1","LT5","f6991510-64c2-4da4-bc4f-244bc6e289c3","cem1337_hZ4PnfEb","BR"
"SWORD","1","LT5","fb81551d-795b-4293-85c5-231862fe4035","cem1337_S9zGmtHV","BR"
"SWORD","1","LT5","126645bb-2241-4f68-954f-3dddb2eb0f64","ChikitoOFC","BR"
"SWORD","1","LT5","4080619c-11c8-47c1-bedc-5be386f0e2d3","choraprocristal1","BR"
"SWORD","1","LT5","17122543-1723-4f6f-8e4e-82ca5cab4232","christOverHacks","BR"
"SWORD","1","LT5","481c56cd-5ec6-4257-a85f-c17f257d554d","cleitaopvp02","BR"
"SWORD","1","LT5","b0109af6-917f-4ba4-aafc-87733cd96a6e","Clollbit","BR"
"SWORD","1","LT5","8f0230ca-d392-4e09-8f78-51d320c07599","cosmooooo7777","BR"
"SWORD","1","LT5","7ea4a188-f6a8-4158-be09-134fc6e58a0a","Cozinhei","BR"
"SWORD","1","LT5","6a3db078-888d-4e9c-86fb-8b1866667e28","cristaozinho","BR"
"SWORD","1","LT5","774ebaee-bc54-4c23-8814-331703988fe5","Cubi0925","BR"
"SWORD","1","LT5","2b4e950f-c931-432b-b99d-5e28b0ff10d2","curtcr7","BR"
"SWORD","1","LT5","ffbdc507-45d7-4c8f-baa0-30c62048b55b","danielz__","BR"
"SWORD","1","LT5","0803d767-6ec5-4628-9d36-921c3c75e91c","DARK_NOBRE","BR"
"SWORD","1","LT5","332fc138-a6b4-4fc5-a106-a52d7052511d","darkdis0809","BR"
"SWORD","1","LT5","074efb1e-dd6d-41e9-b057-419a1b804db5","dash1nglmao","BR"
"SWORD","1","LT5","9e27617c-e22f-4346-af8f-4234b266c6fd","Daviggn","BR"
"SWORD","1","LT5","05a4f807-4f18-4de3-84ed-7819270fc00b","Daviqueprobionic","BR"
"SWORD","1","LT5","45b29537-2702-4ae8-a40a-3c676f9b3977","Davizzinn1289","BR"
"SWORD","1","LT5","b61a8b49-a1ba-4bab-a37b-499c66b0f1b6","DeadzAim7","BR"
"SWORD","1","LT5","b13bad26-5eb5-4c35-897d-5d2487919454","DemonSlayerywy","BR"
"SWORD","1","LT5","e0bee4a3-a31b-4d61-bc1a-90700a2ccb1b","DereckBW","BR"
"SWORD","1","LT5","20cc045b-4163-4845-b0ff-910bfb511605","DiamonD8897_","BR"
"SWORD","1","LT5","1f0ea77d-30ee-4536-8d99-05a4bc77734e","DirtDy","BR"
"SWORD","1","LT5","56cc675a-6162-45c2-962c-7515030a6d8f","DjTizora2","BR"
"SWORD","1","LT5","0b213737-c0e6-4eb2-81bc-d6604b591e9e","Dormindo021","BR"
"SWORD","1","LT5","87fd314a-1d90-4c05-8302-86bb3c884d6a","DrayvenXz","BR"
"SWORD","1","LT5","1e21da40-adcb-4f98-9860-1d9bf0d5f53e","dripgtr","BR"
"SWORD","1","LT5","93448ef0-f98a-4cd0-b2ef-86e6427f230c","DsantGG","BR"
"SWORD","1","LT5","893cf1e2-1bda-492f-98ce-21dd3fc08743","dthdfl","BR"
"SWORD","1","LT5","e92f9453-be91-48df-b266-8ca72961a94f","duduabmo","BR"
"SWORD","1","LT5","46d07e86-f9da-41ad-a11b-6761b5e4d229","DyegoRuimdepvp","BR"
"SWORD","1","LT5","aa422601-4e36-4107-a8cb-cf316f717d18","Dzn7Goated","BR"
"SWORD","1","LT5","6333c97a-7d6c-4bbb-8d28-bc31cda9e901","Ebonyy_","BR"
"SWORD","1","LT5","394861bc-f719-4698-800e-6666cb1c8ec3","edkna","BR"
"SWORD","1","LT5","1c9dd2c7-4a50-4f54-8eff-1dcc03fca901","EduDtaps","BR"
"SWORD","1","LT5","6e4b7f3b-a74a-4ab4-8ab3-a0a7787b3b9d","emoworld1000","BR"
"SWORD","1","LT5","897efba6-0504-4290-8c39-1b80038a92ab","Endroth","BR"
"SWORD","1","LT5","1ba79288-c19d-4e35-b826-00b2244e201d","Enrilatios","BR"
"SWORD","1","LT5","54374b9c-a8f0-4d23-9ea8-2cd902d0ce8d","Enygma_Gamer","BR"
"SWORD","1","LT5","3454558c-30a8-43c7-88b9-6de82b5e53be","Eojv_","BR"
"SWORD","1","LT5","8ccc07b4-f91f-4bd4-8be4-bc05956599d6","EquipeCaos_","BR"
"SWORD","1","LT5","36f4eec6-cefc-4025-b273-fb60eaa83eb9","euLipee","BR"
"SWORD","1","LT5","539fad26-d239-4035-8af8-264e60e9f587","exez4","BR"
"SWORD","1","LT5","195e93a4-5eea-494b-bc27-87d15d4c9cdb","Expumant0p","BR"
"SWORD","1","LT5","2b09d832-dd81-4704-82b6-afedb6919b88","ExuCoriga","BR"
"SWORD","1","LT5","a70c73a0-6eeb-4f52-ac80-0efd4f5cb7ba","faelx","BR"
"SWORD","1","LT5","58c2f681-1de5-4a15-bec2-c3710db948e0","FALL7798","BR"
"SWORD","1","LT5","6b9c0cf6-e2aa-4197-a1b2-4ff400e706d5","Fatality404","BR"
"SWORD","1","LT5","2190ee6e-3c80-45ce-ab10-965f917e4ba4","FatalitySET","BR"
"SWORD","1","LT5","473f760d-e62c-4e76-9d57-d01b37e37bd9","Fehxyz_","BR"
"SWORD","1","LT5","ecb98213-89c2-4db5-a5c5-a1b0cf14ac7c","Felivix__","BR"
"SWORD","1","LT5","3e16bd6c-b7a9-4d83-aeca-154db3ede29e","Fern_67","BR"
"SWORD","1","LT5","c8471880-3ded-4f5d-a226-af3eb2d63977","festiinha","BR"
"SWORD","1","LT5","fe7293f9-891e-426d-8d09-ee91fdb922ad","Fixller2","BR"
"SWORD","1","LT5","a4caf320-5fb2-4870-ace8-284dfb3c1633","Fonsecaaaaa","BR"
"SWORD","1","LT5","80542cf2-61b0-4326-b8cf-f19bebd3a75e","foxdopvp_","BR"
"SWORD","1","LT5","514650ec-fdb8-4b06-bd46-e2525217408e","fratahg","BR"
"SWORD","1","LT5","ed067301-2b27-4965-afaf-f9c9870f0fe0","fzax","BR"
"SWORD","1","LT5","c6450a3f-9b55-4064-90f0-8599a328dc45","GAMERSTHMILLER","BR"
"SWORD","1","LT5","1a774ad8-1c52-437f-9774-b6f104dbe2c1","Gattuso_","BR"
"SWORD","1","LT5","cd32c895-d149-4391-b88b-b542cc5b396f","gAzzinn","BR"
"SWORD","1","LT5","6910c130-2238-4ad7-8f00-bb9e7bf37706","geferson69","BR"
"SWORD","1","LT5","1efbc587-eda9-41a1-9c4f-5c846780b481","GGmzinhoo","BR"
"SWORD","1","LT5","c0557121-f873-4e66-84ab-2bac83f4bf4f","Ghoalt","BR"
"SWORD","1","LT5","3ca5af9d-dd74-42b3-9f12-c839cd959bd4","Godzsx","BR"
"SWORD","1","LT5","03931c7e-4bde-4703-b97a-f65292796ccb","goiaba_podi","BR"
"SWORD","1","LT5","ee686e4d-dd1c-43a7-8f8e-0a1b6cfa8184","goiaba_vs_onibus","BR"
"SWORD","1","LT5","7466895a-33c1-4c7b-bc38-9a0eaa7a33b7","gojoeditszx__lt5","BR"
"SWORD","1","LT5","66e64b5b-230d-417c-a0a8-4897650352ed","gual4","BR"
"SWORD","1","LT5","53ba8886-01a4-4613-92e9-a647d3ea91cb","guizinducuscuz","BR"
"SWORD","1","LT5","12cf0bdd-7b26-4c4c-8760-edb4450255c0","gunaprofile","BR"
"SWORD","1","LT5","19a7b219-e3f4-4812-8ac2-97e6e5073dbd","HB20rr","BR"
"SWORD","1","LT5","ef271611-4422-424e-8436-3da222a991b5","hdzin1","BR"
"SWORD","1","LT5","ae10053b-519f-4846-b923-84ae2793d1a1","Hidden_Mon3yGG","BR"
"SWORD","1","LT5","a1648827-0386-47a2-bf7c-b164b271afe4","Higuelk","BR"
"SWORD","1","LT5","e9ffd437-7baa-4e47-92b7-5629fdc74701","httxd","BR"
"SWORD","1","LT5","681037de-a73b-4582-a2bb-d7ccf077d5cd","iceberry1881","BR"
"SWORD","1","LT5","d9a476f1-a436-4184-acb3-df2f7d469059","idksen_","BR"
"SWORD","1","LT5","27b04eaf-54b6-4746-879e-fb7f3cd2e425","iDrex_","BR"
"SWORD","1","LT5","8ed43925-9735-45f5-a1c3-104d8412ef3e","IFrogX","BR"
"SWORD","1","LT5","00155e01-ea02-45c3-84c0-d4e6620c032d","iGuxta","BR"
"SWORD","1","LT5","b288bd76-ff43-4cc2-b191-358ed7e08371","ImCacau","BR"
"SWORD","1","LT5","c3fab6b1-1d7c-49f2-80da-8f5d365225c0","ImJust_aPlayer","BR"
"SWORD","1","LT5","d6328a40-a118-40ae-b68f-88cfa60c3baf","implicitamente","BR"
"SWORD","1","LT5","56952666-6eb5-425f-92a1-a4734fe6c091","ImToshy","BR"
"SWORD","1","LT5","db1022d0-1433-4998-bdd0-515e6b566210","Insanamente","BR"
"SWORD","1","LT5","3d2b404c-3745-4832-a5a0-b3d81b9fd641","IrmaoDoBill","BR"
"SWORD","1","LT5","c29ea963-a5b3-4697-afc9-cdc4f6acb763","Irrealista","BR"
"SWORD","1","LT5","9859f605-93a3-4e05-bf69-73b00d351508","Isaquezin007","BR"
"SWORD","1","LT5","5cc33dee-24ea-4a8c-9aad-fa7be92925bc","iSkyzera","BR"
"SWORD","1","LT5","d85d810e-d86b-4aea-89c8-ba4f1a5802da","ITSCrazy67","BR"
"SWORD","1","LT5","c223ddae-b9f4-4495-a67e-3522b51da64b","ItsNotClyxi","BR"
"SWORD","1","LT5","59552ba8-ec8b-4eea-9741-cb98e0bedecd","itz_theRip_","BR"
"SWORD","1","LT5","8513d476-d245-451d-b0a2-4d114be12206","ItzNoReal","BR"
"SWORD","1","LT5","4549bbdd-637b-44ec-b4b7-84f2d6158f80","itzrealgui","BR"
"SWORD","1","LT5","6d5cb566-acf9-42a4-b010-d5a57ebd7580","iwqqo","BR"
"SWORD","1","LT5","b36ac654-fac3-4f62-b463-4c2535ebc860","jaozincrai01","BR"
"SWORD","1","LT5","d68f0bce-1d89-415e-8754-62fb197d75e6","Japa_zhX","BR"
"SWORD","1","LT5","542c487b-cdbd-49a1-91e5-eb533114b1b0","JasonXV","BR"
"SWORD","1","LT5","00deb096-47bc-42cd-b4dc-e58d2f4c1357","jhonathah_","BR"
"SWORD","1","LT5","224790bc-df91-4763-b8f2-391dfb99a771","Jhowpix","BR"
"SWORD","1","LT5","b028db9e-6dca-4dda-b939-faef76ca197b","jovemerick","BR"
"SWORD","1","LT5","1ba216f5-83be-4623-8cc3-a65e5f61d9e2","JuninGG_","BR"
"SWORD","1","LT5","0c86e8da-0a56-41fc-833d-6d0f04aa2b85","JustWanteds","BR"
"SWORD","1","LT5","e9008e0e-4f55-4f8c-bdb8-4ab9ff794a71","Kargodzz","BR"
"SWORD","1","LT5","3d5221cb-6c3a-40c5-a35b-9f481ef77e4e","kenk_","BR"
"SWORD","1","LT5","e80f53a9-7f8f-48a0-86f6-dbab34a45456","KingWz_","BR"
"SWORD","1","LT5","8a481407-6720-4b7c-85a0-5f3a82b6c542","kirannx","BR"
"SWORD","1","LT5","52738376-6c92-49a6-93ec-772f39f4b6ab","Kistzinho","BR"
"SWORD","1","LT5","19350906-bed8-4e61-b7fc-cff221e6df07","KMEWTON","BR"
"SWORD","1","LT5","f6881cd0-f2c7-4e0b-afab-f1b65d530644","knowklg235","BR"
"SWORD","1","LT5","25dfb39d-08ef-4b0c-968f-73b1e91b5d64","KnoxISme","BR"
"SWORD","1","LT5","0c7c8d08-177a-492a-8f17-948dcff39db0","KovanhtNyyz","BR"
"SWORD","1","LT5","be81a69c-ee4d-4494-9e69-0b862d0ea32e","kropsk","BR"
"SWORD","1","LT5","d8627c94-ccc9-43af-bbc4-29c32b3e1436","Kryptexx__","BR"
"SWORD","1","LT5","feba9fdc-0f78-423b-a33a-80e44496256f","kx_kaua","BR"
"SWORD","1","LT5","7b31197b-9e65-4c45-8490-df5ce35357ab","L7O1","BR"
"SWORD","1","LT5","c7b59bbc-91ab-412e-938c-966a8d16bf73","Landzsx_","BR"
"SWORD","1","LT5","e6d177f1-5b7f-43b6-b19c-48ade5d31658","leopro1h","BR"
"SWORD","1","LT5","4671f3c6-740b-48b6-9e7f-9832cfc06411","LinhValeueoUwU","BR"
"SWORD","1","LT5","22b19194-ccc9-4ed7-a607-e2dd4c828636","LittleMat0987","BR"
"SWORD","1","LT5","e6487d38-bf80-4d62-bcc3-7cc3c4a965ce","LOGIC0R","BR"
"SWORD","1","LT5","32cd0fb3-4d00-4206-b6b1-d2bdfc332fca","Lostkw","BR"
"SWORD","1","LT5","a39ebcc2-c4ff-4800-a8f6-65a083c1c80b","Lp7z","BR"
"SWORD","1","LT5","eeceb8ec-9f90-4848-abe1-518859f3d67f","LucxMC_","BR"
"SWORD","1","LT5","49e371ef-ddc3-48cc-b6f2-ad2e012fd4ea","Luzes7","BR"
"SWORD","1","LT5","2120f065-fbb8-48fc-a934-e16d2e1915cd","Lz_Vortex001","BR"
"SWORD","1","LT5","4f35c9ea-d602-4aff-888d-52fb09c34a7f","m2hcs","BR"
"SWORD","1","LT5","61c85660-6980-4886-99bd-814f4c51a713","M4JuanC","BR"
"SWORD","1","LT5","68626ed2-6e98-40c5-bd52-49681ef0a494","Macedin09","BR"
"SWORD","1","LT5","d53109b7-9d26-4a99-a199-500610bc2541","machado____","BR"
"SWORD","1","LT5","0da804d8-e70b-4808-a12e-4d5706aa5671","Mafioso4i20","BR"
"SWORD","1","LT5","7519febf-73d5-4e10-a276-17079221bbec","maick00","BR"
"SWORD","1","LT5","7635e39a-95f7-46f2-836d-46a968a80976","MakoPC","BR"
"SWORD","1","LT5","bcbf73d4-9fc5-40b3-9b32-b16c8b428404","manuwhxt_","BR"
"SWORD","1","LT5","43fea850-0065-449d-ad30-150f15feb8e8","marbaw","BR"
"SWORD","1","LT5","9f0f6067-24bb-4474-9705-675b9899ff4e","masterdoFr32","BR"
"SWORD","1","LT5","74b3e91d-dc84-40c5-b1e4-dbe51b87680d","Matrix99Z","BR"
"SWORD","1","LT5","bd5831b3-9ebe-4338-9ce3-25a92202648f","Meliodaskkkkkk","BR"
"SWORD","1","LT5","bae2f8e1-9431-4bf9-b490-dc85207415ff","MeowAFK","BR"
"SWORD","1","LT5","7c6eec7e-f2a6-4c03-86dd-3acd0034907e","MERCURIO2111","BR"
"SWORD","1","LT5","581e60c9-d184-41d6-94f6-7383bff0cb31","Mewook","BR"
"SWORD","1","LT5","b9721f28-e722-44bd-968f-1ce0d369355e","Mhkkj","BR"
"SWORD","1","LT5","30999861-a82b-421d-851c-5a59932e1836","Mig_6745","BR"
"SWORD","1","LT5","4b79d726-61b6-47d1-9e06-f8e4bcd86e64","miggyznx","BR"
"SWORD","1","LT5","7f1c1fc4-1b0d-4f9c-9a7d-0517da14a59d","MIGUEL030","BR"
"SWORD","1","LT5","dda607b9-c58e-4366-a8b2-a0324be636c3","MilkyWayBR","BR"
"SWORD","1","LT5","da883c8f-5d29-41ab-9484-bd1259a3d169","mobilete074","BR"
"SWORD","1","LT5","a3c85a7a-b424-4157-a89b-848c15b231c2","MONN_001","BR"
"SWORD","1","LT5","66587fb0-6fe5-4ee5-aad8-f0e3657f7912","Mortalknot","BR"
"SWORD","1","LT5","a4542b1c-dca4-4b14-9e00-cf55834bb5c6","MrBersksSanta","BR"
"SWORD","1","LT5","7d79d9df-3368-4e91-90b5-077d286ea228","mrgelinho","BR"
"SWORD","1","LT5","2253fb2d-5c64-41a9-b99a-a976ad7f2e32","mtzssouzx","BR"
"SWORD","1","LT5","d8dfa805-804f-48c1-be7f-4fb9768ebcdd","Mtzsx_plays","BR"
"SWORD","1","LT5","aea55777-8ca5-4380-bc3e-01077eb31d3e","MVP_CAPIVARA","BR"
"SWORD","1","LT5","d9538f8c-d869-4339-a0f2-f4c0d2997354","Mxnteiga","BR"
"SWORD","1","LT5","46755538-5e52-4389-bb2a-1aa03b79a225","Nanazinha_","BR"
"SWORD","1","LT5","caaa33b6-d516-41e6-b06c-13f5242a70e9","Natancrysamarlow","BR"
"SWORD","1","LT5","da321712-8629-4443-a358-ef6639c65515","NatannaelX","BR"
"SWORD","1","LT5","483771c7-f261-40e0-9364-c19b80e9fda4","NCzinRL","BR"
"SWORD","1","LT5","ceb0a1d9-8cbf-40fe-b3b2-4b27a3094c1e","NebuZX","BR"
"SWORD","1","LT5","ff0864f1-456b-4ec9-b0c0-8c406df0bef5","NegoTela","BR"
"SWORD","1","LT5","0a040c32-1992-47f8-b50e-83dbfc043c0d","Neodaniel","BR"
"SWORD","1","LT5","4880ddf8-7881-428c-86bd-fb1f8d088b81","nerdox___","BR"
"SWORD","1","LT5","16ae673c-fd62-4178-a8e8-e703ddfdfcfa","nesk1nd","BR"
"SWORD","1","LT5","632ccf12-0a44-4364-b9cf-44dab676ae18","neskLOL","BR"
"SWORD","1","LT5","b4d15ddd-d4f2-4b82-86a4-606654c48ff2","Netoxpz","BR"
"SWORD","1","LT5","ddc67c03-1ba0-4030-8120-d2c1ca0c9a28","Nexztt","BR"
"SWORD","1","LT5","f7e6ec94-92bb-4a0a-a622-96799b09ae3e","niner_heal","BR"
"SWORD","1","LT5","eaf1542e-fa61-44a0-ab8f-9087d43e12f1","Nomear","BR"
"SWORD","1","LT5","560e750b-29c1-4ac6-b2b8-35616a18d05b","NytroXen","BR"
"SWORD","1","LT5","f80fd6c9-629e-4c7b-9385-294960efa7d9","O_Grande_Galo","BR"
"SWORD","1","LT5","66d8cc92-2b4c-495f-ad6a-d36d9177f444","ObscureRaze","BR"
"SWORD","1","LT5","fb0cfd6e-49fc-488e-b494-3d4586d24ee0","OiPedrificado","BR"
"SWORD","1","LT5","686bfb17-d932-47e7-9511-3de87d4d17a8","oliveiiraah","BR"
"SWORD","1","LT5","7bd31157-8ca8-4980-96f4-ca7202d34cbe","oMaisAuraEgo","BR"
"SWORD","1","LT5","5e993cad-17ce-4c1e-8b47-eec353540e2c","oqcz","BR"
"SWORD","1","LT5","58296fbc-2ac2-4687-a563-29754c7a8c6d","OVierr_","BR"
"SWORD","1","LT5","92b219f2-4339-4f6b-b7dd-280a82b4137e","P4zteleiro","BR"
"SWORD","1","LT5","6c33b321-1810-4694-b760-349cf11bb9b3","PaceGRS","BR"
"SWORD","1","LT5","5a0c34c2-4024-488f-93c7-a9cababa32b4","papo_de_pasafome","BR"
"SWORD","1","LT5","e8348ce4-25c6-4b58-a0f8-57865bff2f2a","paraisogamer140","BR"
"SWORD","1","LT5","408007f6-fbf2-45a0-b10b-756c960877e3","Paulista__","BR"
"SWORD","1","LT5","1449f6ea-5daf-41e9-bb0d-ee93e9561091","pbolinaa","BR"
"SWORD","1","LT5","8991a5aa-abd5-487e-baa0-82ea8470877c","pdxo","BR"
"SWORD","1","LT5","86e90913-8a8f-4bde-8c26-a647aeae5eb1","phmidiazz__","BR"
"SWORD","1","LT5","0fb75dc7-579f-4b89-a7d4-917b13071eb9","PiorQueBot","BR"
"SWORD","1","LT5","c57b0200-c83f-470f-8b67-d859af7ae161","PlayNicolas","BR"
"SWORD","1","LT5","42cc3fb0-a88c-4b83-958a-eca3bc5e138c","PlayZoneBR","BR"
"SWORD","1","LT5","0005ea30-325b-40ff-bd65-d5069fd9fb60","portuga2040","BR"
"SWORD","1","LT5","b821d393-82b8-4b60-abea-2fbc8543737a","Prime_Gabz","BR"
"SWORD","1","LT5","80d27614-cf8a-4463-b673-bbca472e9dbc","Prozin_Lz01","BR"
"SWORD","1","LT5","0c4f9bd3-6d11-46c8-a1be-7646471ee501","psyquee","BR"
"SWORD","1","LT5","a882a0c7-88f6-4c03-8185-e1d8753d07e0","Pulverizado","BR"
"SWORD","1","LT5","bfb36504-18e1-40c0-b56b-60e911de9b01","Qbvault","BR"
"SWORD","1","LT5","a6940fd7-5360-4c79-bd6a-82e8542b17dc","qQ2_","BR"
"SWORD","1","LT5","68cb9039-8695-43a9-96bf-0e2accbc0eb2","qwz___","BR"
"SWORD","1","LT5","e5220fa2-0c81-4a04-8c64-3cb0ec397104","r_agb","BR"
"SWORD","1","LT5","8dfe5e80-57d2-4164-90f8-39303d321e92","R3DST","BR"
"SWORD","1","LT5","8f172b10-dbf3-4ff1-81be-852b05d5a565","rafaelsmiojo","BR"
"SWORD","1","LT5","07958303-ffdb-4a68-936c-8b384ea988bf","Rafinha_gelo","BR"
"SWORD","1","LT5","abf26ecd-4874-414e-b614-dafc6c1d7b5b","raviiii2121","BR"
"SWORD","1","LT5","93c6c452-5509-4351-978f-0a3d9c699459","RayMtFEIO","BR"
"SWORD","1","LT5","bdc9ae1b-f046-457f-b6cc-5f988dc0d385","RelAyanaml","BR"
"SWORD","1","LT5","ff8aac32-f5ec-4622-8581-deb112d11e02","Renata_9","BR"
"SWORD","1","LT5","b80a1688-a45e-47da-bc53-29788bf275ba","Rhyansz_","BR"
"SWORD","1","LT5","c71067af-a3ab-44b8-971b-c08074a2ef53","riquezn7","BR"
"SWORD","1","LT5","c447ff68-b732-4de9-8cab-824a314516fa","RocaJames","BR"
"SWORD","1","LT5","c5f4c906-8493-4fe8-b5dd-0e6f2181c1c6","rricoo","BR"
"SWORD","1","LT5","41f5e9b1-7fe7-4818-aaca-b805744be8a1","Ruivokkj_","BR"
"SWORD","1","LT5","339d95aa-7e49-4a31-a19f-7c597702ab74","ryukszxd","BR"
"SWORD","1","LT5","be018a69-124d-4224-84be-b48f58a390ed","Ryzenn54","BR"
"SWORD","1","LT5","54176f1c-487a-4e3b-9d65-f630523d5b78","RyzennXTheFirst","BR"
"SWORD","1","LT5","e81430b8-cd57-44be-8717-0e92ab38c5ff","Sagazllk","BR"
"SWORD","1","LT5","71a9c7ae-abeb-44c1-a638-1d281a801287","Sampaioooo","BR"
"SWORD","1","LT5","8bf7c929-504b-4b20-8bf4-7d7c8238a4c2","samuelbld","BR"
"SWORD","1","LT5","09de3fe1-4ec0-40c4-bb2b-c1c338e46c3f","SarcophagusBound","BR"
"SWORD","1","LT5","4c82963b-9fe6-44a8-861d-f84b404e20a9","satisfazendo","BR"
"SWORD","1","LT5","6d6024f9-1bba-4dce-ace1-0af0c68f4861","Satoru_gostoso","BR"
"SWORD","1","LT5","bb150477-4a52-45a0-b24b-e890335e88a1","sbdias251","BR"
"SWORD","1","LT5","934c4a6f-ac84-4458-8665-5ee5bf8099b7","SecondEcHo04","BR"
"SWORD","1","LT5","35d8c6ad-4088-4459-9bd5-98791de1f69a","Sekuss","BR"
"SWORD","1","LT5","b15a1ecf-8f80-40ed-be5b-3464a0709467","SemPiedade","BR"
"SWORD","1","LT5","7eca18e8-e8fb-40ea-8ef7-4fec1982284d","Setfyah","BR"
"SWORD","1","LT5","ad9178bb-658a-49cc-8ba5-0af068bcfff4","Shaspiro","BR"
"SWORD","1","LT5","58960f1b-56ef-4030-8bb0-94cfb6d15f48","SillyRattata","BR"
"SWORD","1","LT5","b7751e76-5869-4401-9849-b6d036abce8b","SilvioTungTung","BR"
"SWORD","1","LT5","57b40750-2f8e-4504-9def-523d39fde7a1","simplifiquei","BR"
"SWORD","1","LT5","d298cfef-b4d4-4687-9eb1-6a5af5687be5","SkayXP","BR"
"SWORD","1","LT5","19f78b82-22af-4877-a209-6afec8d9ae5c","SkyzinnX","BR"
"SWORD","1","LT5","7229473a-5d94-4766-b032-a792c6a4e97f","Snoowyzx","BR"
"SWORD","1","LT5","37108676-de06-4e65-a514-9e98823f55d4","snthz","BR"
"SWORD","1","LT5","14db0b73-b092-465b-b18d-2db15d4f9848","SoyGabrielW","BR"
"SWORD","1","LT5","a5a48cd9-be42-483f-b7b2-3e2762ad457b","SrLsis","BR"
"SWORD","1","LT5","a0f375a6-c36d-4b94-bdc3-15c37f1709fe","SrnkPearz","BR"
"SWORD","1","LT5","889d265b-22ce-4a80-b01f-2487625eec88","StarHerow_","BR"
"SWORD","1","LT5","2afb04d9-a196-4874-a91e-a42c1067f17b","Sulikataa","BR"
"SWORD","1","LT5","35464d1d-9678-4af0-8b85-2a8283d51797","sunbane","BR"
"SWORD","1","LT5","68ad3480-dc5d-4f6d-a7a3-e8bfb50633ee","swatyyz","BR"
"SWORD","1","LT5","f518e026-5317-44bb-af1a-b18a5b716e9f","sweftrss","BR"
"SWORD","1","LT5","a5cc8baa-8ac7-4393-9c6b-838dbe296a09","tbronx","BR"
"SWORD","1","LT5","c33877ac-0baa-4c08-afd6-a6326ee12a0b","tearsofwin","BR"
"SWORD","1","LT5","2aca284d-7aa6-465c-8249-59bd9fba5ce9","TezalindoAURA","BR"
"SWORD","1","LT5","35909e16-5a3a-4ce1-bc5c-4ce389bff0ae","ThalesSavage","BR"
"SWORD","1","LT5","908e7c81-341f-48b6-9a69-3c94227e623f","TheNoxiousIcky","BR"
"SWORD","1","LT5","b42cdc71-6f9f-479e-bcd3-c90a2ad85339","Thigas_17","BR"
"SWORD","1","LT5","8d2977b6-367f-4eaf-8d3b-92fa41ea7dda","Thigaskjkk","BR"
"SWORD","1","LT5","7500a107-dc42-4f33-b39c-c7659812f66f","tHT1_","BR"
"SWORD","1","LT5","975ec04a-f78e-445b-b813-e33998d88bf9","Thurx__","BR"
"SWORD","1","LT5","ba41b0a0-7cc8-42da-b3e8-051401ebfb3d","Thz02","BR"
"SWORD","1","LT5","7cac5215-ba51-46e5-a397-26342824c5b6","TiltaNaoLerdo","BR"
"SWORD","1","LT5","c5674415-46d7-438e-9f3e-ed73acd63b11","Traumatizei","BR"
"SWORD","1","LT5","98d4fafb-e393-4fbb-bf19-e2760e3ba206","Tulucca1210","BR"
"SWORD","2","HT5","8cd135b2-17ed-40db-a0c3-0025c6c2e17c","LowProfile__","BR"
"SWORD","2","HT5","c1d2f0c7-676e-4a4c-8829-1fd515a0727c","lowsanity_","BR"
"SWORD","2","HT5","1a11896b-ce00-4940-bc64-ab4c69d81ef0","Loxarm","BR"
"SWORD","2","HT5","4897a15e-408a-4fdd-8bf6-7ec7fe8ea51c","Lrzynn","BR"
"SWORD","2","HT5","d27742fe-354e-41f2-acd5-184dcb045f85","LsRageX","BR"
"SWORD","2","HT5","b7f5cf48-f1ac-4bad-8167-bbb7abbfd34c","lubiel","BR"
"SWORD","2","HT5","be766861-0340-4719-a241-2ef186cdfba1","Luc0squ1_","BR"
"SWORD","2","HT5","24347201-5949-4197-b7fd-7aca577f50c8","Luc4sShad0w","BR"
"SWORD","2","HT5","081d9d61-1d7a-4b28-8da5-a03688389fdd","lucasj201","BR"
"SWORD","2","HT5","1fe30fa2-3186-4ff5-a4f6-cfed15a4bfc1","lucmuki","BR"
"SWORD","2","HT5","5d9feb25-41b5-4b0d-b3f6-cad6963ae50f","luigickt","BR"
"SWORD","2","HT5","d2df1893-f969-4dd3-95a3-122dfc383ea7","luisdoxvdss","BR"
"SWORD","2","HT5","5bb84b79-7a37-490e-861f-8f7ec71f6ca5","Luisszxz17","BR"
"SWORD","2","HT5","0dcc1625-d8cb-4da2-9763-110dedbb854e","luksz2k","BR"
"SWORD","2","HT5","1fe1f7d6-12e2-49cf-813d-d23abce20c8c","LumiAstral_","BR"
"SWORD","2","HT5","b5b6d800-b6c1-487d-971c-cdc018964702","LunnyZxzz_","BR"
"SWORD","2","HT5","3c9f45a4-602f-4442-b03c-7fcd11169de1","luvkyraz","BR"
"SWORD","2","HT5","f506b6e4-ef86-467c-9dc4-4830e1a2906c","Lynvax","BR"
"SWORD","2","HT5","d05f84e6-52d6-475a-8402-6a0263ecd3f9","Makarta","BR"
"SWORD","2","HT5","a7cfbca6-8a24-434d-a526-75cbc714f181","makeyoufeel","BR"
"SWORD","2","HT5","1a917f7f-3550-4586-ae46-76d757a2ceea","MalvinD3fault","BR"
"SWORD","2","HT5","5c6f3a98-41ec-4bb6-b895-d94712c9f69e","Malw4_","BR"
"SWORD","2","HT5","115721e1-d962-43c6-869f-8832cf2d3d8a","ManePapaya","BR"
"SWORD","2","HT5","ebcebf90-cd7d-453e-a399-a8a4b94244c3","Maomao437","BR"
"SWORD","2","HT5","4f26026d-e5ef-46c3-8b3b-92492f64e7e6","MarinTrs","BR"
"SWORD","2","HT5","df8e2e73-479f-4116-8470-96ded483fd04","Matheus_Knup","BR"
"SWORD","2","HT5","1d138c9a-512d-4b7e-b6b7-34bb35c35e93","maturado","BR"
"SWORD","2","HT5","05c8928f-46ad-48b8-9dcf-6512f638c768","Mauteodor","BR"
"SWORD","2","HT5","959d4b09-2232-4886-802a-d1ba07d69cff","maxxincfield","BR"
"SWORD","2","HT5","e55af995-5c19-4b45-b6a2-b5a57da39b56","McDonaldzX","BR"
"SWORD","2","HT5","4145f419-9537-45f7-90d1-50109995c563","MegaHzOFC","BR"
"SWORD","2","HT5","c08d9755-6f81-478a-a514-193539da8b49","Melequinhazz","BR"
"SWORD","2","HT5","6a81a206-1810-49b5-b679-282a87bdc3ca","Meme_Frances","BR"
"SWORD","2","HT5","4e9666e0-6f53-43a7-a7fb-c41d5720038d","MenoFod4_","BR"
"SWORD","2","HT5","fa69e59a-ee6f-408f-aa93-87e40fe948e8","Meowryl","BR"
"SWORD","2","HT5","dffec5e4-e1e9-4eb9-80bf-c06e3ffe94e3","Mestre_Casca","AR"
"SWORD","2","HT5","23c6c464-7629-45ae-a9ad-f96f1b2d342a","Mextro_","BR"
"SWORD","2","HT5","dc15c1ab-0038-4a50-80df-ca9e3baf79ad","mickael7z","BR"
"SWORD","2","HT5","4771a26a-1e0c-410e-ad69-363466a34730","Migrado","BR"
"SWORD","2","HT5","2a5323e5-2707-403d-a2a1-14bc5089ce84","migss11","BR"
"SWORD","2","HT5","d5f8e083-6a10-4c38-ad3f-e1373da89b06","MilanesaCabra","CL"
"SWORD","2","HT5","f03767de-4753-4cd4-87b7-c1128376278c","mmpl4y","BR"
"SWORD","2","HT5","da29fb33-5efd-4109-b0d9-2b24b38cf40a","mntxyy","BR"
"SWORD","2","HT5","be72a471-9135-4f84-9928-2fad4edff167","mo0gcity2","BR"
"SWORD","2","HT5","c3162f74-8816-4ad9-ac9a-6e060bb73dff","ModelD","BR"
"SWORD","2","HT5","4b380d58-767c-4478-8899-463b096d5275","mokotohaze1","BR"
"SWORD","2","HT5","babf1b4b-f93e-40d9-ab21-68b62fa1c2ac","MOON_LOL","BR"
"SWORD","2","HT5","93a41ece-3b83-48f5-8be4-b154a5a4bc48","MoonS2_","BR"
"SWORD","2","HT5","e4eedb8b-ddda-4bd9-9a17-dfa4a234946c","Mr_LiMAN","BR"
"SWORD","2","HT5","da1afb52-149e-473f-a28e-f185f42f47a3","MrPigzrw","BR"
"SWORD","2","HT5","44e20b31-7985-431a-940f-e6b4bca7a296","mszx23","BR"
"SWORD","2","HT5","be6598df-e5e0-4258-8e63-a5382323cac9","MVP_Gojo","BR"
"SWORD","2","HT5","5a4356f1-25e5-4e01-8d9a-eb01e92a2271","MyPLzinn","BR"
"SWORD","2","HT5","a3123379-371a-4d19-8443-4dbd254d370a","Myrezx","BR"
"SWORD","2","HT5","2348d4bc-4742-4ebf-8340-b434d2a5d653","MysticHT1","BR"
"SWORD","2","HT5","ccacf5b7-21b6-4866-9818-3d2d419b3f4d","mYSTICKGXZ","BR"
"SWORD","2","HT5","dfa79637-fc67-4297-8a9f-ec7e7b3fe59c","NaoDropa","BR"
"SWORD","2","HT5","2956474b-c280-4f0c-aae9-b82c502a520f","Natsulking","BR"
"SWORD","2","HT5","6c3db5d2-fa0c-463d-b0cc-f2580689e1b4","NaturalTungTung","BR"
"SWORD","2","HT5","0bd73dc4-3c29-4bfb-b313-4160ffc8c6c3","NBAprision7625","BR"
"SWORD","2","HT5","a8c06b77-4dba-4d0d-941d-7a36413cee4c","Neutralizei","BR"
"SWORD","2","HT5","52e6b87b-bc32-4515-b98b-dd4e99818cff","NeVetin","BR"
"SWORD","2","HT5","910dcabd-69e5-4bdb-a79e-4c45fded6ef5","NewCrowned","BR"
"SWORD","2","HT5","700ab27f-7a35-44b2-b9d0-ccd61ba78590","NewRyzen","BR"
"SWORD","2","HT5","40e57397-825e-42e9-8501-7c0cc36280d6","nicizzi","BR"
"SWORD","2","HT5","5bf71520-4c18-47e0-b335-3d40042f4da9","night_rs","BR"
"SWORD","2","HT5","b551e674-1948-44c1-9164-8ec46e91f3ee","nirvum","BR"
"SWORD","2","HT5","ae1ef6df-3f00-4657-8c78-96eff2c7aa00","nnikz","BR"
"SWORD","2","HT5","68e44af0-3e5e-46ed-be01-6d3cadf4caa5","nobruapelao100","BR"
"SWORD","2","HT5","c558ec22-e012-4c4a-9ccd-50f508abd184","NogonzZ","BR"
"SWORD","2","HT5","8c49cc05-fa58-42d8-82ec-5223afbcf5f8","NotRealSukii","BR"
"SWORD","2","HT5","215bac86-edbe-4b26-9fd5-a9fc1bcc5a1e","Nxrvo","CL"
"SWORD","2","HT5","f7fa765a-daba-44cb-a563-7aebbd616a50","Nyxeel_","BR"
"SWORD","2","HT5","4a4aff7b-11f6-472f-ba85-715cbdbb7756","NzIsky","BR"
"SWORD","2","HT5","62955b38-e37b-4dc7-a323-cc92fe666f38","o_real","BR"
"SWORD","2","HT5","563d8af0-a19c-4496-ada2-b0874f770919","oalberti","BR"
"SWORD","2","HT5","4beef26b-b856-422a-bf9e-0908fdd4799b","oazv","BR"
"SWORD","2","HT5","ed5590f7-c586-4b46-a6a8-2ec05dab2fd2","oByterr","BR"
"SWORD","2","HT5","009fbb1e-7640-4ec2-b72b-ce5b485655c6","Obyx__","BR"
"SWORD","2","HT5","651b0435-8eb6-4367-9629-303d55964c14","OCarniceiro","BR"
"SWORD","2","HT5","ae151032-45cb-45ff-bf41-5867239eff43","offhatesarroba","BR"
"SWORD","2","HT5","fcf20425-5858-48ba-90b3-5431862d27fc","OFNXGabriel","BR"
"SWORD","2","HT5","0d7f8c24-5f9b-4377-8de9-93ab814fe3d2","oGaber","BR"
"SWORD","2","HT5","fe7337f2-8b68-41e2-bc11-eafaa53d3a89","oHighs","BR"
"SWORD","2","HT5","070e41ee-815c-4e88-8567-b194e60ba404","Okay4ma_","BR"
"SWORD","2","HT5","3c8ac1d1-d0b8-4233-a3b2-f920a8610d31","OneFer","BR"
"SWORD","2","HT5","51182476-e686-498d-b5d7-9d7c1e8d92d7","onlyLarpp","BR"
"SWORD","2","HT5","d904348e-ea89-44b8-b42d-81448995673b","OnlywGod","BR"
"SWORD","2","HT5","5327db80-7936-4e91-8d74-eddbaf36e2b7","Or13biR","BR"
"SWORD","2","HT5","d4aa4398-478e-4f5b-9a0c-b2193ddf180a","oRevokz","BR"
"SWORD","2","HT5","be53ac11-15ab-4e41-9488-b843f3bda313","osleppy","BR"
"SWORD","2","HT5","bd2f5084-b95d-4418-908b-ca42addbc1a9","outl","BR"
"SWORD","2","HT5","d295517a-bd47-4a4a-be44-4d3591675f4e","ovorecheado","BR"
"SWORD","2","HT5","a8192ebe-4399-4d7b-aa73-10629aced47e","Ozyrl","BR"
"SWORD","2","HT5","7690205f-6a7b-4cb5-9474-3ec1acac7032","P3terbot_","BR"
"SWORD","2","HT5","3571e9a5-f421-485c-a5bb-e57698635eb7","Palavras67","BR"
"SWORD","2","HT5","290f30b0-ecb8-43e3-bd99-8b16377cdb67","Patman__","BR"
"SWORD","2","HT5","9e12c831-7d52-424b-a995-b923dc543363","pawlifiy","BR"
"SWORD","2","HT5","e90377aa-1bcd-4913-929b-74b5c6744599","PazCombed_","BR"
"SWORD","2","HT5","1ff87667-c195-45bb-b091-38b3adb8f2e9","PDR_lol","BR"
"SWORD","2","HT5","8d3d9082-8593-4489-9653-f094d9756fe2","Pebel_","BR"
"SWORD","2","HT5","c7762386-57a2-4363-b28a-f227096d63ac","Pecolas208","BR"
"SWORD","2","HT5","32222e54-2981-4773-9a90-0a05c122d150","Pedro_ABC","BR"
"SWORD","2","HT5","d7fa9e9b-bee6-4d21-b526-e09b6d313e47","Pedro_xl15","BR"
"SWORD","2","HT5","c2fb74d1-b000-4a8e-972c-d4e196c967da","Pedro13ajk_FR32","BR"
"SWORD","2","HT5","d5312d13-a0de-44ed-8ee6-32ac6170709a","pedroapela","BR"
"SWORD","2","HT5","9e7abcbb-fb18-4826-a653-2be2b36b65a7","pedrofaz","BR"
"SWORD","2","HT5","de315108-90e5-4cda-bb62-b3abe6e76771","PedroSlayer","BR"
"SWORD","2","HT5","82b279c4-6c69-4f14-892f-6d3333b0d2ad","Pesuke_Ofc","BR"
"SWORD","2","HT5","ccc0fb7e-190f-4ba8-97ee-e2f82cba6b97","Phanntoms","BR"
"SWORD","2","HT5","c565eb7e-ff38-48bb-b2f0-3124c76baa76","PietroZ3MO","BR"
"SWORD","2","HT5","3a715a73-bf35-439e-bda3-e8d208724f13","PinguimAfricano1","BR"
"SWORD","2","HT5","187732bc-8215-4189-bfbf-5a4d01342ad7","PintoMC","BR"
"SWORD","2","HT5","bafadee9-2851-463f-adde-7408a60fa6a6","pinzaak","BR"
"SWORD","2","HT5","6eb1bde7-0b63-48ca-86b4-f7140bce3cb7","Piripaque","BR"
"SWORD","2","HT5","95bc0dd6-d112-485b-91fd-e18a5b65de7a","pl5w","BR"
"SWORD","2","HT5","8c0cc44c-9245-4b2b-8b54-a92a1e833e6e","Planed000","BR"
"SWORD","2","HT5","e50c92ca-6596-4cad-9141-852d44b371a2","Plexoss","BR"
"SWORD","2","HT5","93e3db48-f1a5-466c-b092-d95b6b99cc54","Plufy0","BR"
"SWORD","2","HT5","4f7ec5b5-92c3-45c3-acbc-9c153a32dd90","PMScosta","BR"
"SWORD","2","HT5","d676f1bc-9668-49f3-af30-74761ffdcdb1","poisoneye_wow","BR"
"SWORD","2","HT5","522b8317-ad4f-499d-8f31-bacf62176bf0","polaroidd","BR"
"SWORD","2","HT5","2a3abaa9-8f01-4fca-83d8-86e253f920ea","potentialmon","BR"
"SWORD","2","HT5","98108c05-822f-429c-829b-de67b7ff204a","Pottaatto","BR"
"SWORD","2","HT5","10bff3c8-5427-4335-bc0b-f5c215b25aab","Prekinho","BR"
"SWORD","2","HT5","2cbdce02-6dfd-4b96-a605-9d67ef2ce40c","PrimeDragonBr","BR"
"SWORD","2","HT5","51c334fc-7a6a-42b0-8b9f-5d4bf5736078","Primextz_Ruby","BR"
"SWORD","2","HT5","0c6f4322-0c1c-44de-ba86-a118f752c5e3","pruss01","BR"
"SWORD","2","HT5","904ff3d1-307f-46e3-b3c2-698463189c31","PyromaniacVV","BR"
"SWORD","2","HT5","b3b7e197-0553-48dc-b336-4bb968295334","qcgp","BR"
"SWORD","2","HT5","b5d2cb20-ce27-46b2-a6a9-f02d908c7f5d","queirozkkk","BR"
"SWORD","2","HT5","415880bd-88e4-476c-a190-9979f0c95bac","QueroCafeDisGraC","BR"
"SWORD","2","HT5","48176d0d-0062-4b22-be4c-194ee441f581","qzwk","BR"
"SWORD","2","HT5","b061d5cd-43fc-4277-bb27-21dd2518dcbc","R4toAmasado","BR"
"SWORD","2","HT5","33d94450-3a8e-4acc-bed2-2daf452ac68c","Rafaellc","BR"
"SWORD","2","HT5","1a6a6a19-c4de-450c-8880-8692402ff2de","rafawalli","BR"
"SWORD","2","HT5","f01c7273-df07-435b-b44f-b28c7e332f6e","ramonnZz","BR"
"SWORD","2","HT5","be60e272-9f69-4477-93d7-1f2ab8739182","RazeWyn","BR"
"SWORD","2","HT5","8b23ccdf-18a6-4af2-ab8e-108c94273fb1","Recusarei","BR"
"SWORD","2","HT5","86883f47-f06d-4542-85b3-0a89c842c19b","RedNarutin","BR"
"SWORD","2","HT5","e9622375-bf5d-4b5e-8c25-40b78af374cb","reduzirr","BR"
"SWORD","2","HT5","bb329f9b-5a79-4bf0-8a6d-055fd4a32f61","REDzlzz","BR"
"SWORD","2","HT5","579599e7-29bf-4748-8060-c94f22dacffc","refazendo","BR"
"SWORD","2","HT5","82404170-6c71-4fa7-b9b4-fb0a9a3f80a6","Relogar","BR"
"SWORD","2","HT5","3c754b02-fac0-489e-ad85-da4685d42bf9","RetiredKing","BR"
"SWORD","2","HT5","caecbff6-82aa-455e-87e6-20e9385b93fb","RICARDAO2008","BR"
"SWORD","2","HT5","dfcf543d-3dc1-4f2b-8635-7ad43b09453e","Richarlyson","BR"
"SWORD","2","HT5","f7ba07b5-a222-41c7-9ee4-e8844b036f7e","risokxzzzzzz","BR"
"SWORD","2","HT5","e9263331-6106-436c-a49c-be1e3ee50662","rnsinistro","BR"
"SWORD","2","HT5","1865773f-b98b-47ac-8f72-aec1882d8a08","RobsonDaSilvaSan","BR"
"SWORD","2","HT5","557ebc44-375f-4430-9d51-0b8a0036bf10","Ropeddd","BR"
"SWORD","2","HT5","ff70e43f-6869-44df-aded-d797b350580c","ruan21l1","BR"
"SWORD","2","HT5","d24a49e4-b1a4-4e0b-ab26-e065275ad263","RunOrDie999","BR"
"SWORD","2","HT5","9c18d855-fd47-43b5-b13e-99d81c9005c7","S6yz","BR"
"SWORD","2","HT5","1b07523f-93d4-4576-9361-f0adb03ce683","Sadwkkj","BR"
"SWORD","2","HT5","7ab987df-ed18-41de-ad0f-8c0a6214a26e","SamirTheSlayer","BR"
"SWORD","2","HT5","2182f6db-1507-4469-af4a-ef472e5ec638","samucaXdaXtijuca","BR"
"SWORD","2","HT5","a3b679ba-75f4-4375-8e67-5a9b1b450b2b","SaniGoat","BR"
"SWORD","2","HT5","ba7ad7c7-2684-427f-9f57-8e30a0c19017","sanorar","BR"
"SWORD","2","HT5","69ae4126-57fd-4ba8-9ba3-1ef60e9edb5c","SanttosBLATANT","BR"
"SWORD","2","HT5","d83505e6-a047-4397-879e-a6fabb05d294","Santtzxx","BR"
"SWORD","2","HT5","8936e964-6897-4a27-9592-654e1574615c","SatlaMocha","BR"
"SWORD","2","HT5","67d95c2b-02e3-4b0a-b4cc-7196a4bda980","saulyn","BR"
"SWORD","2","HT5","56de9f48-0f11-4ae1-a1de-2935af88824a","Saymmdc","BR"
"SWORD","2","HT5","cb78eacc-8534-48a9-96a7-74f0df133070","SCARY311","BR"
"SWORD","2","HT5","e7db91a3-fafa-48d2-9889-c09a64d988da","security9","BR"
"SWORD","2","HT5","b0c48f09-5fae-45ce-9420-19da1f78c9f0","seika0w","BR"
"SWORD","2","HT5","491550d7-4ff3-4630-9894-4c50f667f112","SenhorAura","BR"
"SWORD","2","HT5","b3ad7dc7-8b41-46ea-8486-d160f5a93aef","Seppingg","BR"
"SWORD","2","HT5","006e9225-6418-48fe-b066-4e0942814f5c","SHAA92AARK","BR"
"SWORD","2","HT5","8b8e39f1-4f24-43dd-998f-5bd47cd38c8a","ShadowF11","BR"
"SWORD","2","HT5","05d59779-6fda-4c8f-a586-20078e216741","SilverKhan","BR"
"SWORD","2","HT5","540abe01-b443-4c60-852a-842298bb7b28","Sir_Enn0xx","BR"
"SWORD","2","HT5","b84d7ba1-ad94-4521-a0d8-54cfa43b40e3","SliyxOFC","BR"
"SWORD","2","HT5","924c9b2c-4eff-4db1-b24b-28f83a11d40a","SlownessWy","BR"
"SWORD","2","HT5","31171397-9974-43cb-a324-dc4b69165d29","snipergremista","BR"
"SWORD","2","HT5","e08d0906-29e9-4b48-9cb2-1beedc9af8cf","SnokoWOW","BR"
"SWORD","2","HT5","e7f28076-d33f-48b9-b67e-57910aef6589","sobrecargaLarp","BR"
"SWORD","2","HT5","a3536127-ca1b-4a0a-ae44-e6872a9840fd","SOMBR1O_","BR"
"SWORD","2","HT5","ab11191d-df0b-4412-92e2-93b9de85ac4a","Sonecazxxx","BR"
"SWORD","2","HT5","ee703636-0b26-4e81-8eb4-a30f0902d587","Sophlol_","BR"
"SWORD","2","HT5","bf2b3567-2460-485c-979d-1965b25823db","sorayaxoxo","BR"
"SWORD","2","HT5","c25cfc14-df93-4fb3-975a-ed92bafa9f09","sorrcwfull_","BR"
"SWORD","2","HT5","9e1639dc-6614-4d1c-95e8-4b42baece50e","soulindokkjk","BR"
"SWORD","2","HT5","7c693492-2e83-4889-9dc9-e07dba177c3f","Spectrakan","BR"
"SWORD","2","HT5","2fabe35e-9b9e-4c5f-8b5b-af2da706c2ca","Sprit_br","BR"
"SWORD","2","HT5","197d46b0-f3f5-4f4c-af01-64e795ee763a","Spyzx_","BR"
"SWORD","2","HT5","cdd7576c-1e03-4ff7-9640-c83e482a17fd","SrChapeuHa","BR"
"SWORD","2","HT5","4eb06f7a-7970-41eb-87bd-47c9f1c4340e","SrCientist","BR"
"SWORD","2","HT5","a9867c55-0881-457e-94f4-932531388295","SrLordM","BR"
"SWORD","2","HT5","dd885dda-2ecc-4b40-aa60-70c9b9e18e06","SrMigu26","BR"
"SWORD","2","HT5","5ef75751-91a7-459a-a164-e630a9957fe6","superfot","BR"
"SWORD","2","HT5","2e1a449d-fe1a-462a-aa72-83cbda50805d","Sureyaa","BR"
"SWORD","2","HT5","cc4da6fc-2650-4842-a618-1d08c965efea","sxzwyyy","BR"
"SWORD","2","HT5","836028c5-44ee-4975-a197-a64c224424fa","sznj","BR"
"SWORD","2","HT5","d237abe3-592a-4f0e-8921-ba8938d8f57b","takeyroXD","BR"
"SWORD","2","HT5","d98b667a-e677-4acc-8597-9de9fae12652","TargetTheAya","BR"
"SWORD","2","HT5","4b653aaf-b73e-47ab-93f3-5d285847880f","themainhunter","BR"
"SWORD","2","HT5","c44689e7-3671-4b96-974f-cc52c7ed55de","theprague","BR"
"SWORD","2","HT5","8bb33725-c7a8-4559-846d-34ba7282d7d5","theuzbw_","BR"
"SWORD","2","HT5","e0b4f33e-3650-4988-a608-dd111cef68c6","thzinnlimax","BR"
"SWORD","2","HT5","fbd78e89-6b61-4897-add9-5a18019223e9","tomatebom","BR"
"SWORD","2","HT5","d8a707ae-f234-496f-b9df-897344d95342","Tomyyyy_","BR"
"SWORD","2","HT5","9aa66a68-0fe5-47c1-a332-032f377ab758","ToonBr_","BR"
"SWORD","2","HT5","1ca81588-d529-420d-a355-77db721baefd","toostys","BR"
"SWORD","2","HT5","c8e957eb-b016-4fd2-8587-3f379d1cd814","TortuguitaW","BR"
"SWORD","2","HT5","dc0f7b55-21d5-4c26-8dbb-49e536b0cfa6","tr4madol","CO"
"SWORD","2","HT5","fc413479-a8fc-40c1-929e-2efa6ceb7ce1","TungTungShingyxs","BR"
"SWORD","2","HT5","a61f5fc2-9b48-4bea-9855-adb3f71e0790","TUTUAM18","BR"
"SWORD","2","HT5","78baac0d-81b0-41b3-a896-5c0e77ae0f18","TutuHartz","BR"
"SWORD","2","HT5","a2db242d-5768-489d-a0ba-69bfe42bfed6","Tutupons","BR"
"SWORD","2","HT5","a1618cf2-76a9-4c44-be0b-ebd22cb255cb","tutuzin7k","BR"
"SWORD","2","HT5","649d4c08-30f0-4ff5-9e4b-d155cc1f9745","Ugomes01","BR"
"SWORD","2","HT5","a02e0839-48aa-4eab-b49d-cec32f800e00","uJoscaEGO","BR"
"SWORD","2","HT5","42f65b7c-e53b-4b9a-b99a-df857f13de78","uksp","BR"
"SWORD","2","HT5","479644ad-edf6-43cf-8c39-cf0b4e876f44","um_perdedor","BR"
"SWORD","2","HT5","235d45e9-6022-4a57-aa11-7e89eb783f00","uniaosovietica","BR"
"SWORD","2","HT5","3720da2d-b625-46cc-bd32-c34cecabef3b","uqpg","BR"
"SWORD","2","HT5","63246ffd-81a5-46f1-8ea2-9497d9601db2","uUmbraX_","BR"
"SWORD","2","HT5","a32ee827-c918-42cf-b532-a1e11fe8c8fc","Vampxr8_","BR"
"SWORD","2","HT5","387d3990-c0ca-43c9-a544-0796cc7a258d","vampzin__","BR"
"SWORD","2","HT5","584bb20c-ef81-4402-ac82-c4d94a21a13d","veiga2675_k","BR"
"SWORD","2","HT5","215fa21e-df1e-4594-bc42-a104b0e0d53d","veighass","BR"
"SWORD","2","HT5","a4840f7e-7d9b-450d-84f8-2e800f25cad6","vicaburos","BR"
"SWORD","2","HT5","c73c3df9-d0e0-4a93-846b-8f6d3b0d9d0d","vidigas1980","BR"
"SWORD","2","HT5","346a8590-1a50-408a-99e1-c5484615ea2a","vinicius09","BR"
"SWORD","2","HT5","0fb31679-ffcb-4aa3-b942-7c8a0945b945","ViniciusRanger","BR"
"SWORD","2","HT5","059b6b95-1fd7-44fb-bd8c-34dd77a531a2","vinisans_8","BR"
"SWORD","2","HT5","e7ee16db-1a22-4bef-a5bb-27f2b7162d00","VitchTobi","BR"
"SWORD","2","HT5","14349cad-5f83-46ab-9050-64fbac0dd841","vitor_miguel","BR"
"SWORD","2","HT5","0b076bff-1792-40b3-9d17-dd82a8b69b91","VoidexTheGoat","BR"
"SWORD","2","HT5","a0c8f2a9-e072-46c7-a3f7-830975474aa5","volcqnn","AR"
"SWORD","2","HT5","3890aaf4-57d1-48b5-bb43-24d35d5f0543","Vort3xxxYT","BR"
"SWORD","2","HT5","6191c661-772c-4390-88ec-0abaf0113619","VqzxcIsback","BR"
"SWORD","2","HT5","612ea2a2-6748-40a3-93aa-c2290d172cb6","vrzcq","BR"
"SWORD","2","HT5","aecc24a2-f40b-41c4-b46b-775e64ae33a3","Vzooy","BR"
"SWORD","2","HT5","fbadffbe-de9e-477e-aebb-80a301277f18","walmart_x","AR"
"SWORD","2","HT5","6878a647-35d1-4fcf-9f1a-5f57437eec32","Wellinton_","BR"
"SWORD","2","HT5","c84212ce-2a4e-40fd-b446-bcbbfa369186","WemmbuReverso","BR"
"SWORD","2","HT5","53321fb3-f204-4f95-9f2e-ed60f6510845","WeqNiko","BR"
"SWORD","2","HT5","b6db2358-94ff-4e45-9461-23d37d46d3c2","wh1t3zzx","BR"
"SWORD","2","HT5","3c498a02-9eed-4d0a-bd9a-5c75dcebcfcd","Whatmig","BR"
"SWORD","2","HT5","dde0a1af-8399-4936-937a-eaa7d55db725","WhoIsRoselle","AR"
"SWORD","2","HT5","8c9528a3-91e8-448c-8ef0-f198af91488d","WholsMe_","CL"
"SWORD","2","HT5","9d525ea1-5e2f-45c1-96cc-52aac2bd159e","whzV","BR"
"SWORD","2","HT5","bb44679b-8ea5-4947-a589-10ff997db943","WilhellIm","BR"
"SWORD","2","HT5","6f742e1f-356c-41d9-bbf7-ec355afa7eb4","WillieDesu","BR"
"SWORD","2","HT5","aed472e7-8eaf-408a-80ac-79cda2b75974","Wizzard1z","BR"
"SWORD","2","HT5","8e3a3d97-e1b0-459b-8e91-fabbd858703e","Wmamestre","BR"
"SWORD","2","HT5","b53d045c-1ae2-456d-a2a7-8f911d7e31af","wWe3","BR"
"SWORD","2","HT5","89059243-5314-451d-8e1c-0703b0aa77ac","x2bt","BR"
"SWORD","2","HT5","32f774b8-8719-4e11-b3b3-aa986b035a3c","XbtNaSub12","BR"
"SWORD","2","HT5","ea15373c-6850-4358-9c2b-406bc509133f","xCarlosBR","BR"
"SWORD","2","HT5","2c674b4c-5c9d-4530-bdac-9d32aa9e24f5","Xdeathshard","BR"
"SWORD","2","HT5","78e53332-2317-4cce-934f-92945c8db23b","xrrs_","BR"
"SWORD","2","HT5","8ff90052-2db6-4f1e-b2d5-928837c5e508","xTarnox","BR"
"SWORD","2","HT5","f19e6b7a-408f-4402-96a3-1385227451d6","Xustsss","BR"
"SWORD","2","HT5","2222fa68-54bd-4ebb-b582-d1307c3ef75c","xvk_aura","BR"
"SWORD","2","HT5","a97fb1f4-28fe-4efb-bf83-cbdcd0bc8d8c","yake1","BR"
"SWORD","2","HT5","ddd3a257-5652-42a2-9b3f-68e50902981f","YannUai","BR"
"SWORD","2","HT5","2d841832-66a9-48f6-988b-665e0f6f73dd","yarake_bw","BR"
"SWORD","2","HT5","64d41c74-e8b5-4ad3-8077-4dddc0f4544d","ybrwno","BR"
"SWORD","2","HT5","fb6afa51-3dce-4640-855f-2b7fff559c7f","yCaio7","BR"
"SWORD","2","HT5","3b2e220b-d1e2-4b55-9ab6-0e4abc5f3c97","yDragonXD","BR"
"SWORD","2","HT5","2a6505ba-bc1d-4885-9845-dfd82c91d521","YeFloyd","BR"
"SWORD","2","HT5","18b9245d-e733-435f-81e4-c6532101181a","Yiakg","BR"
"SWORD","2","HT5","92ad8fc4-af0c-4819-b24f-0e108e166951","yN_nqBR","BR"
"SWORD","2","HT5","381f730c-7e7e-4077-a2ce-d7dda83d7599","yoKittyKrow","BR"
"SWORD","2","HT5","b6ebda2f-c8a2-4a2f-a972-29a218894797","yolt1","BR"
"SWORD","2","HT5","d3e35709-7f32-4eb8-8012-96f15ed13ea9","YoungNeww","BR"
"SWORD","2","HT5","77dad1a0-387a-4819-816e-7fb161033025","yStrykzz","BR"
"SWORD","2","HT5","413cf7a7-6dfc-4526-91c1-c378a5033928","yukujuma","BR"
"SWORD","2","HT5","10c89cea-a933-4c4a-a1bb-c9a09bd321b7","yum3zz","BR"
"SWORD","2","HT5","4d32fa24-7ff9-40df-8cba-b0b989ceb698","yumitssu","BR"
"SWORD","2","HT5","80699eb1-d616-42ba-9e47-55e4560371b5","YunoSyncX","BR"
"SWORD","2","HT5","5dfec789-50ff-4667-950b-5ebbcc0fbe98","yZeca_morgan","BR"
"SWORD","2","HT5","6a69c35b-0478-4f09-b291-6ba1fd729a82","yzxskyy_","BR"
"SWORD","2","HT5","975a6bd0-a911-47c8-aa77-186e3312bdb8","Z_________A","BR"
"SWORD","2","HT5","4eda09cb-3056-44cf-a455-7d55f16f70be","Zackszx16","BR"
"SWORD","2","HT5","dd6e0951-70b2-46e7-aa16-37bba50a4c54","Zagryn_Ofc","BR"
"SWORD","2","HT5","0592d879-86de-487f-aa32-bb9414bcc061","Zenaxxzh","BR"
"SWORD","2","HT5","d0d238a5-8e7c-4f89-968f-73c986ca6bcf","zexsz","BR"
"SWORD","2","HT5","8bceccb3-75b0-43ff-a1db-0d20c2e03657","zKowa","BR"
"SWORD","2","HT5","62f29235-1d5f-405f-88ed-c58accb880f6","zNuvem7","BR"
"SWORD","2","HT5","be7c4b9f-67ee-48eb-b5ca-adde84ceaace","zpzx7","BR"
"SWORD","2","HT5","cc7e1c75-19fb-4db2-970b-62598edb0ec6","zSale","BR"
"SWORD","2","HT5","7c63f06e-c5a5-4ebb-9ff2-b586e4c67af6","zynx05","BR"
"SWORD","1","LT5","2598aedf-2fbb-42dd-970a-925f4a7ba4a6","tutuzinn6","BR"
"SWORD","1","LT5","87e3c995-1dd7-42c3-937b-e5f4beeb32e6","uDant","BR"
"SWORD","1","LT5","eeaba7b0-c503-4b22-8b75-a70c31781323","ULTRASHIN122_PC","BR"
"SWORD","1","LT5","86259cdd-c862-4e53-8c27-ff17dccac8d9","uPeppo","BR"
"SWORD","1","LT5","08f7bc6a-a020-46ae-bd02-d894023a9c53","urxv","BR"
"SWORD","1","LT5","64164207-4a3f-486d-a8f4-7491e5501436","V0idZadas","BR"
"SWORD","1","LT5","3da191da-d1f5-4847-b980-f2873eb714bc","V10rei","BR"
"SWORD","1","LT5","82712c06-3984-4942-806a-80e998c6deda","vastnzk013","BR"
"SWORD","1","LT5","7bb71917-3d2f-4022-a9e4-bf302e5637fc","Vibezito2ponto0","BR"
"SWORD","1","LT5","c727a90a-266c-4ff1-a85d-159126fa55cd","virthuosa","BR"
"SWORD","1","LT5","2dafd292-445f-49f2-b2c0-a3ab00aab496","Vokezikkj","BR"
"SWORD","1","LT5","bece85ba-ba9f-46d6-a562-512ea6b66ff9","Vzinnnx7","BR"
"SWORD","1","LT5","fdb0ae73-9c0c-4c42-b010-ac97fb8305ab","WAlFUENJOYER","BR"
"SWORD","1","LT5","41146b71-f611-4bf9-b1af-eaa9ce077fc4","watherfall","BR"
"SWORD","1","LT5","cd38792a-2298-457d-a962-f620fbb1a980","wGrabert","BR"
"SWORD","1","LT5","ffe9914f-0b55-4ae3-8223-1b60fe779f9b","White_Deathh","BR"
"SWORD","1","LT5","1d71997f-0b65-4a6c-8e8e-eba545b0f5c1","wMaluh","BR"
"SWORD","1","LT5","e2d3fa1d-c9c0-4c1c-b1d9-b166beac1f48","wwewweeee","BR"
"SWORD","1","LT5","aa2fab48-63fe-4c32-b8d1-7c67fdb25e1b","wzyh","BR"
"SWORD","1","LT5","f0e7ed1e-7f5d-46a4-b1b2-3dc103312076","XENO_BW","BR"
"SWORD","1","LT5","b84a7df6-e014-4fd1-acf9-0978741f9d1e","XitteyPvP","BR"
"SWORD","1","LT5","4774f14a-e50b-4a20-adc6-eece9584bb86","xKamicase","BR"
"SWORD","1","LT5","87d3c669-8b78-4d93-a17e-78fd3c300afd","xumpe","BR"
"SWORD","1","LT5","e75a375a-5bf9-4613-8162-2dad88f83eb2","yatagarasuqqq","BR"
"SWORD","1","LT5","38e43e65-260d-4dda-b9d3-58f6cdf9476a","ykkyuki","BR"
"SWORD","1","LT5","91e74c93-db9c-4477-8251-2b0d4660e759","ym4xz","BR"
"SWORD","1","LT5","1001b889-8bab-4b18-9c9c-539cfaa9b5b6","yRlzinBr_","BR"
"SWORD","1","LT5","c8a28966-7c42-4abc-8c78-2b259ff98e80","yugioh_M","BR"
"SWORD","1","LT5","1368d8d0-4ad3-4f46-baed-63fab3ca3f12","yuriludmillo","BR"
"SWORD","1","LT5","f2d37a9f-280c-4011-a101-e0a64900259e","yuzzy67","BR"
"SWORD","1","LT5","c841f5e9-714d-4100-ab8c-488d74ba5f4a","ZaChrys7","BR"
"SWORD","1","LT5","4abc04bd-13c4-437a-aa1e-6e10445b4238","zBroke_","BR"
"SWORD","1","LT5","ddb817d8-9a38-4f29-8d5b-6286306ac8d2","ZbunnyIsPrime","BR"
"SWORD","1","LT5","ccdc1777-83ff-49c8-8239-44788c6c4447","zCrystalHex","BR"
"SWORD","1","LT5","2c19c2d3-ffed-4908-830d-7b97adad7d23","zD4rkIsPrime","BR"
"SWORD","1","LT5","3de49d0d-c90c-485c-b825-c028b525684a","Zeans_","BR"
"SWORD","1","LT5","12fb856c-32a7-4d06-8032-8d201f2232ca","zenyum3D","BR"
"SWORD","1","LT5","2133f480-0400-4904-9e7a-a5f5a537045e","zilightBrXz","BR"
"SWORD","1","LT5","9c5fb5ca-898c-4396-ad41-fe861ccfddf8","zozocaRizz","BR"
"SWORD","1","LT5","91b212b9-12be-4d29-a1ba-e4c83e698b1c","zPholl","BR"
"SWORD","1","LT5","71921135-2524-41c0-91f7-0acd280c07f8","zR4malho","BR"